date,dow,dow_num,day_class,is_weekend,week_of_year,month,month_name,day_of_month,day_of_year,quarter,year,season_tag,us_holiday,us_holiday_kind,is_holiday,eve_of_holiday,day_after_holiday,long_weekend,bridge_day,holiday_anchor,holiday_offset,days_to_next_us_holiday,next_us_holiday,days_since_prev_us_holiday,prev_us_holiday,overlays,event_windows,epcot_festival,us_school_break,us_regions_off,presidents_week,uk_school_holiday,brazil_school_holiday,special_note,override_note,source,generated_at
2022-01-01,Sat,5,SAT,1,52,1,Jan,1,1,1,2022,NYE,New Year's Day,federal,1,0,1,0,0,NEW_YEAR,0,16,Martin Luther King Jr. Day,7,Christmas Day,HOLIDAY_SEASON,UOR_HOLIDAY,,WINTER,"NE,SOUTH,MIDWEST,WEST,FL",0,CHRISTMAS,SUMMER,New Year's Day; nye; holiday season; US school winter; UK christmas; Brazil summer,,rules,2026-09-13T06:17:30+00:00
2022-01-02,Sun,6,SUN,1,52,1,Jan,2,2,1,2022,REGULAR,,,0,0,1,0,0,NEW_YEAR,1,15,Martin Luther King Jr. Day,1,New Year's Day,HOLIDAY_SEASON,UOR_HOLIDAY,,WINTER,"NE,SOUTH,MIDWEST,WEST,FL",0,CHRISTMAS,SUMMER,holiday season; US school winter; UK christmas; Brazil summer,,rules,2026-09-13T06:17:30+00:00
2022-01-03,Mon,0,WEEKDAY,0,1,1,Jan,3,3,1,2022,REGULAR,,,0,0,0,0,0,NEW_YEAR,2,14,Martin Luther King Jr. Day,2,New Year's Day,HOLIDAY_SEASON,UOR_HOLIDAY,,WINTER,"NE,SOUTH,MIDWEST,WEST,FL",0,,SUMMER,holiday season; US school winter; Brazil summer,,rules,2026-09-13T06:17:30+00:00
2022-01-04,Tue,1,WEEKDAY,0,1,1,Jan,4,4,1,2022,REGULAR,,,0,0,0,0,0,NEW_YEAR,3,13,Martin Luther King Jr. Day,3,New Year's Day,HOLIDAY_SEASON,UOR_HOLIDAY,,,,0,,SUMMER,holiday season; Brazil summer,,rules,2026-09-13T06:17:30+00:00
2022-01-05,Wed,2,WEEKDAY,0,1,1,Jan,5,5,1,2022,REGULAR,,,0,0,0,0,0,NEW_YEAR,4,12,Martin Luther King Jr. Day,4,New Year's Day,,WDW_AFTERHOURS,,,,0,,SUMMER,Brazil summer,,rules,2026-09-13T06:17:30+00:00
2022-01-06,Thu,3,WEEKDAY,0,1,1,Jan,6,6,1,2022,JAN_LULL,,,0,0,0,0,0,NEW_YEAR,5,11,Martin Luther King Jr. Day,5,New Year's Day,,WDW_AFTERHOURS,,,,0,,SUMMER,jan lull; Brazil summer,,rules,2026-09-13T06:17:30+00:00
2022-01-07,Fri,4,FRI,0,1,1,Jan,7,7,1,2022,JAN_LULL,,,0,0,0,0,0,NEW_YEAR,6,10,Martin Luther King Jr. Day,6,New Year's Day,,WDW_AFTERHOURS,,,,0,,SUMMER,jan lull; Brazil summer,,rules,2026-09-13T06:17:30+00:00
2022-01-08,Sat,5,SAT,1,1,1,Jan,8,8,1,2022,JAN_LULL,,,0,0,0,0,0,NEW_YEAR,7,9,Martin Luther King Jr. Day,7,New Year's Day,,WDW_AFTERHOURS,,,,0,,SUMMER,jan lull; Brazil summer,,rules,2026-09-13T06:17:30+00:00
2022-01-09,Sun,6,SUN,1,1,1,Jan,9,9,1,2022,JAN_LULL,,,0,0,0,0,0,NEW_YEAR,8,8,Martin Luther King Jr. Day,8,New Year's Day,,WDW_AFTERHOURS,,,,0,,SUMMER,jan lull; Brazil summer,,rules,2026-09-13T06:17:30+00:00
2022-01-10,Mon,0,WEEKDAY,0,2,1,Jan,10,10,1,2022,JAN_LULL,,,0,0,0,0,0,MLK,-7,7,Martin Luther King Jr. Day,9,New Year's Day,,WDW_AFTERHOURS,,,,0,,SUMMER,jan lull; Brazil summer,,rules,2026-09-13T06:17:30+00:00
2022-01-11,Tue,1,WEEKDAY,0,2,1,Jan,11,11,1,2022,JAN_LULL,,,0,0,0,0,0,MLK,-6,6,Martin Luther King Jr. Day,10,New Year's Day,,WDW_AFTERHOURS,,,,0,,SUMMER,jan lull; Brazil summer,,rules,2026-09-13T06:17:30+00:00
2022-01-12,Wed,2,WEEKDAY,0,2,1,Jan,12,12,1,2022,JAN_LULL,,,0,0,0,0,0,MLK,-5,5,Martin Luther King Jr. Day,11,New Year's Day,,WDW_AFTERHOURS,,,,0,,SUMMER,jan lull; Brazil summer,,rules,2026-09-13T06:17:30+00:00
2022-01-13,Thu,3,WEEKDAY,0,2,1,Jan,13,13,1,2022,JAN_LULL,,,0,0,0,0,0,MLK,-4,4,Martin Luther King Jr. Day,12,New Year's Day,,WDW_AFTERHOURS,,,,0,,SUMMER,jan lull; Brazil summer,,rules,2026-09-13T06:17:30+00:00
2022-01-14,Fri,4,FRI,0,2,1,Jan,14,14,1,2022,MLK_WKND,,,0,0,0,1,0,MLK,-3,3,Martin Luther King Jr. Day,13,New Year's Day,,WDW_AFTERHOURS,ARTS,,,0,,SUMMER,long weekend; mlk wknd; EPCOT Arts; Brazil summer,,rules,2026-09-13T06:17:30+00:00
2022-01-15,Sat,5,SAT,1,2,1,Jan,15,15,1,2022,MLK_WKND,,,0,0,0,1,0,MLK,-2,2,Martin Luther King Jr. Day,14,New Year's Day,,WDW_AFTERHOURS,ARTS,,,0,,SUMMER,long weekend; mlk wknd; EPCOT Arts; Brazil summer,,rules,2026-09-13T06:17:30+00:00
2022-01-16,Sun,6,SUN,1,2,1,Jan,16,16,1,2022,MLK_WKND,,,0,1,0,1,0,MLK,-1,1,Martin Luther King Jr. Day,15,New Year's Day,,WDW_AFTERHOURS,ARTS,,,0,,SUMMER,long weekend; mlk wknd; EPCOT Arts; Brazil summer,,rules,2026-09-13T06:17:30+00:00
2022-01-17,Mon,0,WEEKDAY,0,3,1,Jan,17,17,1,2022,MLK_WKND,Martin Luther King Jr. Day,federal,1,0,0,1,0,MLK,0,35,Washington's Birthday,16,New Year's Day,,WDW_AFTERHOURS,ARTS,,,0,,SUMMER,Martin Luther King Jr. Day; mlk wknd; EPCOT Arts; Brazil summer,,rules,2026-09-13T06:17:30+00:00
2022-01-18,Tue,1,WEEKDAY,0,3,1,Jan,18,18,1,2022,JAN_LULL,,,0,0,1,0,0,MLK,1,34,Washington's Birthday,1,Martin Luther King Jr. Day,,WDW_AFTERHOURS,ARTS,,,0,,SUMMER,jan lull; EPCOT Arts; Brazil summer,,rules,2026-09-13T06:17:30+00:00
2022-01-19,Wed,2,WEEKDAY,0,3,1,Jan,19,19,1,2022,JAN_LULL,,,0,0,0,0,0,MLK,2,33,Washington's Birthday,2,Martin Luther King Jr. Day,,WDW_AFTERHOURS,ARTS,,,0,,SUMMER,jan lull; EPCOT Arts; Brazil summer,,rules,2026-09-13T06:17:30+00:00
2022-01-20,Thu,3,WEEKDAY,0,3,1,Jan,20,20,1,2022,JAN_LULL,,,0,0,0,0,0,MLK,3,32,Washington's Birthday,3,Martin Luther King Jr. Day,,WDW_AFTERHOURS,ARTS,,,0,,SUMMER,jan lull; EPCOT Arts; Brazil summer,,rules,2026-09-13T06:17:30+00:00
2022-01-21,Fri,4,FRI,0,3,1,Jan,21,21,1,2022,JAN_LULL,,,0,0,0,0,0,MLK,4,31,Washington's Birthday,4,Martin Luther King Jr. Day,,WDW_AFTERHOURS,ARTS,,,0,,SUMMER,jan lull; EPCOT Arts; Brazil summer,,rules,2026-09-13T06:17:30+00:00
2022-01-22,Sat,5,SAT,1,3,1,Jan,22,22,1,2022,JAN_LULL,,,0,0,0,0,0,MLK,5,30,Washington's Birthday,5,Martin Luther King Jr. Day,,WDW_AFTERHOURS,ARTS,,,0,,SUMMER,jan lull; EPCOT Arts; Brazil summer,,rules,2026-09-13T06:17:30+00:00
2022-01-23,Sun,6,SUN,1,3,1,Jan,23,23,1,2022,JAN_LULL,,,0,0,0,0,0,MLK,6,29,Washington's Birthday,6,Martin Luther King Jr. Day,,WDW_AFTERHOURS,ARTS,,,0,,SUMMER,jan lull; EPCOT Arts; Brazil summer,,rules,2026-09-13T06:17:30+00:00
2022-01-24,Mon,0,WEEKDAY,0,4,1,Jan,24,24,1,2022,JAN_LULL,,,0,0,0,0,0,MLK,7,28,Washington's Birthday,7,Martin Luther King Jr. Day,,WDW_AFTERHOURS,ARTS,,,0,,SUMMER,jan lull; EPCOT Arts; Brazil summer,,rules,2026-09-13T06:17:30+00:00
2022-01-25,Tue,1,WEEKDAY,0,4,1,Jan,25,25,1,2022,JAN_LULL,,,0,0,0,0,0,MLK,8,27,Washington's Birthday,8,Martin Luther King Jr. Day,,WDW_AFTERHOURS,ARTS,,,0,,SUMMER,jan lull; EPCOT Arts; Brazil summer,,rules,2026-09-13T06:17:30+00:00
2022-01-26,Wed,2,WEEKDAY,0,4,1,Jan,26,26,1,2022,JAN_LULL,,,0,0,0,0,0,MLK,9,26,Washington's Birthday,9,Martin Luther King Jr. Day,,WDW_AFTERHOURS,ARTS,,,0,,SUMMER,jan lull; EPCOT Arts; Brazil summer,,rules,2026-09-13T06:17:30+00:00
2022-01-27,Thu,3,WEEKDAY,0,4,1,Jan,27,27,1,2022,JAN_LULL,,,0,0,0,0,0,MLK,10,25,Washington's Birthday,10,Martin Luther King Jr. Day,,WDW_AFTERHOURS,ARTS,,,0,,SUMMER,jan lull; EPCOT Arts; Brazil summer,,rules,2026-09-13T06:17:30+00:00
2022-01-28,Fri,4,FRI,0,4,1,Jan,28,28,1,2022,JAN_LULL,,,0,0,0,0,0,,,24,Washington's Birthday,11,Martin Luther King Jr. Day,,WDW_AFTERHOURS,ARTS,,,0,,SUMMER,jan lull; EPCOT Arts; Brazil summer,,rules,2026-09-13T06:17:30+00:00
2022-01-29,Sat,5,SAT,1,4,1,Jan,29,29,1,2022,JAN_LULL,,,0,0,0,0,0,,,23,Washington's Birthday,12,Martin Luther King Jr. Day,,WDW_AFTERHOURS,ARTS,,,0,,SUMMER,jan lull; EPCOT Arts; Brazil summer,,rules,2026-09-13T06:17:30+00:00
2022-01-30,Sun,6,SUN,1,4,1,Jan,30,30,1,2022,JAN_LULL,,,0,0,0,0,0,,,22,Washington's Birthday,13,Martin Luther King Jr. Day,,WDW_AFTERHOURS,ARTS,,,0,,SUMMER,jan lull; EPCOT Arts; Brazil summer,,rules,2026-09-13T06:17:30+00:00
2022-01-31,Mon,0,WEEKDAY,0,5,1,Jan,31,31,1,2022,JAN_LULL,,,0,0,0,0,0,,,21,Washington's Birthday,14,Martin Luther King Jr. Day,,WDW_AFTERHOURS,ARTS,,,0,,SUMMER,jan lull; EPCOT Arts; Brazil summer,,rules,2026-09-13T06:17:30+00:00
2022-02-01,Tue,1,WEEKDAY,0,5,2,Feb,1,32,1,2022,JAN_LULL,,,0,0,0,0,0,,,20,Washington's Birthday,15,Martin Luther King Jr. Day,,WDW_AFTERHOURS,ARTS,,,0,,SUMMER,jan lull; EPCOT Arts; Brazil summer,,rules,2026-09-13T06:17:30+00:00
2022-02-02,Wed,2,WEEKDAY,0,5,2,Feb,2,33,1,2022,JAN_LULL,,,0,0,0,0,0,,,19,Washington's Birthday,16,Martin Luther King Jr. Day,,WDW_AFTERHOURS,ARTS,,,0,,,jan lull; EPCOT Arts,,rules,2026-09-13T06:17:30+00:00
2022-02-03,Thu,3,WEEKDAY,0,5,2,Feb,3,34,1,2022,JAN_LULL,,,0,0,0,0,0,,,18,Washington's Birthday,17,Martin Luther King Jr. Day,,WDW_AFTERHOURS,ARTS,,,0,,,jan lull; EPCOT Arts,,rules,2026-09-13T06:17:30+00:00
2022-02-04,Fri,4,FRI,0,5,2,Feb,4,35,1,2022,JAN_LULL,,,0,0,0,0,0,,,17,Washington's Birthday,18,Martin Luther King Jr. Day,,WDW_AFTERHOURS,ARTS,,,0,,,jan lull; EPCOT Arts,,rules,2026-09-13T06:17:30+00:00
2022-02-05,Sat,5,SAT,1,5,2,Feb,5,36,1,2022,JAN_LULL,,,0,0,0,0,0,,,16,Washington's Birthday,19,Martin Luther King Jr. Day,,WDW_AFTERHOURS,ARTS,,,0,,,jan lull; EPCOT Arts,,rules,2026-09-13T06:17:30+00:00
2022-02-06,Sun,6,SUN,1,5,2,Feb,6,37,1,2022,JAN_LULL,,,0,0,0,0,0,,,15,Washington's Birthday,20,Martin Luther King Jr. Day,,WDW_AFTERHOURS,ARTS,,,0,,,jan lull; EPCOT Arts,,rules,2026-09-13T06:17:30+00:00
2022-02-07,Mon,0,WEEKDAY,0,6,2,Feb,7,38,1,2022,JAN_LULL,,,0,0,0,0,0,,,14,Washington's Birthday,21,Martin Luther King Jr. Day,,WDW_AFTERHOURS,ARTS,,,0,,,jan lull; EPCOT Arts,,rules,2026-09-13T06:17:30+00:00
2022-02-08,Tue,1,WEEKDAY,0,6,2,Feb,8,39,1,2022,JAN_LULL,,,0,0,0,0,0,,,13,Washington's Birthday,22,Martin Luther King Jr. Day,,WDW_AFTERHOURS,ARTS,,,0,,,jan lull; EPCOT Arts,,rules,2026-09-13T06:17:30+00:00
2022-02-09,Wed,2,WEEKDAY,0,6,2,Feb,9,40,1,2022,REGULAR,,,0,0,0,0,0,,,12,Washington's Birthday,23,Martin Luther King Jr. Day,,WDW_AFTERHOURS,ARTS,,,0,,,EPCOT Arts,,rules,2026-09-13T06:17:30+00:00
2022-02-10,Thu,3,WEEKDAY,0,6,2,Feb,10,41,1,2022,REGULAR,,,0,0,0,0,0,,,11,Washington's Birthday,24,Martin Luther King Jr. Day,,WDW_AFTERHOURS,ARTS,,,0,,,EPCOT Arts,,rules,2026-09-13T06:17:30+00:00
2022-02-11,Fri,4,FRI,0,6,2,Feb,11,42,1,2022,REGULAR,,,0,0,0,0,0,PRESIDENTS,-10,10,Washington's Birthday,25,Martin Luther King Jr. Day,,WDW_AFTERHOURS,ARTS,,,0,,,EPCOT Arts,,rules,2026-09-13T06:17:30+00:00
2022-02-12,Sat,5,SAT,1,6,2,Feb,12,43,1,2022,REGULAR,,,0,0,0,0,0,PRESIDENTS,-9,9,Washington's Birthday,26,Martin Luther King Jr. Day,,WDW_AFTERHOURS,ARTS,,,0,,,EPCOT Arts,,rules,2026-09-13T06:17:30+00:00
2022-02-13,Sun,6,SUN,1,6,2,Feb,13,44,1,2022,REGULAR,,,0,0,0,0,0,PRESIDENTS,-8,8,Washington's Birthday,27,Martin Luther King Jr. Day,,WDW_AFTERHOURS,ARTS,,,0,,,EPCOT Arts,,rules,2026-09-13T06:17:30+00:00
2022-02-14,Mon,0,WEEKDAY,0,7,2,Feb,14,45,1,2022,REGULAR,,,0,0,0,0,0,PRESIDENTS,-7,7,Washington's Birthday,28,Martin Luther King Jr. Day,,WDW_AFTERHOURS,ARTS,,,0,,,EPCOT Arts,,rules,2026-09-13T06:17:30+00:00
2022-02-15,Tue,1,WEEKDAY,0,7,2,Feb,15,46,1,2022,REGULAR,,,0,0,0,0,0,PRESIDENTS,-6,6,Washington's Birthday,29,Martin Luther King Jr. Day,,WDW_AFTERHOURS,ARTS,,,0,,,EPCOT Arts,,rules,2026-09-13T06:17:30+00:00
2022-02-16,Wed,2,WEEKDAY,0,7,2,Feb,16,47,1,2022,REGULAR,,,0,0,0,0,0,PRESIDENTS,-5,5,Washington's Birthday,30,Martin Luther King Jr. Day,,WDW_AFTERHOURS,ARTS,,,0,,,EPCOT Arts,,rules,2026-09-13T06:17:30+00:00
2022-02-17,Thu,3,WEEKDAY,0,7,2,Feb,17,48,1,2022,REGULAR,,,0,0,0,0,0,PRESIDENTS,-4,4,Washington's Birthday,31,Martin Luther King Jr. Day,,WDW_AFTERHOURS,ARTS,,,0,,,EPCOT Arts,,rules,2026-09-13T06:17:30+00:00
2022-02-18,Fri,4,FRI,0,7,2,Feb,18,49,1,2022,PRESIDENTS_WK,,,0,0,0,1,0,PRESIDENTS,-3,3,Washington's Birthday,32,Martin Luther King Jr. Day,,WDW_AFTERHOURS,ARTS,,,0,,,long weekend; presidents wk; EPCOT Arts,,rules,2026-09-13T06:17:30+00:00
2022-02-19,Sat,5,SAT,1,7,2,Feb,19,50,1,2022,PRESIDENTS_WK,,,0,0,0,1,0,PRESIDENTS,-2,2,Washington's Birthday,33,Martin Luther King Jr. Day,,WDW_AFTERHOURS,ARTS,,,0,,,long weekend; presidents wk; EPCOT Arts,,rules,2026-09-13T06:17:30+00:00
2022-02-20,Sun,6,SUN,1,7,2,Feb,20,51,1,2022,PRESIDENTS_WK,,,0,1,0,1,0,PRESIDENTS,-1,1,Washington's Birthday,34,Martin Luther King Jr. Day,,WDW_AFTERHOURS,ARTS,,,0,,,long weekend; presidents wk; EPCOT Arts,,rules,2026-09-13T06:17:30+00:00
2022-02-21,Mon,0,WEEKDAY,0,8,2,Feb,21,52,1,2022,PRESIDENTS_WK,Washington's Birthday,federal,1,0,0,1,0,PRESIDENTS,0,98,Memorial Day,35,Martin Luther King Jr. Day,,WDW_AFTERHOURS,ARTS,PRESIDENTS,NE,1,FEB_HALF_TERM,,Washington's Birthday; presidents wk; EPCOT Arts; US school presidents; UK feb half term,,rules,2026-09-13T06:17:30+00:00
2022-02-22,Tue,1,WEEKDAY,0,8,2,Feb,22,53,1,2022,PRESIDENTS_WK,,,0,0,1,0,0,PRESIDENTS,1,97,Memorial Day,1,Washington's Birthday,,WDW_AFTERHOURS,ARTS,PRESIDENTS,NE,1,FEB_HALF_TERM,,presidents wk; EPCOT Arts; US school presidents; UK feb half term,,rules,2026-09-13T06:17:30+00:00
2022-02-23,Wed,2,WEEKDAY,0,8,2,Feb,23,54,1,2022,PRESIDENTS_WK,,,0,0,0,0,0,PRESIDENTS,2,96,Memorial Day,2,Washington's Birthday,,WDW_AFTERHOURS,ARTS,PRESIDENTS,NE,1,FEB_HALF_TERM,,presidents wk; EPCOT Arts; US school presidents; UK feb half term,,rules,2026-09-13T06:17:30+00:00
2022-02-24,Thu,3,WEEKDAY,0,8,2,Feb,24,55,1,2022,PRESIDENTS_WK,,,0,0,0,0,0,PRESIDENTS,3,95,Memorial Day,3,Washington's Birthday,,WDW_AFTERHOURS,,PRESIDENTS,NE,1,FEB_HALF_TERM,,presidents wk; US school presidents; UK feb half term,,rules,2026-09-13T06:17:30+00:00
2022-02-25,Fri,4,FRI,0,8,2,Feb,25,56,1,2022,PRESIDENTS_WK,,,0,0,0,0,0,PRESIDENTS,4,94,Memorial Day,4,Washington's Birthday,,WDW_AFTERHOURS,FLOWER_AND_GARDEN,PRESIDENTS,NE,1,FEB_HALF_TERM,CARNIVAL,presidents wk; EPCOT Flower And Garden; US school presidents; UK feb half term; Brazil carnival,,rules,2026-09-13T06:17:30+00:00
2022-02-26,Sat,5,SAT,1,8,2,Feb,26,57,1,2022,PRESIDENTS_WK,,,0,0,0,0,0,PRESIDENTS,5,93,Memorial Day,5,Washington's Birthday,,WDW_AFTERHOURS,FLOWER_AND_GARDEN,,,0,,CARNIVAL,presidents wk; EPCOT Flower And Garden; Brazil carnival,,rules,2026-09-13T06:17:30+00:00
2022-02-27,Sun,6,SUN,1,8,2,Feb,27,58,1,2022,SPRING_SHOULDER,,,0,0,0,0,0,PRESIDENTS,6,92,Memorial Day,6,Washington's Birthday,,WDW_AFTERHOURS,FLOWER_AND_GARDEN,,,0,,CARNIVAL,spring shoulder; EPCOT Flower And Garden; Brazil carnival,,rules,2026-09-13T06:17:30+00:00
2022-02-28,Mon,0,WEEKDAY,0,9,2,Feb,28,59,1,2022,SPRING_SHOULDER,,,0,0,0,0,0,PRESIDENTS,7,91,Memorial Day,7,Washington's Birthday,,WDW_AFTERHOURS,FLOWER_AND_GARDEN,,,0,,CARNIVAL,spring shoulder; EPCOT Flower And Garden; Brazil carnival,,rules,2026-09-13T06:17:30+00:00
2022-03-01,Tue,1,WEEKDAY,0,9,3,Mar,1,60,1,2022,SPRING_SHOULDER,,,0,0,0,0,0,PRESIDENTS,8,90,Memorial Day,8,Washington's Birthday,,WDW_AFTERHOURS,FLOWER_AND_GARDEN,,,0,,CARNIVAL,spring shoulder; EPCOT Flower And Garden; Brazil carnival,,rules,2026-09-13T06:17:30+00:00
2022-03-02,Wed,2,WEEKDAY,0,9,3,Mar,2,61,1,2022,SPRING_SHOULDER,,,0,0,0,0,0,PRESIDENTS,9,89,Memorial Day,9,Washington's Birthday,,WDW_AFTERHOURS,FLOWER_AND_GARDEN,,,0,,CARNIVAL,spring shoulder; EPCOT Flower And Garden; Brazil carnival,,rules,2026-09-13T06:17:30+00:00
2022-03-03,Thu,3,WEEKDAY,0,9,3,Mar,3,62,1,2022,SPRING_SHOULDER,,,0,0,0,0,0,PRESIDENTS,10,88,Memorial Day,10,Washington's Birthday,,WDW_AFTERHOURS,FLOWER_AND_GARDEN,,,0,,CARNIVAL,spring shoulder; EPCOT Flower And Garden; Brazil carnival,,rules,2026-09-13T06:17:30+00:00
2022-03-04,Fri,4,FRI,0,9,3,Mar,4,63,1,2022,SPRING_SHOULDER,,,0,0,0,0,0,,,87,Memorial Day,11,Washington's Birthday,,WDW_AFTERHOURS,FLOWER_AND_GARDEN,,,0,,CARNIVAL,spring shoulder; EPCOT Flower And Garden; Brazil carnival,,rules,2026-09-13T06:17:30+00:00
2022-03-05,Sat,5,SAT,1,9,3,Mar,5,64,1,2022,SPRING_SHOULDER,,,0,0,0,0,0,,,86,Memorial Day,12,Washington's Birthday,,WDW_AFTERHOURS,FLOWER_AND_GARDEN,,,0,,,spring shoulder; EPCOT Flower And Garden,,rules,2026-09-13T06:17:30+00:00
2022-03-06,Sun,6,SUN,1,9,3,Mar,6,65,1,2022,SPRING_SHOULDER,,,0,0,0,0,0,,,85,Memorial Day,13,Washington's Birthday,,WDW_AFTERHOURS,FLOWER_AND_GARDEN,,,0,,,spring shoulder; EPCOT Flower And Garden,,rules,2026-09-13T06:17:30+00:00
2022-03-07,Mon,0,WEEKDAY,0,10,3,Mar,7,66,1,2022,SPRING_SHOULDER,,,0,0,0,0,0,,,84,Memorial Day,14,Washington's Birthday,,WDW_AFTERHOURS,FLOWER_AND_GARDEN,,,0,,,spring shoulder; EPCOT Flower And Garden,,rules,2026-09-13T06:17:30+00:00
2022-03-08,Tue,1,WEEKDAY,0,10,3,Mar,8,67,1,2022,SPRING_SHOULDER,,,0,0,0,0,0,,,83,Memorial Day,15,Washington's Birthday,,WDW_AFTERHOURS,FLOWER_AND_GARDEN,,,0,,,spring shoulder; EPCOT Flower And Garden,,rules,2026-09-13T06:17:30+00:00
2022-03-09,Wed,2,WEEKDAY,0,10,3,Mar,9,68,1,2022,SPRING_SHOULDER,,,0,0,0,0,0,,,82,Memorial Day,16,Washington's Birthday,,WDW_AFTERHOURS,FLOWER_AND_GARDEN,SPRING,"SOUTH,FL",0,,,spring shoulder; EPCOT Flower And Garden; US school spring,,rules,2026-09-13T06:17:30+00:00
2022-03-10,Thu,3,WEEKDAY,0,10,3,Mar,10,69,1,2022,SPRING_SHOULDER,,,0,0,0,0,0,,,81,Memorial Day,17,Washington's Birthday,,WDW_AFTERHOURS,FLOWER_AND_GARDEN,SPRING,"SOUTH,FL",0,,,spring shoulder; EPCOT Flower And Garden; US school spring,,rules,2026-09-13T06:17:30+00:00
2022-03-11,Fri,4,FRI,0,10,3,Mar,11,70,1,2022,SPRING_SHOULDER,,,0,0,0,0,0,,,80,Memorial Day,18,Washington's Birthday,,WDW_AFTERHOURS,FLOWER_AND_GARDEN,SPRING,"SOUTH,FL",0,,,spring shoulder; EPCOT Flower And Garden; US school spring,,rules,2026-09-13T06:17:30+00:00
2022-03-12,Sat,5,SAT,1,10,3,Mar,12,71,1,2022,SPRING_SHOULDER,,,0,0,0,0,0,,,79,Memorial Day,19,Washington's Birthday,,WDW_AFTERHOURS,FLOWER_AND_GARDEN,SPRING,"SOUTH,FL",0,,,spring shoulder; EPCOT Flower And Garden; US school spring,,rules,2026-09-13T06:17:30+00:00
2022-03-13,Sun,6,SUN,1,10,3,Mar,13,72,1,2022,SPRING_SHOULDER,,,0,0,0,0,0,,,78,Memorial Day,20,Washington's Birthday,,WDW_AFTERHOURS,FLOWER_AND_GARDEN,SPRING,"SOUTH,FL",0,,,spring shoulder; EPCOT Flower And Garden; US school spring,,rules,2026-09-13T06:17:30+00:00
2022-03-14,Mon,0,WEEKDAY,0,11,3,Mar,14,73,1,2022,SPRING_SHOULDER,,,0,0,0,0,0,,,77,Memorial Day,21,Washington's Birthday,,WDW_AFTERHOURS,FLOWER_AND_GARDEN,SPRING,"SOUTH,FL",0,,,spring shoulder; EPCOT Flower And Garden; US school spring,,rules,2026-09-13T06:17:30+00:00
2022-03-15,Tue,1,WEEKDAY,0,11,3,Mar,15,74,1,2022,SPRING_SHOULDER,,,0,0,0,0,0,,,76,Memorial Day,22,Washington's Birthday,,WDW_AFTERHOURS,FLOWER_AND_GARDEN,SPRING,"SOUTH,FL",0,,,spring shoulder; EPCOT Flower And Garden; US school spring,,rules,2026-09-13T06:17:30+00:00
2022-03-16,Wed,2,WEEKDAY,0,11,3,Mar,16,75,1,2022,SPRING_SHOULDER,,,0,0,0,0,0,,,75,Memorial Day,23,Washington's Birthday,,WDW_AFTERHOURS,FLOWER_AND_GARDEN,SPRING,"SOUTH,FL",0,,,spring shoulder; EPCOT Flower And Garden; US school spring,,rules,2026-09-13T06:17:30+00:00
2022-03-17,Thu,3,WEEKDAY,0,11,3,Mar,17,76,1,2022,SPRING_SHOULDER,,,0,0,0,0,0,,,74,Memorial Day,24,Washington's Birthday,,WDW_AFTERHOURS,FLOWER_AND_GARDEN,SPRING,"SOUTH,FL",0,,,spring shoulder; EPCOT Flower And Garden; US school spring,,rules,2026-09-13T06:17:30+00:00
2022-03-18,Fri,4,FRI,0,11,3,Mar,18,77,1,2022,SPRING_SHOULDER,,,0,0,0,0,0,,,73,Memorial Day,25,Washington's Birthday,,WDW_AFTERHOURS,FLOWER_AND_GARDEN,SPRING,"SOUTH,FL",0,,,spring shoulder; EPCOT Flower And Garden; US school spring,,rules,2026-09-13T06:17:30+00:00
2022-03-19,Sat,5,SAT,1,11,3,Mar,19,78,1,2022,SPRING_SHOULDER,,,0,0,0,0,0,,,72,Memorial Day,26,Washington's Birthday,,WDW_AFTERHOURS,FLOWER_AND_GARDEN,SPRING,"SOUTH,FL",0,,,spring shoulder; EPCOT Flower And Garden; US school spring,,rules,2026-09-13T06:17:30+00:00
2022-03-20,Sun,6,SUN,1,11,3,Mar,20,79,1,2022,SPRING_SHOULDER,,,0,0,0,0,0,,,71,Memorial Day,27,Washington's Birthday,,WDW_AFTERHOURS,FLOWER_AND_GARDEN,SPRING,"SOUTH,FL",0,,,spring shoulder; EPCOT Flower And Garden; US school spring,,rules,2026-09-13T06:17:30+00:00
2022-03-21,Mon,0,WEEKDAY,0,12,3,Mar,21,80,1,2022,SPRING_SHOULDER,,,0,0,0,0,0,,,70,Memorial Day,28,Washington's Birthday,,WDW_AFTERHOURS,FLOWER_AND_GARDEN,SPRING,"SOUTH,FL",0,,,spring shoulder; EPCOT Flower And Garden; US school spring,,rules,2026-09-13T06:17:30+00:00
2022-03-22,Tue,1,WEEKDAY,0,12,3,Mar,22,81,1,2022,SPRING_SHOULDER,,,0,0,0,0,0,,,69,Memorial Day,29,Washington's Birthday,,WDW_AFTERHOURS,FLOWER_AND_GARDEN,SPRING,"SOUTH,FL",0,,,spring shoulder; EPCOT Flower And Garden; US school spring,,rules,2026-09-13T06:17:30+00:00
2022-03-23,Wed,2,WEEKDAY,0,12,3,Mar,23,82,1,2022,SPRING_SHOULDER,,,0,0,0,0,0,,,68,Memorial Day,30,Washington's Birthday,,WDW_AFTERHOURS,FLOWER_AND_GARDEN,,,0,,,spring shoulder; EPCOT Flower And Garden,,rules,2026-09-13T06:17:30+00:00
2022-03-24,Thu,3,WEEKDAY,0,12,3,Mar,24,83,1,2022,SPRING_SHOULDER,,,0,0,0,0,0,,,67,Memorial Day,31,Washington's Birthday,,WDW_AFTERHOURS,FLOWER_AND_GARDEN,,,0,,,spring shoulder; EPCOT Flower And Garden,,rules,2026-09-13T06:17:30+00:00
2022-03-25,Fri,4,FRI,0,12,3,Mar,25,84,1,2022,SPRING_SHOULDER,,,0,0,0,0,0,,,66,Memorial Day,32,Washington's Birthday,,WDW_AFTERHOURS,FLOWER_AND_GARDEN,,,0,,,spring shoulder; EPCOT Flower And Garden,,rules,2026-09-13T06:17:30+00:00
2022-03-26,Sat,5,SAT,1,12,3,Mar,26,85,1,2022,SPRING_SHOULDER,,,0,0,0,0,0,,,65,Memorial Day,33,Washington's Birthday,,WDW_AFTERHOURS,FLOWER_AND_GARDEN,,,0,,,spring shoulder; EPCOT Flower And Garden,,rules,2026-09-13T06:17:30+00:00
2022-03-27,Sun,6,SUN,1,12,3,Mar,27,86,1,2022,SPRING_SHOULDER,,,0,0,0,0,0,,,64,Memorial Day,34,Washington's Birthday,,WDW_AFTERHOURS,FLOWER_AND_GARDEN,,,0,,,spring shoulder; EPCOT Flower And Garden,,rules,2026-09-13T06:17:30+00:00
2022-03-28,Mon,0,WEEKDAY,0,13,3,Mar,28,87,1,2022,SPRING_SHOULDER,,,0,0,0,0,0,,,63,Memorial Day,35,Washington's Birthday,,WDW_AFTERHOURS,FLOWER_AND_GARDEN,,,0,,,spring shoulder; EPCOT Flower And Garden,,rules,2026-09-13T06:17:30+00:00
2022-03-29,Tue,1,WEEKDAY,0,13,3,Mar,29,88,1,2022,SPRING_SHOULDER,,,0,0,0,0,0,,,62,Memorial Day,36,Washington's Birthday,,WDW_AFTERHOURS,FLOWER_AND_GARDEN,,,0,,,spring shoulder; EPCOT Flower And Garden,,rules,2026-09-13T06:17:30+00:00
2022-03-30,Wed,2,WEEKDAY,0,13,3,Mar,30,89,1,2022,SPRING_SHOULDER,,,0,0,0,0,0,,,61,Memorial Day,37,Washington's Birthday,,WDW_AFTERHOURS,FLOWER_AND_GARDEN,,,0,,,spring shoulder; EPCOT Flower And Garden,,rules,2026-09-13T06:17:30+00:00
2022-03-31,Thu,3,WEEKDAY,0,13,3,Mar,31,90,1,2022,SPRING_SHOULDER,,,0,0,0,0,0,,,60,Memorial Day,38,Washington's Birthday,,WDW_AFTERHOURS,FLOWER_AND_GARDEN,,,0,,,spring shoulder; EPCOT Flower And Garden,,rules,2026-09-13T06:17:30+00:00
2022-04-01,Fri,4,FRI,0,13,4,Apr,1,91,2,2022,SPRING_SHOULDER,,,0,0,0,0,0,,,59,Memorial Day,39,Washington's Birthday,,WDW_AFTERHOURS,FLOWER_AND_GARDEN,,,0,,,spring shoulder; EPCOT Flower And Garden,,rules,2026-09-13T06:17:30+00:00
2022-04-02,Sat,5,SAT,1,13,4,Apr,2,92,2,2022,SPRING_SHOULDER,,,0,0,0,0,0,,,58,Memorial Day,40,Washington's Birthday,,WDW_AFTERHOURS,FLOWER_AND_GARDEN,,,0,,,spring shoulder; EPCOT Flower And Garden,,rules,2026-09-13T06:17:30+00:00
2022-04-03,Sun,6,SUN,1,13,4,Apr,3,93,2,2022,SPRING_SHOULDER,,,0,0,0,0,0,,,57,Memorial Day,41,Washington's Birthday,,WDW_AFTERHOURS,FLOWER_AND_GARDEN,,,0,,,spring shoulder; EPCOT Flower And Garden,,rules,2026-09-13T06:17:30+00:00
2022-04-04,Mon,0,WEEKDAY,0,14,4,Apr,4,94,2,2022,SPRING_SHOULDER,,,0,0,0,0,0,,,56,Memorial Day,42,Washington's Birthday,,WDW_AFTERHOURS,FLOWER_AND_GARDEN,,,0,,,spring shoulder; EPCOT Flower And Garden,,rules,2026-09-13T06:17:30+00:00
2022-04-05,Tue,1,WEEKDAY,0,14,4,Apr,5,95,2,2022,SPRING_SHOULDER,,,0,0,0,0,0,GOOD_FRIDAY,-10,55,Memorial Day,43,Washington's Birthday,,WDW_AFTERHOURS,FLOWER_AND_GARDEN,SPRING,"NE,SOUTH,MIDWEST,WEST,FL",0,,,spring shoulder; EPCOT Flower And Garden; US school spring,,rules,2026-09-13T06:17:30+00:00
2022-04-06,Wed,2,WEEKDAY,0,14,4,Apr,6,96,2,2022,SPRING_SHOULDER,,,0,0,0,0,0,GOOD_FRIDAY,-9,54,Memorial Day,44,Washington's Birthday,,WDW_AFTERHOURS,FLOWER_AND_GARDEN,SPRING,"NE,SOUTH,MIDWEST,WEST,FL",0,EASTER,,spring shoulder; EPCOT Flower And Garden; US school spring; UK easter,,rules,2026-09-13T06:17:30+00:00
2022-04-07,Thu,3,WEEKDAY,0,14,4,Apr,7,97,2,2022,SPRING_SHOULDER,,,0,0,0,0,0,GOOD_FRIDAY,-8,53,Memorial Day,45,Washington's Birthday,,WDW_AFTERHOURS,FLOWER_AND_GARDEN,SPRING,"NE,SOUTH,MIDWEST,WEST,FL",0,EASTER,,spring shoulder; EPCOT Flower And Garden; US school spring; UK easter,,rules,2026-09-13T06:17:30+00:00
2022-04-08,Fri,4,FRI,0,14,4,Apr,8,98,2,2022,SPRING_SHOULDER,,,0,0,0,0,0,GOOD_FRIDAY,-7,52,Memorial Day,46,Washington's Birthday,,WDW_AFTERHOURS,FLOWER_AND_GARDEN,SPRING,"NE,SOUTH,MIDWEST,WEST,FL",0,EASTER,,spring shoulder; EPCOT Flower And Garden; US school spring; UK easter,,rules,2026-09-13T06:17:30+00:00
2022-04-09,Sat,5,SAT,1,14,4,Apr,9,99,2,2022,EASTER_WK,,,0,0,0,0,0,GOOD_FRIDAY,-6,51,Memorial Day,47,Washington's Birthday,,WDW_AFTERHOURS,FLOWER_AND_GARDEN,SPRING,"NE,SOUTH,MIDWEST,WEST,FL",0,EASTER,,easter wk; EPCOT Flower And Garden; US school spring; UK easter,,rules,2026-09-13T06:17:30+00:00
2022-04-10,Sun,6,SUN,1,14,4,Apr,10,100,2,2022,EASTER_WK,,,0,0,0,0,0,GOOD_FRIDAY,-5,50,Memorial Day,48,Washington's Birthday,,WDW_AFTERHOURS,FLOWER_AND_GARDEN,SPRING,"NE,SOUTH,MIDWEST,WEST,FL",0,EASTER,,easter wk; EPCOT Flower And Garden; US school spring; UK easter,,rules,2026-09-13T06:17:30+00:00
2022-04-11,Mon,0,WEEKDAY,0,15,4,Apr,11,101,2,2022,EASTER_WK,,,0,0,0,0,0,GOOD_FRIDAY,-4,49,Memorial Day,49,Washington's Birthday,,WDW_AFTERHOURS,FLOWER_AND_GARDEN,SPRING,"NE,SOUTH,MIDWEST,WEST,FL",0,EASTER,,easter wk; EPCOT Flower And Garden; US school spring; UK easter,,rules,2026-09-13T06:17:30+00:00
2022-04-12,Tue,1,WEEKDAY,0,15,4,Apr,12,102,2,2022,EASTER_WK,,,0,0,0,0,0,GOOD_FRIDAY,-3,48,Memorial Day,50,Washington's Birthday,,WDW_AFTERHOURS,FLOWER_AND_GARDEN,SPRING,"NE,SOUTH,MIDWEST,WEST,FL",0,EASTER,,easter wk; EPCOT Flower And Garden; US school spring; UK easter,,rules,2026-09-13T06:17:30+00:00
2022-04-13,Wed,2,WEEKDAY,0,15,4,Apr,13,103,2,2022,EASTER_WK,,,0,0,0,0,0,GOOD_FRIDAY,-2,47,Memorial Day,51,Washington's Birthday,,WDW_AFTERHOURS,FLOWER_AND_GARDEN,SPRING,"NE,SOUTH,MIDWEST,WEST,FL",0,EASTER,,easter wk; EPCOT Flower And Garden; US school spring; UK easter,,rules,2026-09-13T06:17:30+00:00
2022-04-14,Thu,3,WEEKDAY,0,15,4,Apr,14,104,2,2022,EASTER_WK,,,0,0,0,0,0,GOOD_FRIDAY,-1,46,Memorial Day,52,Washington's Birthday,,WDW_AFTERHOURS,FLOWER_AND_GARDEN,SPRING,"NE,SOUTH,MIDWEST,WEST,FL",0,EASTER,,easter wk; EPCOT Flower And Garden; US school spring; UK easter,,rules,2026-09-13T06:17:30+00:00
2022-04-15,Fri,4,FRI,0,15,4,Apr,15,105,2,2022,EASTER_WK,,,0,0,0,0,0,GOOD_FRIDAY,0,45,Memorial Day,53,Washington's Birthday,,WDW_AFTERHOURS,FLOWER_AND_GARDEN,SPRING,"NE,SOUTH,MIDWEST,WEST,FL",0,EASTER,,easter wk; EPCOT Flower And Garden; US school spring; UK easter,,rules,2026-09-13T06:17:30+00:00
2022-04-16,Sat,5,SAT,1,15,4,Apr,16,106,2,2022,EASTER_WK,,,0,0,0,0,0,EASTER,-1,44,Memorial Day,54,Washington's Birthday,,WDW_AFTERHOURS,FLOWER_AND_GARDEN,SPRING,"NE,SOUTH,MIDWEST,WEST,FL",0,EASTER,,easter wk; EPCOT Flower And Garden; US school spring; UK easter,,rules,2026-09-13T06:17:30+00:00
2022-04-17,Sun,6,SUN,1,15,4,Apr,17,107,2,2022,EASTER_WK,,,0,0,0,0,0,EASTER,0,43,Memorial Day,55,Washington's Birthday,,WDW_AFTERHOURS,FLOWER_AND_GARDEN,SPRING,"NE,SOUTH,MIDWEST,WEST,FL",0,EASTER,,easter wk; EPCOT Flower And Garden; US school spring; UK easter,,rules,2026-09-13T06:17:30+00:00
2022-04-18,Mon,0,WEEKDAY,0,16,4,Apr,18,108,2,2022,EASTER_WK,,,0,0,0,0,0,EASTER,1,42,Memorial Day,56,Washington's Birthday,,WDW_AFTERHOURS,FLOWER_AND_GARDEN,SPRING,"NE,SOUTH,MIDWEST,WEST,FL",0,EASTER,,easter wk; EPCOT Flower And Garden; US school spring; UK easter,,rules,2026-09-13T06:17:30+00:00
2022-04-19,Tue,1,WEEKDAY,0,16,4,Apr,19,109,2,2022,EASTER_WK,,,0,0,0,0,0,EASTER,2,41,Memorial Day,57,Washington's Birthday,,WDW_AFTERHOURS,FLOWER_AND_GARDEN,SPRING,"NE,SOUTH,MIDWEST,WEST,FL",0,EASTER,,easter wk; EPCOT Flower And Garden; US school spring; UK easter,,rules,2026-09-13T06:17:30+00:00
2022-04-20,Wed,2,WEEKDAY,0,16,4,Apr,20,110,2,2022,EASTER_WK,,,0,0,0,0,0,EASTER,3,40,Memorial Day,58,Washington's Birthday,,WDW_AFTERHOURS,FLOWER_AND_GARDEN,SPRING,"NE,SOUTH,MIDWEST,WEST,FL",0,EASTER,,easter wk; EPCOT Flower And Garden; US school spring; UK easter,,rules,2026-09-13T06:17:30+00:00
2022-04-21,Thu,3,WEEKDAY,0,16,4,Apr,21,111,2,2022,EASTER_WK,,,0,0,0,0,0,EASTER,4,39,Memorial Day,59,Washington's Birthday,,WDW_AFTERHOURS,FLOWER_AND_GARDEN,SPRING,"NE,SOUTH,MIDWEST,WEST,FL",0,EASTER,,easter wk; EPCOT Flower And Garden; US school spring; UK easter,,rules,2026-09-13T06:17:30+00:00
2022-04-22,Fri,4,FRI,0,16,4,Apr,22,112,2,2022,EASTER_WK,,,0,0,0,0,0,EASTER,5,38,Memorial Day,60,Washington's Birthday,,WDW_AFTERHOURS,FLOWER_AND_GARDEN,SPRING,"NE,SOUTH,MIDWEST,WEST,FL",0,EASTER,,easter wk; EPCOT Flower And Garden; US school spring; UK easter,,rules,2026-09-13T06:17:30+00:00
2022-04-23,Sat,5,SAT,1,16,4,Apr,23,113,2,2022,EASTER_WK,,,0,0,0,0,0,EASTER,6,37,Memorial Day,61,Washington's Birthday,,WDW_AFTERHOURS,FLOWER_AND_GARDEN,SPRING,"NE,SOUTH,MIDWEST,WEST,FL",0,EASTER,,easter wk; EPCOT Flower And Garden; US school spring; UK easter,,rules,2026-09-13T06:17:30+00:00
2022-04-24,Sun,6,SUN,1,16,4,Apr,24,114,2,2022,EASTER_WK,,,0,0,0,0,0,EASTER,7,36,Memorial Day,62,Washington's Birthday,,WDW_AFTERHOURS,FLOWER_AND_GARDEN,,,0,EASTER,,easter wk; EPCOT Flower And Garden; UK easter,,rules,2026-09-13T06:17:30+00:00
2022-04-25,Mon,0,WEEKDAY,0,17,4,Apr,25,115,2,2022,EASTER_WK,,,0,0,0,0,0,EASTER,8,35,Memorial Day,63,Washington's Birthday,,WDW_AFTERHOURS,FLOWER_AND_GARDEN,,,0,EASTER,,easter wk; EPCOT Flower And Garden; UK easter,,rules,2026-09-13T06:17:30+00:00
2022-04-26,Tue,1,WEEKDAY,0,17,4,Apr,26,116,2,2022,REGULAR,,,0,0,0,0,0,EASTER,9,34,Memorial Day,64,Washington's Birthday,,WDW_AFTERHOURS,FLOWER_AND_GARDEN,,,0,EASTER,,EPCOT Flower And Garden; UK easter,,rules,2026-09-13T06:17:30+00:00
2022-04-27,Wed,2,WEEKDAY,0,17,4,Apr,27,117,2,2022,REGULAR,,,0,0,0,0,0,EASTER,10,33,Memorial Day,65,Washington's Birthday,,WDW_AFTERHOURS,FLOWER_AND_GARDEN,,,0,EASTER,,EPCOT Flower And Garden; UK easter,,rules,2026-09-13T06:17:30+00:00
2022-04-28,Thu,3,WEEKDAY,0,17,4,Apr,28,118,2,2022,REGULAR,,,0,0,0,0,0,,,32,Memorial Day,66,Washington's Birthday,,WDW_AFTERHOURS,FLOWER_AND_GARDEN,,,0,EASTER,,EPCOT Flower And Garden; UK easter,,rules,2026-09-13T06:17:30+00:00
2022-04-29,Fri,4,FRI,0,17,4,Apr,29,119,2,2022,REGULAR,,,0,0,0,0,0,,,31,Memorial Day,67,Washington's Birthday,,WDW_AFTERHOURS,FLOWER_AND_GARDEN,,,0,,,EPCOT Flower And Garden,,rules,2026-09-13T06:17:30+00:00
2022-04-30,Sat,5,SAT,1,17,4,Apr,30,120,2,2022,REGULAR,,,0,0,0,0,0,,,30,Memorial Day,68,Washington's Birthday,,WDW_AFTERHOURS,FLOWER_AND_GARDEN,,,0,,,EPCOT Flower And Garden,,rules,2026-09-13T06:17:30+00:00
2022-05-01,Sun,6,SUN,1,17,5,May,1,121,2,2022,REGULAR,,,0,0,0,0,0,,,29,Memorial Day,69,Washington's Birthday,,WDW_AFTERHOURS,FLOWER_AND_GARDEN,,,0,,,EPCOT Flower And Garden,,rules,2026-09-13T06:17:30+00:00
2022-05-02,Mon,0,WEEKDAY,0,18,5,May,2,122,2,2022,REGULAR,,,0,0,0,0,0,,,28,Memorial Day,70,Washington's Birthday,,WDW_AFTERHOURS,FLOWER_AND_GARDEN,,,0,,,EPCOT Flower And Garden,,rules,2026-09-13T06:17:30+00:00
2022-05-03,Tue,1,WEEKDAY,0,18,5,May,3,123,2,2022,REGULAR,,,0,0,0,0,0,,,27,Memorial Day,71,Washington's Birthday,,WDW_AFTERHOURS,FLOWER_AND_GARDEN,,,0,,,EPCOT Flower And Garden,,rules,2026-09-13T06:17:30+00:00
2022-05-04,Wed,2,WEEKDAY,0,18,5,May,4,124,2,2022,REGULAR,,,0,0,0,0,0,,,26,Memorial Day,72,Washington's Birthday,,WDW_AFTERHOURS,FLOWER_AND_GARDEN,,,0,,,EPCOT Flower And Garden,,rules,2026-09-13T06:17:30+00:00
2022-05-05,Thu,3,WEEKDAY,0,18,5,May,5,125,2,2022,REGULAR,,,0,0,0,0,0,,,25,Memorial Day,73,Washington's Birthday,,WDW_AFTERHOURS,FLOWER_AND_GARDEN,,,0,,,EPCOT Flower And Garden,,rules,2026-09-13T06:17:30+00:00
2022-05-06,Fri,4,FRI,0,18,5,May,6,126,2,2022,REGULAR,,,0,0,0,0,0,,,24,Memorial Day,74,Washington's Birthday,,WDW_AFTERHOURS,FLOWER_AND_GARDEN,,,0,,,EPCOT Flower And Garden,,rules,2026-09-13T06:17:30+00:00
2022-05-07,Sat,5,SAT,1,18,5,May,7,127,2,2022,REGULAR,,,0,0,0,0,0,,,23,Memorial Day,75,Washington's Birthday,,WDW_AFTERHOURS,FLOWER_AND_GARDEN,,,0,,,EPCOT Flower And Garden,,rules,2026-09-13T06:17:30+00:00
2022-05-08,Sun,6,SUN,1,18,5,May,8,128,2,2022,REGULAR,,,0,0,0,0,0,,,22,Memorial Day,76,Washington's Birthday,,WDW_AFTERHOURS,FLOWER_AND_GARDEN,,,0,,,EPCOT Flower And Garden,,rules,2026-09-13T06:17:30+00:00
2022-05-09,Mon,0,WEEKDAY,0,19,5,May,9,129,2,2022,REGULAR,,,0,0,0,0,0,,,21,Memorial Day,77,Washington's Birthday,,WDW_AFTERHOURS,FLOWER_AND_GARDEN,,,0,,,EPCOT Flower And Garden,,rules,2026-09-13T06:17:30+00:00
2022-05-10,Tue,1,WEEKDAY,0,19,5,May,10,130,2,2022,REGULAR,,,0,0,0,0,0,,,20,Memorial Day,78,Washington's Birthday,,WDW_AFTERHOURS,FLOWER_AND_GARDEN,,,0,,,EPCOT Flower And Garden,,rules,2026-09-13T06:17:30+00:00
2022-05-11,Wed,2,WEEKDAY,0,19,5,May,11,131,2,2022,REGULAR,,,0,0,0,0,0,,,19,Memorial Day,79,Washington's Birthday,,WDW_AFTERHOURS,FLOWER_AND_GARDEN,,,0,,,EPCOT Flower And Garden,,rules,2026-09-13T06:17:30+00:00
2022-05-12,Thu,3,WEEKDAY,0,19,5,May,12,132,2,2022,REGULAR,,,0,0,0,0,0,,,18,Memorial Day,80,Washington's Birthday,,WDW_AFTERHOURS,FLOWER_AND_GARDEN,,,0,,,EPCOT Flower And Garden,,rules,2026-09-13T06:17:30+00:00
2022-05-13,Fri,4,FRI,0,19,5,May,13,133,2,2022,REGULAR,,,0,0,0,0,0,,,17,Memorial Day,81,Washington's Birthday,,WDW_AFTERHOURS,FLOWER_AND_GARDEN,,,0,,,EPCOT Flower And Garden,,rules,2026-09-13T06:17:30+00:00
2022-05-14,Sat,5,SAT,1,19,5,May,14,134,2,2022,REGULAR,,,0,0,0,0,0,,,16,Memorial Day,82,Washington's Birthday,,WDW_AFTERHOURS,FLOWER_AND_GARDEN,,,0,,,EPCOT Flower And Garden,,rules,2026-09-13T06:17:30+00:00
2022-05-15,Sun,6,SUN,1,19,5,May,15,135,2,2022,REGULAR,,,0,0,0,0,0,,,15,Memorial Day,83,Washington's Birthday,,WDW_AFTERHOURS,FLOWER_AND_GARDEN,,,0,,,EPCOT Flower And Garden,,rules,2026-09-13T06:17:30+00:00
2022-05-16,Mon,0,WEEKDAY,0,20,5,May,16,136,2,2022,REGULAR,,,0,0,0,0,0,,,14,Memorial Day,84,Washington's Birthday,,,FLOWER_AND_GARDEN,,,0,,,EPCOT Flower And Garden,,rules,2026-09-13T06:17:30+00:00
2022-05-17,Tue,1,WEEKDAY,0,20,5,May,17,137,2,2022,REGULAR,,,0,0,0,0,0,,,13,Memorial Day,85,Washington's Birthday,,,FLOWER_AND_GARDEN,,,0,,,EPCOT Flower And Garden,,rules,2026-09-13T06:17:30+00:00
2022-05-18,Wed,2,WEEKDAY,0,20,5,May,18,138,2,2022,REGULAR,,,0,0,0,0,0,,,12,Memorial Day,86,Washington's Birthday,,,FLOWER_AND_GARDEN,,,0,,,EPCOT Flower And Garden,,rules,2026-09-13T06:17:30+00:00
2022-05-19,Thu,3,WEEKDAY,0,20,5,May,19,139,2,2022,REGULAR,,,0,0,0,0,0,,,11,Memorial Day,87,Washington's Birthday,,,FLOWER_AND_GARDEN,,,0,,,EPCOT Flower And Garden,,rules,2026-09-13T06:17:30+00:00
2022-05-20,Fri,4,FRI,0,20,5,May,20,140,2,2022,REGULAR,,,0,0,0,0,0,MEMORIAL,-10,10,Memorial Day,88,Washington's Birthday,,,FLOWER_AND_GARDEN,,,0,,,EPCOT Flower And Garden,,rules,2026-09-13T06:17:30+00:00
2022-05-21,Sat,5,SAT,1,20,5,May,21,141,2,2022,REGULAR,,,0,0,0,0,0,MEMORIAL,-9,9,Memorial Day,89,Washington's Birthday,,,FLOWER_AND_GARDEN,,,0,,,EPCOT Flower And Garden,,rules,2026-09-13T06:17:30+00:00
2022-05-22,Sun,6,SUN,1,20,5,May,22,142,2,2022,REGULAR,,,0,0,0,0,0,MEMORIAL,-8,8,Memorial Day,90,Washington's Birthday,,,FLOWER_AND_GARDEN,,,0,,,EPCOT Flower And Garden,,rules,2026-09-13T06:17:30+00:00
2022-05-23,Mon,0,WEEKDAY,0,21,5,May,23,143,2,2022,REGULAR,,,0,0,0,0,0,MEMORIAL,-7,7,Memorial Day,91,Washington's Birthday,,,FLOWER_AND_GARDEN,,,0,,,EPCOT Flower And Garden,,rules,2026-09-13T06:17:30+00:00
2022-05-24,Tue,1,WEEKDAY,0,21,5,May,24,144,2,2022,REGULAR,,,0,0,0,0,0,MEMORIAL,-6,6,Memorial Day,92,Washington's Birthday,,,FLOWER_AND_GARDEN,,,0,,,EPCOT Flower And Garden,,rules,2026-09-13T06:17:30+00:00
2022-05-25,Wed,2,WEEKDAY,0,21,5,May,25,145,2,2022,REGULAR,,,0,0,0,0,0,MEMORIAL,-5,5,Memorial Day,93,Washington's Birthday,,,FLOWER_AND_GARDEN,,,0,,,EPCOT Flower And Garden,,rules,2026-09-13T06:17:30+00:00
2022-05-26,Thu,3,WEEKDAY,0,21,5,May,26,146,2,2022,REGULAR,,,0,0,0,0,0,MEMORIAL,-4,4,Memorial Day,94,Washington's Birthday,,,FLOWER_AND_GARDEN,,,0,,,EPCOT Flower And Garden,,rules,2026-09-13T06:17:30+00:00
2022-05-27,Fri,4,FRI,0,21,5,May,27,147,2,2022,MEMORIAL_WKND,,,0,0,0,1,0,MEMORIAL,-3,3,Memorial Day,95,Washington's Birthday,,,FLOWER_AND_GARDEN,,,0,,,long weekend; memorial wknd; EPCOT Flower And Garden,,rules,2026-09-13T06:17:30+00:00
2022-05-28,Sat,5,SAT,1,21,5,May,28,148,2,2022,MEMORIAL_WKND,,,0,0,0,1,0,MEMORIAL,-2,2,Memorial Day,96,Washington's Birthday,,,FLOWER_AND_GARDEN,,,0,,,long weekend; memorial wknd; EPCOT Flower And Garden,,rules,2026-09-13T06:17:30+00:00
2022-05-29,Sun,6,SUN,1,21,5,May,29,149,2,2022,MEMORIAL_WKND,,,0,1,0,1,0,MEMORIAL,-1,1,Memorial Day,97,Washington's Birthday,,,FLOWER_AND_GARDEN,,,0,,,long weekend; memorial wknd; EPCOT Flower And Garden,,rules,2026-09-13T06:17:30+00:00
2022-05-30,Mon,0,WEEKDAY,0,22,5,May,30,150,2,2022,MEMORIAL_WKND,Memorial Day,federal,1,0,0,1,0,MEMORIAL,0,20,Juneteenth National Independence Day,98,Washington's Birthday,,,FLOWER_AND_GARDEN,,,0,MAY_HALF_TERM,,Memorial Day; memorial wknd; EPCOT Flower And Garden; UK may half term,,rules,2026-09-13T06:17:30+00:00
2022-05-31,Tue,1,WEEKDAY,0,22,5,May,31,151,2,2022,MEMORIAL_WKND,,,0,0,1,0,0,MEMORIAL,1,19,Juneteenth National Independence Day,1,Memorial Day,,,FLOWER_AND_GARDEN,,,0,MAY_HALF_TERM,,memorial wknd; EPCOT Flower And Garden; UK may half term,,rules,2026-09-13T06:17:30+00:00
2022-06-01,Wed,2,WEEKDAY,0,22,6,Jun,1,152,2,2022,REGULAR,,,0,0,0,0,0,MEMORIAL,2,18,Juneteenth National Independence Day,2,Memorial Day,,,FLOWER_AND_GARDEN,,,0,MAY_HALF_TERM,,EPCOT Flower And Garden; UK may half term,,rules,2026-09-13T06:17:30+00:00
2022-06-02,Thu,3,WEEKDAY,0,22,6,Jun,2,153,2,2022,REGULAR,,,0,0,0,0,0,MEMORIAL,3,17,Juneteenth National Independence Day,3,Memorial Day,,,FLOWER_AND_GARDEN,,,0,MAY_HALF_TERM,,EPCOT Flower And Garden; UK may half term,,rules,2026-09-13T06:17:30+00:00
2022-06-03,Fri,4,FRI,0,22,6,Jun,3,154,2,2022,REGULAR,,,0,0,0,0,0,MEMORIAL,4,16,Juneteenth National Independence Day,4,Memorial Day,,,FLOWER_AND_GARDEN,,,0,MAY_HALF_TERM,,EPCOT Flower And Garden; UK may half term,,rules,2026-09-13T06:17:30+00:00
2022-06-04,Sat,5,SAT,1,22,6,Jun,4,155,2,2022,REGULAR,,,0,0,0,0,0,MEMORIAL,5,15,Juneteenth National Independence Day,5,Memorial Day,,,FLOWER_AND_GARDEN,,,0,,,EPCOT Flower And Garden,,rules,2026-09-13T06:17:30+00:00
2022-06-05,Sun,6,SUN,1,22,6,Jun,5,156,2,2022,REGULAR,,,0,0,0,0,0,MEMORIAL,6,14,Juneteenth National Independence Day,6,Memorial Day,,,FLOWER_AND_GARDEN,,,0,,,EPCOT Flower And Garden,,rules,2026-09-13T06:17:30+00:00
2022-06-06,Mon,0,WEEKDAY,0,23,6,Jun,6,157,2,2022,REGULAR,,,0,0,0,0,0,MEMORIAL,7,13,Juneteenth National Independence Day,7,Memorial Day,,,FLOWER_AND_GARDEN,,,0,,,EPCOT Flower And Garden,,rules,2026-09-13T06:17:30+00:00
2022-06-07,Tue,1,WEEKDAY,0,23,6,Jun,7,158,2,2022,REGULAR,,,0,0,0,0,0,MEMORIAL,8,12,Juneteenth National Independence Day,8,Memorial Day,,,FLOWER_AND_GARDEN,,,0,,,EPCOT Flower And Garden,,rules,2026-09-13T06:17:30+00:00
2022-06-08,Wed,2,WEEKDAY,0,23,6,Jun,8,159,2,2022,SUMMER_PEAK,,,0,0,0,0,0,MEMORIAL,9,11,Juneteenth National Independence Day,9,Memorial Day,,,FLOWER_AND_GARDEN,SUMMER,"NE,SOUTH,MIDWEST,WEST,FL",0,,,summer peak; EPCOT Flower And Garden; US school summer,,rules,2026-09-13T06:17:30+00:00
2022-06-09,Thu,3,WEEKDAY,0,23,6,Jun,9,160,2,2022,SUMMER_PEAK,,,0,0,0,0,0,MEMORIAL,10,10,Juneteenth National Independence Day,10,Memorial Day,,,FLOWER_AND_GARDEN,SUMMER,"NE,SOUTH,MIDWEST,WEST,FL",0,,,summer peak; EPCOT Flower And Garden; US school summer,,rules,2026-09-13T06:17:30+00:00
2022-06-10,Fri,4,FRI,0,23,6,Jun,10,161,2,2022,SUMMER_PEAK,,,0,0,0,0,0,,,9,Juneteenth National Independence Day,11,Memorial Day,,,FLOWER_AND_GARDEN,SUMMER,"NE,SOUTH,MIDWEST,WEST,FL",0,,,summer peak; EPCOT Flower And Garden; US school summer,,rules,2026-09-13T06:17:30+00:00
2022-06-11,Sat,5,SAT,1,23,6,Jun,11,162,2,2022,SUMMER_PEAK,,,0,0,0,0,0,,,8,Juneteenth National Independence Day,12,Memorial Day,,,FLOWER_AND_GARDEN,SUMMER,"NE,SOUTH,MIDWEST,WEST,FL",0,,,summer peak; EPCOT Flower And Garden; US school summer,,rules,2026-09-13T06:17:30+00:00
2022-06-12,Sun,6,SUN,1,23,6,Jun,12,163,2,2022,SUMMER_PEAK,,,0,0,0,0,0,,,7,Juneteenth National Independence Day,13,Memorial Day,,,FLOWER_AND_GARDEN,SUMMER,"NE,SOUTH,MIDWEST,WEST,FL",0,,,summer peak; EPCOT Flower And Garden; US school summer,,rules,2026-09-13T06:17:30+00:00
2022-06-13,Mon,0,WEEKDAY,0,24,6,Jun,13,164,2,2022,SUMMER_PEAK,,,0,0,0,0,0,,,6,Juneteenth National Independence Day,14,Memorial Day,,,FLOWER_AND_GARDEN,SUMMER,"NE,SOUTH,MIDWEST,WEST,FL",0,,,summer peak; EPCOT Flower And Garden; US school summer,,rules,2026-09-13T06:17:30+00:00
2022-06-14,Tue,1,WEEKDAY,0,24,6,Jun,14,165,2,2022,SUMMER_PEAK,,,0,0,0,0,0,,,5,Juneteenth National Independence Day,15,Memorial Day,,,FLOWER_AND_GARDEN,SUMMER,"NE,SOUTH,MIDWEST,WEST,FL",0,,,summer peak; EPCOT Flower And Garden; US school summer,,rules,2026-09-13T06:17:30+00:00
2022-06-15,Wed,2,WEEKDAY,0,24,6,Jun,15,166,2,2022,SUMMER_PEAK,,,0,0,0,0,0,,,4,Juneteenth National Independence Day,16,Memorial Day,,,FLOWER_AND_GARDEN,SUMMER,"NE,SOUTH,MIDWEST,WEST,FL",0,,,summer peak; EPCOT Flower And Garden; US school summer,,rules,2026-09-13T06:17:30+00:00
2022-06-16,Thu,3,WEEKDAY,0,24,6,Jun,16,167,2,2022,SUMMER_PEAK,,,0,0,0,0,0,,,3,Juneteenth National Independence Day,17,Memorial Day,,,FLOWER_AND_GARDEN,SUMMER,"NE,SOUTH,MIDWEST,WEST,FL",0,,,summer peak; EPCOT Flower And Garden; US school summer,,rules,2026-09-13T06:17:30+00:00
2022-06-17,Fri,4,FRI,0,24,6,Jun,17,168,2,2022,SUMMER_PEAK,,,0,0,0,1,0,,,2,Juneteenth National Independence Day,18,Memorial Day,,,FLOWER_AND_GARDEN,SUMMER,"NE,SOUTH,MIDWEST,WEST,FL",0,,,long weekend; summer peak; EPCOT Flower And Garden; US school summer,,rules,2026-09-13T06:17:30+00:00
2022-06-18,Sat,5,SAT,1,24,6,Jun,18,169,2,2022,SUMMER_PEAK,,,0,1,0,1,0,,,1,Juneteenth National Independence Day,19,Memorial Day,,,FLOWER_AND_GARDEN,SUMMER,"NE,SOUTH,MIDWEST,WEST,FL",0,,,long weekend; summer peak; EPCOT Flower And Garden; US school summer,,rules,2026-09-13T06:17:30+00:00
2022-06-19,Sun,6,SUN,1,24,6,Jun,19,170,2,2022,SUMMER_PEAK,Juneteenth National Independence Day,federal,1,1,0,1,0,,,15,Independence Day,20,Memorial Day,,,FLOWER_AND_GARDEN,SUMMER,"NE,SOUTH,MIDWEST,WEST,FL",0,,,Juneteenth National Independence Day; summer peak; EPCOT Flower And Garden; US school summer,,rules,2026-09-13T06:17:30+00:00
2022-06-20,Mon,0,WEEKDAY,0,25,6,Jun,20,171,2,2022,SUMMER_PEAK,Juneteenth National Independence Day (observed),observed,1,0,1,1,0,,,14,Independence Day,1,Juneteenth National Independence Day,,,FLOWER_AND_GARDEN,SUMMER,"NE,SOUTH,MIDWEST,WEST,FL",0,,,Juneteenth National Independence Day (observed); summer peak; EPCOT Flower And Garden; US school summer,,rules,2026-09-13T06:17:30+00:00
2022-06-21,Tue,1,WEEKDAY,0,25,6,Jun,21,172,2,2022,SUMMER_PEAK,,,0,0,1,0,0,,,13,Independence Day,2,Juneteenth National Independence Day,,,FLOWER_AND_GARDEN,SUMMER,"NE,SOUTH,MIDWEST,WEST,FL",0,,,summer peak; EPCOT Flower And Garden; US school summer,,rules,2026-09-13T06:17:30+00:00
2022-06-22,Wed,2,WEEKDAY,0,25,6,Jun,22,173,2,2022,SUMMER_PEAK,,,0,0,0,0,0,,,12,Independence Day,3,Juneteenth National Independence Day,,,FLOWER_AND_GARDEN,SUMMER,"NE,SOUTH,MIDWEST,WEST,FL",0,,,summer peak; EPCOT Flower And Garden; US school summer,,rules,2026-09-13T06:17:30+00:00
2022-06-23,Thu,3,WEEKDAY,0,25,6,Jun,23,174,2,2022,SUMMER_PEAK,,,0,0,0,0,0,,,11,Independence Day,4,Juneteenth National Independence Day,,,FLOWER_AND_GARDEN,SUMMER,"NE,SOUTH,MIDWEST,WEST,FL",0,,,summer peak; EPCOT Flower And Garden; US school summer,,rules,2026-09-13T06:17:30+00:00
2022-06-24,Fri,4,FRI,0,25,6,Jun,24,175,2,2022,SUMMER_PEAK,,,0,0,0,0,0,JULY4,-10,10,Independence Day,5,Juneteenth National Independence Day,,,FLOWER_AND_GARDEN,SUMMER,"NE,SOUTH,MIDWEST,WEST,FL",0,,,summer peak; EPCOT Flower And Garden; US school summer,,rules,2026-09-13T06:17:30+00:00
2022-06-25,Sat,5,SAT,1,25,6,Jun,25,176,2,2022,SUMMER_PEAK,,,0,0,0,0,0,JULY4,-9,9,Independence Day,6,Juneteenth National Independence Day,,,FLOWER_AND_GARDEN,SUMMER,"NE,SOUTH,MIDWEST,WEST,FL",0,,,summer peak; EPCOT Flower And Garden; US school summer,,rules,2026-09-13T06:17:30+00:00
2022-06-26,Sun,6,SUN,1,25,6,Jun,26,177,2,2022,SUMMER_PEAK,,,0,0,0,0,0,JULY4,-8,8,Independence Day,7,Juneteenth National Independence Day,,,FLOWER_AND_GARDEN,SUMMER,"NE,SOUTH,MIDWEST,WEST,FL",0,,,summer peak; EPCOT Flower And Garden; US school summer,,rules,2026-09-13T06:17:30+00:00
2022-06-27,Mon,0,WEEKDAY,0,26,6,Jun,27,178,2,2022,SUMMER_PEAK,,,0,0,0,0,0,JULY4,-7,7,Independence Day,8,Juneteenth National Independence Day,,,FLOWER_AND_GARDEN,SUMMER,"NE,SOUTH,MIDWEST,WEST,FL",0,,,summer peak; EPCOT Flower And Garden; US school summer,,rules,2026-09-13T06:17:30+00:00
2022-06-28,Tue,1,WEEKDAY,0,26,6,Jun,28,179,2,2022,SUMMER_PEAK,,,0,0,0,0,0,JULY4,-6,6,Independence Day,9,Juneteenth National Independence Day,,,FLOWER_AND_GARDEN,SUMMER,"NE,SOUTH,MIDWEST,WEST,FL",0,,,summer peak; EPCOT Flower And Garden; US school summer,,rules,2026-09-13T06:17:30+00:00
2022-06-29,Wed,2,WEEKDAY,0,26,6,Jun,29,180,2,2022,SUMMER_PEAK,,,0,0,0,0,0,JULY4,-5,5,Independence Day,10,Juneteenth National Independence Day,,,FLOWER_AND_GARDEN,SUMMER,"NE,SOUTH,MIDWEST,WEST,FL",0,,,summer peak; EPCOT Flower And Garden; US school summer,,rules,2026-09-13T06:17:30+00:00
2022-06-30,Thu,3,WEEKDAY,0,26,6,Jun,30,181,2,2022,SUMMER_PEAK,,,0,0,0,0,0,JULY4,-4,4,Independence Day,11,Juneteenth National Independence Day,,,FLOWER_AND_GARDEN,SUMMER,"NE,SOUTH,MIDWEST,WEST,FL",0,,,summer peak; EPCOT Flower And Garden; US school summer,,rules,2026-09-13T06:17:30+00:00
2022-07-01,Fri,4,FRI,0,26,7,Jul,1,182,3,2022,JULY4_WK,,,0,0,0,1,0,JULY4,-3,3,Independence Day,12,Juneteenth National Independence Day,,,FLOWER_AND_GARDEN,SUMMER,"NE,SOUTH,MIDWEST,WEST,FL",0,,WINTER,long weekend; july4 wk; EPCOT Flower And Garden; US school summer; Brazil winter,,rules,2026-09-13T06:17:30+00:00
2022-07-02,Sat,5,SAT,1,26,7,Jul,2,183,3,2022,JULY4_WK,,,0,0,0,1,0,JULY4,-2,2,Independence Day,13,Juneteenth National Independence Day,,,FLOWER_AND_GARDEN,SUMMER,"NE,SOUTH,MIDWEST,WEST,FL",0,,WINTER,long weekend; july4 wk; EPCOT Flower And Garden; US school summer; Brazil winter,,rules,2026-09-13T06:17:30+00:00
2022-07-03,Sun,6,SUN,1,26,7,Jul,3,184,3,2022,JULY4_WK,,,0,1,0,1,0,JULY4,-1,1,Independence Day,14,Juneteenth National Independence Day,,,FLOWER_AND_GARDEN,SUMMER,"NE,SOUTH,MIDWEST,WEST,FL",0,,WINTER,long weekend; july4 wk; EPCOT Flower And Garden; US school summer; Brazil winter,,rules,2026-09-13T06:17:30+00:00
2022-07-04,Mon,0,WEEKDAY,0,27,7,Jul,4,185,3,2022,JULY4_WK,Independence Day,federal,1,0,0,1,0,JULY4,0,63,Labor Day,15,Juneteenth National Independence Day,,,FLOWER_AND_GARDEN,SUMMER,"NE,SOUTH,MIDWEST,WEST,FL",0,,WINTER,Independence Day; july4 wk; EPCOT Flower And Garden; US school summer; Brazil winter,,rules,2026-09-13T06:17:30+00:00
2022-07-05,Tue,1,WEEKDAY,0,27,7,Jul,5,186,3,2022,JULY4_WK,,,0,0,1,0,0,JULY4,1,62,Labor Day,1,Independence Day,,,FLOWER_AND_GARDEN,SUMMER,"NE,SOUTH,MIDWEST,WEST,FL",0,,WINTER,july4 wk; EPCOT Flower And Garden; US school summer; Brazil winter,,rules,2026-09-13T06:17:30+00:00
2022-07-06,Wed,2,WEEKDAY,0,27,7,Jul,6,187,3,2022,JULY4_WK,,,0,0,0,0,0,JULY4,2,61,Labor Day,2,Independence Day,,,FLOWER_AND_GARDEN,SUMMER,"NE,SOUTH,MIDWEST,WEST,FL",0,,WINTER,july4 wk; EPCOT Flower And Garden; US school summer; Brazil winter,,rules,2026-09-13T06:17:30+00:00
2022-07-07,Thu,3,WEEKDAY,0,27,7,Jul,7,188,3,2022,JULY4_WK,,,0,0,0,0,0,JULY4,3,60,Labor Day,3,Independence Day,,,,SUMMER,"NE,SOUTH,MIDWEST,WEST,FL",0,,WINTER,july4 wk; US school summer; Brazil winter,,rules,2026-09-13T06:17:30+00:00
2022-07-08,Fri,4,FRI,0,27,7,Jul,8,189,3,2022,SUMMER_PEAK,,,0,0,0,0,0,JULY4,4,59,Labor Day,4,Independence Day,,,,SUMMER,"NE,SOUTH,MIDWEST,WEST,FL",0,,WINTER,summer peak; US school summer; Brazil winter,,rules,2026-09-13T06:17:30+00:00
2022-07-09,Sat,5,SAT,1,27,7,Jul,9,190,3,2022,SUMMER_PEAK,,,0,0,0,0,0,JULY4,5,58,Labor Day,5,Independence Day,,,,SUMMER,"NE,SOUTH,MIDWEST,WEST,FL",0,,WINTER,summer peak; US school summer; Brazil winter,,rules,2026-09-13T06:17:30+00:00
2022-07-10,Sun,6,SUN,1,27,7,Jul,10,191,3,2022,SUMMER_PEAK,,,0,0,0,0,0,JULY4,6,57,Labor Day,6,Independence Day,,,,SUMMER,"NE,SOUTH,MIDWEST,WEST,FL",0,,WINTER,summer peak; US school summer; Brazil winter,,rules,2026-09-13T06:17:30+00:00
2022-07-11,Mon,0,WEEKDAY,0,28,7,Jul,11,192,3,2022,SUMMER_PEAK,,,0,0,0,0,0,JULY4,7,56,Labor Day,7,Independence Day,,,,SUMMER,"NE,SOUTH,MIDWEST,WEST,FL",0,,WINTER,summer peak; US school summer; Brazil winter,,rules,2026-09-13T06:17:30+00:00
2022-07-12,Tue,1,WEEKDAY,0,28,7,Jul,12,193,3,2022,SUMMER_PEAK,,,0,0,0,0,0,JULY4,8,55,Labor Day,8,Independence Day,,,,SUMMER,"NE,SOUTH,MIDWEST,WEST,FL",0,,WINTER,summer peak; US school summer; Brazil winter,,rules,2026-09-13T06:17:30+00:00
2022-07-13,Wed,2,WEEKDAY,0,28,7,Jul,13,194,3,2022,SUMMER_PEAK,,,0,0,0,0,0,JULY4,9,54,Labor Day,9,Independence Day,,,,SUMMER,"NE,SOUTH,MIDWEST,WEST,FL",0,,WINTER,summer peak; US school summer; Brazil winter,,rules,2026-09-13T06:17:30+00:00
2022-07-14,Thu,3,WEEKDAY,0,28,7,Jul,14,195,3,2022,SUMMER_PEAK,,,0,0,0,0,0,JULY4,10,53,Labor Day,10,Independence Day,,,,SUMMER,"NE,SOUTH,MIDWEST,WEST,FL",0,,WINTER,summer peak; US school summer; Brazil winter,,rules,2026-09-13T06:17:30+00:00
2022-07-15,Fri,4,FRI,0,28,7,Jul,15,196,3,2022,SUMMER_PEAK,,,0,0,0,0,0,,,52,Labor Day,11,Independence Day,,,,SUMMER,"NE,SOUTH,MIDWEST,WEST,FL",0,,WINTER,summer peak; US school summer; Brazil winter,,rules,2026-09-13T06:17:30+00:00
2022-07-16,Sat,5,SAT,1,28,7,Jul,16,197,3,2022,SUMMER_PEAK,,,0,0,0,0,0,,,51,Labor Day,12,Independence Day,,,,SUMMER,"NE,SOUTH,MIDWEST,WEST,FL",0,,WINTER,summer peak; US school summer; Brazil winter,,rules,2026-09-13T06:17:30+00:00
2022-07-17,Sun,6,SUN,1,28,7,Jul,17,198,3,2022,SUMMER_PEAK,,,0,0,0,0,0,,,50,Labor Day,13,Independence Day,,,,SUMMER,"NE,SOUTH,MIDWEST,WEST,FL",0,,WINTER,summer peak; US school summer; Brazil winter,,rules,2026-09-13T06:17:30+00:00
2022-07-18,Mon,0,WEEKDAY,0,29,7,Jul,18,199,3,2022,SUMMER_PEAK,,,0,0,0,0,0,,,49,Labor Day,14,Independence Day,,,,SUMMER,"NE,SOUTH,MIDWEST,WEST,FL",0,,WINTER,summer peak; US school summer; Brazil winter,,rules,2026-09-13T06:17:30+00:00
2022-07-19,Tue,1,WEEKDAY,0,29,7,Jul,19,200,3,2022,SUMMER_PEAK,,,0,0,0,0,0,,,48,Labor Day,15,Independence Day,,,,SUMMER,"NE,SOUTH,MIDWEST,WEST,FL",0,,WINTER,summer peak; US school summer; Brazil winter,,rules,2026-09-13T06:17:30+00:00
2022-07-20,Wed,2,WEEKDAY,0,29,7,Jul,20,201,3,2022,SUMMER_PEAK,,,0,0,0,0,0,,,47,Labor Day,16,Independence Day,,,,SUMMER,"NE,SOUTH,MIDWEST,WEST,FL",0,,WINTER,summer peak; US school summer; Brazil winter,,rules,2026-09-13T06:17:30+00:00
2022-07-21,Thu,3,WEEKDAY,0,29,7,Jul,21,202,3,2022,SUMMER_PEAK,,,0,0,0,0,0,,,46,Labor Day,17,Independence Day,,,,SUMMER,"NE,SOUTH,MIDWEST,WEST,FL",0,,WINTER,summer peak; US school summer; Brazil winter,,rules,2026-09-13T06:17:30+00:00
2022-07-22,Fri,4,FRI,0,29,7,Jul,22,203,3,2022,SUMMER_PEAK,,,0,0,0,0,0,,,45,Labor Day,18,Independence Day,,,,SUMMER,"NE,SOUTH,MIDWEST,WEST,FL",0,,WINTER,summer peak; US school summer; Brazil winter,,rules,2026-09-13T06:17:30+00:00
2022-07-23,Sat,5,SAT,1,29,7,Jul,23,204,3,2022,SUMMER_PEAK,,,0,0,0,0,0,,,44,Labor Day,19,Independence Day,,,,SUMMER,"NE,SOUTH,MIDWEST,WEST,FL",0,SUMMER,WINTER,summer peak; US school summer; UK summer; Brazil winter,,rules,2026-09-13T06:17:30+00:00
2022-07-24,Sun,6,SUN,1,29,7,Jul,24,205,3,2022,SUMMER_PEAK,,,0,0,0,0,0,,,43,Labor Day,20,Independence Day,,,,SUMMER,"NE,SOUTH,MIDWEST,WEST,FL",0,SUMMER,WINTER,summer peak; US school summer; UK summer; Brazil winter,,rules,2026-09-13T06:17:30+00:00
2022-07-25,Mon,0,WEEKDAY,0,30,7,Jul,25,206,3,2022,SUMMER_PEAK,,,0,0,0,0,0,,,42,Labor Day,21,Independence Day,,,,SUMMER,"NE,SOUTH,MIDWEST,WEST,FL",0,SUMMER,WINTER,summer peak; US school summer; UK summer; Brazil winter,,rules,2026-09-13T06:17:30+00:00
2022-07-26,Tue,1,WEEKDAY,0,30,7,Jul,26,207,3,2022,SUMMER_PEAK,,,0,0,0,0,0,,,41,Labor Day,22,Independence Day,,,,SUMMER,"NE,SOUTH,MIDWEST,WEST,FL",0,SUMMER,WINTER,summer peak; US school summer; UK summer; Brazil winter,,rules,2026-09-13T06:17:30+00:00
2022-07-27,Wed,2,WEEKDAY,0,30,7,Jul,27,208,3,2022,SUMMER_PEAK,,,0,0,0,0,0,,,40,Labor Day,23,Independence Day,,,,SUMMER,"NE,SOUTH,MIDWEST,WEST,FL",0,SUMMER,WINTER,summer peak; US school summer; UK summer; Brazil winter,,rules,2026-09-13T06:17:30+00:00
2022-07-28,Thu,3,WEEKDAY,0,30,7,Jul,28,209,3,2022,SUMMER_PEAK,,,0,0,0,0,0,,,39,Labor Day,24,Independence Day,,,,SUMMER,"NE,SOUTH,MIDWEST,WEST,FL",0,SUMMER,WINTER,summer peak; US school summer; UK summer; Brazil winter,,rules,2026-09-13T06:17:30+00:00
2022-07-29,Fri,4,FRI,0,30,7,Jul,29,210,3,2022,SUMMER_PEAK,,,0,0,0,0,0,,,38,Labor Day,25,Independence Day,,,,SUMMER,"NE,SOUTH,MIDWEST,WEST,FL",0,SUMMER,WINTER,summer peak; US school summer; UK summer; Brazil winter,,rules,2026-09-13T06:17:30+00:00
2022-07-30,Sat,5,SAT,1,30,7,Jul,30,211,3,2022,SUMMER_PEAK,,,0,0,0,0,0,,,37,Labor Day,26,Independence Day,,,,SUMMER,"NE,SOUTH,MIDWEST,WEST,FL",0,SUMMER,WINTER,summer peak; US school summer; UK summer; Brazil winter,,rules,2026-09-13T06:17:30+00:00
2022-07-31,Sun,6,SUN,1,30,7,Jul,31,212,3,2022,SUMMER_PEAK,,,0,0,0,0,0,,,36,Labor Day,27,Independence Day,,,,SUMMER,"NE,SOUTH,MIDWEST,WEST,FL",0,SUMMER,WINTER,summer peak; US school summer; UK summer; Brazil winter,,rules,2026-09-13T06:17:30+00:00
2022-08-01,Mon,0,WEEKDAY,0,31,8,Aug,1,213,3,2022,SUMMER_PEAK,,,0,0,0,0,0,,,35,Labor Day,28,Independence Day,,,,SUMMER,"NE,SOUTH,MIDWEST,WEST,FL",0,SUMMER,,summer peak; US school summer; UK summer,,rules,2026-09-13T06:17:30+00:00
2022-08-02,Tue,1,WEEKDAY,0,31,8,Aug,2,214,3,2022,SUMMER_PEAK,,,0,0,0,0,0,,,34,Labor Day,29,Independence Day,,,,SUMMER,"NE,SOUTH,MIDWEST,WEST,FL",0,SUMMER,,summer peak; US school summer; UK summer,,rules,2026-09-13T06:17:30+00:00
2022-08-03,Wed,2,WEEKDAY,0,31,8,Aug,3,215,3,2022,SUMMER_PEAK,,,0,0,0,0,0,,,33,Labor Day,30,Independence Day,,,,SUMMER,"NE,SOUTH,MIDWEST,WEST,FL",0,SUMMER,,summer peak; US school summer; UK summer,,rules,2026-09-13T06:17:30+00:00
2022-08-04,Thu,3,WEEKDAY,0,31,8,Aug,4,216,3,2022,SUMMER_PEAK,,,0,0,0,0,0,,,32,Labor Day,31,Independence Day,,,,SUMMER,"NE,SOUTH,MIDWEST,WEST,FL",0,SUMMER,,summer peak; US school summer; UK summer,,rules,2026-09-13T06:17:30+00:00
2022-08-05,Fri,4,FRI,0,31,8,Aug,5,217,3,2022,SUMMER_PEAK,,,0,0,0,0,0,,,31,Labor Day,32,Independence Day,,,,SUMMER,"NE,SOUTH,MIDWEST,WEST,FL",0,SUMMER,,summer peak; US school summer; UK summer,,rules,2026-09-13T06:17:30+00:00
2022-08-06,Sat,5,SAT,1,31,8,Aug,6,218,3,2022,SUMMER_PEAK,,,0,0,0,0,0,,,30,Labor Day,33,Independence Day,,,,SUMMER,"NE,SOUTH,MIDWEST,WEST,FL",0,SUMMER,,summer peak; US school summer; UK summer,,rules,2026-09-13T06:17:30+00:00
2022-08-07,Sun,6,SUN,1,31,8,Aug,7,219,3,2022,SUMMER_PEAK,,,0,0,0,0,0,,,29,Labor Day,34,Independence Day,,,,SUMMER,"NE,SOUTH,MIDWEST,WEST,FL",0,SUMMER,,summer peak; US school summer; UK summer,,rules,2026-09-13T06:17:30+00:00
2022-08-08,Mon,0,WEEKDAY,0,32,8,Aug,8,220,3,2022,SUMMER_PEAK,,,0,0,0,0,0,,,28,Labor Day,35,Independence Day,,WDW_HALLOWEEN,,SUMMER,"NE,SOUTH,MIDWEST,WEST,FL",0,SUMMER,,summer peak; US school summer; UK summer,,rules,2026-09-13T06:17:30+00:00
2022-08-09,Tue,1,WEEKDAY,0,32,8,Aug,9,221,3,2022,SUMMER_PEAK,,,0,0,0,0,0,,,27,Labor Day,36,Independence Day,,WDW_HALLOWEEN,,SUMMER,"NE,SOUTH,MIDWEST,WEST,FL",0,SUMMER,,summer peak; US school summer; UK summer,,rules,2026-09-13T06:17:30+00:00
2022-08-10,Wed,2,WEEKDAY,0,32,8,Aug,10,222,3,2022,SUMMER_PEAK,,,0,0,0,0,0,,,26,Labor Day,37,Independence Day,,WDW_HALLOWEEN,,SUMMER,"NE,SOUTH,MIDWEST,WEST,FL",0,SUMMER,,summer peak; US school summer; UK summer,,rules,2026-09-13T06:17:30+00:00
2022-08-11,Thu,3,WEEKDAY,0,32,8,Aug,11,223,3,2022,LATE_SUMMER,,,0,0,0,0,0,,,25,Labor Day,38,Independence Day,,WDW_HALLOWEEN,,SUMMER,"NE,SOUTH,MIDWEST,WEST,FL",0,SUMMER,,late summer; US school summer; UK summer,,rules,2026-09-13T06:17:30+00:00
2022-08-12,Fri,4,FRI,0,32,8,Aug,12,224,3,2022,LATE_SUMMER,,,0,0,0,0,0,,,24,Labor Day,39,Independence Day,,WDW_HALLOWEEN,,SUMMER,"NE,SOUTH,MIDWEST,WEST,FL",0,SUMMER,,late summer; US school summer; UK summer,,rules,2026-09-13T06:17:30+00:00
2022-08-13,Sat,5,SAT,1,32,8,Aug,13,225,3,2022,LATE_SUMMER,,,0,0,0,0,0,,,23,Labor Day,40,Independence Day,,WDW_HALLOWEEN,,SUMMER,"NE,SOUTH,MIDWEST,WEST,FL",0,SUMMER,,late summer; US school summer; UK summer,,rules,2026-09-13T06:17:30+00:00
2022-08-14,Sun,6,SUN,1,32,8,Aug,14,226,3,2022,LATE_SUMMER,,,0,0,0,0,0,,,22,Labor Day,41,Independence Day,,WDW_HALLOWEEN,,SUMMER,"NE,SOUTH,MIDWEST,WEST,FL",0,SUMMER,,late summer; US school summer; UK summer,,rules,2026-09-13T06:17:30+00:00
2022-08-15,Mon,0,WEEKDAY,0,33,8,Aug,15,227,3,2022,LATE_SUMMER,,,0,0,0,0,0,,,21,Labor Day,42,Independence Day,HALLOWEEN_SEASON,WDW_HALLOWEEN,,SUMMER,"NE,SOUTH,MIDWEST,WEST,FL",0,SUMMER,,late summer; halloween season; US school summer; UK summer,,rules,2026-09-13T06:17:30+00:00
2022-08-16,Tue,1,WEEKDAY,0,33,8,Aug,16,228,3,2022,LATE_SUMMER,,,0,0,0,0,0,,,20,Labor Day,43,Independence Day,HALLOWEEN_SEASON,WDW_HALLOWEEN,,SUMMER,"NE,SOUTH,MIDWEST,WEST,FL",0,SUMMER,,late summer; halloween season; US school summer; UK summer,,rules,2026-09-13T06:17:30+00:00
2022-08-17,Wed,2,WEEKDAY,0,33,8,Aug,17,229,3,2022,LATE_SUMMER,,,0,0,0,0,0,,,19,Labor Day,44,Independence Day,HALLOWEEN_SEASON,WDW_HALLOWEEN,,,,0,SUMMER,,late summer; halloween season; UK summer,,rules,2026-09-13T06:17:30+00:00
2022-08-18,Thu,3,WEEKDAY,0,33,8,Aug,18,230,3,2022,LATE_SUMMER,,,0,0,0,0,0,,,18,Labor Day,45,Independence Day,HALLOWEEN_SEASON,WDW_HALLOWEEN,,,,0,SUMMER,,late summer; halloween season; UK summer,,rules,2026-09-13T06:17:30+00:00
2022-08-19,Fri,4,FRI,0,33,8,Aug,19,231,3,2022,LATE_SUMMER,,,0,0,0,0,0,,,17,Labor Day,46,Independence Day,HALLOWEEN_SEASON,WDW_HALLOWEEN,,,,0,SUMMER,,late summer; halloween season; UK summer,,rules,2026-09-13T06:17:30+00:00
2022-08-20,Sat,5,SAT,1,33,8,Aug,20,232,3,2022,LATE_SUMMER,,,0,0,0,0,0,,,16,Labor Day,47,Independence Day,HALLOWEEN_SEASON,WDW_HALLOWEEN,,,,0,SUMMER,,late summer; halloween season; UK summer,,rules,2026-09-13T06:17:30+00:00
2022-08-21,Sun,6,SUN,1,33,8,Aug,21,233,3,2022,LATE_SUMMER,,,0,0,0,0,0,,,15,Labor Day,48,Independence Day,HALLOWEEN_SEASON,WDW_HALLOWEEN,,,,0,SUMMER,,late summer; halloween season; UK summer,,rules,2026-09-13T06:17:30+00:00
2022-08-22,Mon,0,WEEKDAY,0,34,8,Aug,22,234,3,2022,LATE_SUMMER,,,0,0,0,0,0,,,14,Labor Day,49,Independence Day,HALLOWEEN_SEASON,WDW_HALLOWEEN,,,,0,SUMMER,,late summer; halloween season; UK summer,,rules,2026-09-13T06:17:30+00:00
2022-08-23,Tue,1,WEEKDAY,0,34,8,Aug,23,235,3,2022,LATE_SUMMER,,,0,0,0,0,0,,,13,Labor Day,50,Independence Day,HALLOWEEN_SEASON,WDW_HALLOWEEN,,,,0,SUMMER,,late summer; halloween season; UK summer,,rules,2026-09-13T06:17:30+00:00
2022-08-24,Wed,2,WEEKDAY,0,34,8,Aug,24,236,3,2022,LATE_SUMMER,,,0,0,0,0,0,,,12,Labor Day,51,Independence Day,HALLOWEEN_SEASON,WDW_HALLOWEEN,,,,0,SUMMER,,late summer; halloween season; UK summer,,rules,2026-09-13T06:17:30+00:00
2022-08-25,Thu,3,WEEKDAY,0,34,8,Aug,25,237,3,2022,LATE_SUMMER,,,0,0,0,0,0,,,11,Labor Day,52,Independence Day,HALLOWEEN_SEASON,WDW_HALLOWEEN,,,,0,SUMMER,,late summer; halloween season; UK summer,,rules,2026-09-13T06:17:30+00:00
2022-08-26,Fri,4,FRI,0,34,8,Aug,26,238,3,2022,LATE_SUMMER,,,0,0,0,0,0,LABOR,-10,10,Labor Day,53,Independence Day,HALLOWEEN_SEASON,WDW_HALLOWEEN,,,,0,SUMMER,,late summer; halloween season; UK summer,,rules,2026-09-13T06:17:30+00:00
2022-08-27,Sat,5,SAT,1,34,8,Aug,27,239,3,2022,LATE_SUMMER,,,0,0,0,0,0,LABOR,-9,9,Labor Day,54,Independence Day,HALLOWEEN_SEASON,WDW_HALLOWEEN,FOOD_AND_WINE,,,0,SUMMER,,late summer; halloween season; EPCOT Food And Wine; UK summer,,rules,2026-09-13T06:17:30+00:00
2022-08-28,Sun,6,SUN,1,34,8,Aug,28,240,3,2022,LATE_SUMMER,,,0,0,0,0,0,LABOR,-8,8,Labor Day,55,Independence Day,HALLOWEEN_SEASON,WDW_HALLOWEEN,FOOD_AND_WINE,,,0,SUMMER,,late summer; halloween season; EPCOT Food And Wine; UK summer,,rules,2026-09-13T06:17:30+00:00
2022-08-29,Mon,0,WEEKDAY,0,35,8,Aug,29,241,3,2022,LATE_SUMMER,,,0,0,0,0,0,LABOR,-7,7,Labor Day,56,Independence Day,HALLOWEEN_SEASON,"UOR_HHN,WDW_HALLOWEEN",FOOD_AND_WINE,,,0,SUMMER,,late summer; halloween season; EPCOT Food And Wine; UK summer,,rules,2026-09-13T06:17:30+00:00
2022-08-30,Tue,1,WEEKDAY,0,35,8,Aug,30,242,3,2022,LATE_SUMMER,,,0,0,0,0,0,LABOR,-6,6,Labor Day,57,Independence Day,HALLOWEEN_SEASON,"UOR_HHN,WDW_HALLOWEEN",FOOD_AND_WINE,,,0,SUMMER,,late summer; halloween season; EPCOT Food And Wine; UK summer,,rules,2026-09-13T06:17:30+00:00
2022-08-31,Wed,2,WEEKDAY,0,35,8,Aug,31,243,3,2022,LATE_SUMMER,,,0,0,0,0,0,LABOR,-5,5,Labor Day,58,Independence Day,HALLOWEEN_SEASON,"UOR_HHN,WDW_HALLOWEEN",FOOD_AND_WINE,,,0,SUMMER,,late summer; halloween season; EPCOT Food And Wine; UK summer,,rules,2026-09-13T06:17:30+00:00
2022-09-01,Thu,3,WEEKDAY,0,35,9,Sep,1,244,3,2022,LATE_SUMMER,,,0,0,0,0,0,LABOR,-4,4,Labor Day,59,Independence Day,HALLOWEEN_SEASON,"UOR_HHN,WDW_HALLOWEEN",FOOD_AND_WINE,,,0,SUMMER,,late summer; halloween season; EPCOT Food And Wine; UK summer,,rules,2026-09-13T06:17:30+00:00
2022-09-02,Fri,4,FRI,0,35,9,Sep,2,245,3,2022,LABOR_WKND,,,0,0,0,1,0,LABOR,-3,3,Labor Day,60,Independence Day,HALLOWEEN_SEASON,"UOR_HHN,WDW_HALLOWEEN",FOOD_AND_WINE,,,0,,,long weekend; labor wknd; halloween season; EPCOT Food And Wine,,rules,2026-09-13T06:17:30+00:00
2022-09-03,Sat,5,SAT,1,35,9,Sep,3,246,3,2022,LABOR_WKND,,,0,0,0,1,0,LABOR,-2,2,Labor Day,61,Independence Day,HALLOWEEN_SEASON,"UOR_HHN,WDW_HALLOWEEN",FOOD_AND_WINE,,,0,,,long weekend; labor wknd; halloween season; EPCOT Food And Wine,,rules,2026-09-13T06:17:30+00:00
2022-09-04,Sun,6,SUN,1,35,9,Sep,4,247,3,2022,LABOR_WKND,,,0,1,0,1,0,LABOR,-1,1,Labor Day,62,Independence Day,HALLOWEEN_SEASON,"UOR_HHN,WDW_HALLOWEEN",FOOD_AND_WINE,,,0,,,long weekend; labor wknd; halloween season; EPCOT Food And Wine,,rules,2026-09-13T06:17:30+00:00
2022-09-05,Mon,0,WEEKDAY,0,36,9,Sep,5,248,3,2022,LABOR_WKND,Labor Day,federal,1,0,0,1,0,LABOR,0,35,Columbus Day,63,Independence Day,HALLOWEEN_SEASON,"SEA_HOS,UOR_HHN,WDW_HALLOWEEN",FOOD_AND_WINE,,,0,,,Labor Day; labor wknd; halloween season; EPCOT Food And Wine,,rules,2026-09-13T06:17:30+00:00
2022-09-06,Tue,1,WEEKDAY,0,36,9,Sep,6,249,3,2022,LABOR_WKND,,,0,0,1,0,0,LABOR,1,34,Columbus Day,1,Labor Day,HALLOWEEN_SEASON,"SEA_HOS,UOR_HHN,WDW_HALLOWEEN",FOOD_AND_WINE,,,0,,,labor wknd; halloween season; EPCOT Food And Wine,,rules,2026-09-13T06:17:30+00:00
2022-09-07,Wed,2,WEEKDAY,0,36,9,Sep,7,250,3,2022,FALL_OFFPEAK,,,0,0,0,0,0,LABOR,2,33,Columbus Day,2,Labor Day,HALLOWEEN_SEASON,"SEA_HOS,UOR_HHN,WDW_HALLOWEEN",FOOD_AND_WINE,,,0,,,fall offpeak; halloween season; EPCOT Food And Wine,,rules,2026-09-13T06:17:30+00:00
2022-09-08,Thu,3,WEEKDAY,0,36,9,Sep,8,251,3,2022,FALL_OFFPEAK,,,0,0,0,0,0,LABOR,3,32,Columbus Day,3,Labor Day,HALLOWEEN_SEASON,"SEA_HOS,UOR_HHN,WDW_HALLOWEEN",FOOD_AND_WINE,,,0,,,fall offpeak; halloween season; EPCOT Food And Wine,,rules,2026-09-13T06:17:30+00:00
2022-09-09,Fri,4,FRI,0,36,9,Sep,9,252,3,2022,FALL_OFFPEAK,,,0,0,0,0,0,LABOR,4,31,Columbus Day,4,Labor Day,HALLOWEEN_SEASON,"SEA_HOS,UOR_HHN,WDW_HALLOWEEN",FOOD_AND_WINE,,,0,,,fall offpeak; halloween season; EPCOT Food And Wine,,rules,2026-09-13T06:17:30+00:00
2022-09-10,Sat,5,SAT,1,36,9,Sep,10,253,3,2022,FALL_OFFPEAK,,,0,0,0,0,0,LABOR,5,30,Columbus Day,5,Labor Day,HALLOWEEN_SEASON,"SEA_HOS,UOR_HHN,WDW_HALLOWEEN",FOOD_AND_WINE,,,0,,,fall offpeak; halloween season; EPCOT Food And Wine,,rules,2026-09-13T06:17:30+00:00
2022-09-11,Sun,6,SUN,1,36,9,Sep,11,254,3,2022,FALL_OFFPEAK,,,0,0,0,0,0,LABOR,6,29,Columbus Day,6,Labor Day,HALLOWEEN_SEASON,"SEA_HOS,UOR_HHN,WDW_HALLOWEEN",FOOD_AND_WINE,,,0,,,fall offpeak; halloween season; EPCOT Food And Wine,,rules,2026-09-13T06:17:30+00:00
2022-09-12,Mon,0,WEEKDAY,0,37,9,Sep,12,255,3,2022,FALL_OFFPEAK,,,0,0,0,0,0,LABOR,7,28,Columbus Day,7,Labor Day,HALLOWEEN_SEASON,"SEA_HOS,UOR_HHN,WDW_HALLOWEEN",FOOD_AND_WINE,,,0,,,fall offpeak; halloween season; EPCOT Food And Wine,,rules,2026-09-13T06:17:30+00:00
2022-09-13,Tue,1,WEEKDAY,0,37,9,Sep,13,256,3,2022,FALL_OFFPEAK,,,0,0,0,0,0,LABOR,8,27,Columbus Day,8,Labor Day,HALLOWEEN_SEASON,"SEA_HOS,UOR_HHN,WDW_HALLOWEEN",FOOD_AND_WINE,,,0,,,fall offpeak; halloween season; EPCOT Food And Wine,,rules,2026-09-13T06:17:30+00:00
2022-09-14,Wed,2,WEEKDAY,0,37,9,Sep,14,257,3,2022,FALL_OFFPEAK,,,0,0,0,0,0,LABOR,9,26,Columbus Day,9,Labor Day,HALLOWEEN_SEASON,"SEA_HOS,UOR_HHN,WDW_HALLOWEEN",FOOD_AND_WINE,,,0,,,fall offpeak; halloween season; EPCOT Food And Wine,,rules,2026-09-13T06:17:30+00:00
2022-09-15,Thu,3,WEEKDAY,0,37,9,Sep,15,258,3,2022,FALL_OFFPEAK,,,0,0,0,0,0,LABOR,10,25,Columbus Day,10,Labor Day,HALLOWEEN_SEASON,"SEA_HOS,UOR_HHN,WDW_HALLOWEEN",FOOD_AND_WINE,,,0,,,fall offpeak; halloween season; EPCOT Food And Wine,,rules,2026-09-13T06:17:30+00:00
2022-09-16,Fri,4,FRI,0,37,9,Sep,16,259,3,2022,FALL_OFFPEAK,,,0,0,0,0,0,,,24,Columbus Day,11,Labor Day,HALLOWEEN_SEASON,"SEA_HOS,UOR_HHN,WDW_HALLOWEEN",FOOD_AND_WINE,,,0,,,fall offpeak; halloween season; EPCOT Food And Wine,,rules,2026-09-13T06:17:30+00:00
2022-09-17,Sat,5,SAT,1,37,9,Sep,17,260,3,2022,FALL_OFFPEAK,,,0,0,0,0,0,,,23,Columbus Day,12,Labor Day,HALLOWEEN_SEASON,"SEA_HOS,UOR_HHN,WDW_HALLOWEEN",FOOD_AND_WINE,,,0,,,fall offpeak; halloween season; EPCOT Food And Wine,,rules,2026-09-13T06:17:30+00:00
2022-09-18,Sun,6,SUN,1,37,9,Sep,18,261,3,2022,FALL_OFFPEAK,,,0,0,0,0,0,,,22,Columbus Day,13,Labor Day,HALLOWEEN_SEASON,"SEA_HOS,UOR_HHN,WDW_HALLOWEEN",FOOD_AND_WINE,,,0,,,fall offpeak; halloween season; EPCOT Food And Wine,,rules,2026-09-13T06:17:30+00:00
2022-09-19,Mon,0,WEEKDAY,0,38,9,Sep,19,262,3,2022,FALL_OFFPEAK,,,0,0,0,0,0,,,21,Columbus Day,14,Labor Day,HALLOWEEN_SEASON,"SEA_HOS,UOR_HHN,WDW_HALLOWEEN",FOOD_AND_WINE,,,0,,,fall offpeak; halloween season; EPCOT Food And Wine,,rules,2026-09-13T06:17:30+00:00
2022-09-20,Tue,1,WEEKDAY,0,38,9,Sep,20,263,3,2022,FALL_OFFPEAK,,,0,0,0,0,0,,,20,Columbus Day,15,Labor Day,HALLOWEEN_SEASON,"SEA_HOS,UOR_HHN,WDW_HALLOWEEN",FOOD_AND_WINE,,,0,,,fall offpeak; halloween season; EPCOT Food And Wine,,rules,2026-09-13T06:17:30+00:00
2022-09-21,Wed,2,WEEKDAY,0,38,9,Sep,21,264,3,2022,FALL_OFFPEAK,,,0,0,0,0,0,,,19,Columbus Day,16,Labor Day,HALLOWEEN_SEASON,"SEA_HOS,UOR_HHN,WDW_HALLOWEEN",FOOD_AND_WINE,,,0,,,fall offpeak; halloween season; EPCOT Food And Wine,,rules,2026-09-13T06:17:30+00:00
2022-09-22,Thu,3,WEEKDAY,0,38,9,Sep,22,265,3,2022,FALL_OFFPEAK,,,0,0,0,0,0,,,18,Columbus Day,17,Labor Day,HALLOWEEN_SEASON,"SEA_HOS,UOR_HHN,WDW_HALLOWEEN",FOOD_AND_WINE,,,0,,,fall offpeak; halloween season; EPCOT Food And Wine,,rules,2026-09-13T06:17:30+00:00
2022-09-23,Fri,4,FRI,0,38,9,Sep,23,266,3,2022,FALL_OFFPEAK,,,0,0,0,0,0,,,17,Columbus Day,18,Labor Day,HALLOWEEN_SEASON,"SEA_HOS,UOR_HHN,WDW_HALLOWEEN",FOOD_AND_WINE,,,0,,,fall offpeak; halloween season; EPCOT Food And Wine,,rules,2026-09-13T06:17:30+00:00
2022-09-24,Sat,5,SAT,1,38,9,Sep,24,267,3,2022,FALL_OFFPEAK,,,0,0,0,0,0,,,16,Columbus Day,19,Labor Day,HALLOWEEN_SEASON,"SEA_HOS,UOR_HHN,WDW_HALLOWEEN",FOOD_AND_WINE,,,0,,,fall offpeak; halloween season; EPCOT Food And Wine,,rules,2026-09-13T06:17:30+00:00
2022-09-25,Sun,6,SUN,1,38,9,Sep,25,268,3,2022,FALL_OFFPEAK,,,0,0,0,0,0,,,15,Columbus Day,20,Labor Day,HALLOWEEN_SEASON,"SEA_HOS,UOR_HHN,WDW_HALLOWEEN",FOOD_AND_WINE,,,0,,,fall offpeak; halloween season; EPCOT Food And Wine,,rules,2026-09-13T06:17:30+00:00
2022-09-26,Mon,0,WEEKDAY,0,39,9,Sep,26,269,3,2022,FALL_OFFPEAK,,,0,0,0,0,0,,,14,Columbus Day,21,Labor Day,HALLOWEEN_SEASON,"SEA_HOS,UOR_HHN,WDW_HALLOWEEN",FOOD_AND_WINE,,,0,,,fall offpeak; halloween season; EPCOT Food And Wine,,rules,2026-09-13T06:17:30+00:00
2022-09-27,Tue,1,WEEKDAY,0,39,9,Sep,27,270,3,2022,FALL_OFFPEAK,,,0,0,0,0,0,,,13,Columbus Day,22,Labor Day,HALLOWEEN_SEASON,"SEA_HOS,UOR_HHN,WDW_HALLOWEEN",FOOD_AND_WINE,,,0,,,fall offpeak; halloween season; EPCOT Food And Wine,,rules,2026-09-13T06:17:30+00:00
2022-09-28,Wed,2,WEEKDAY,0,39,9,Sep,28,271,3,2022,FALL_OFFPEAK,,,0,0,0,0,0,,,12,Columbus Day,23,Labor Day,HALLOWEEN_SEASON,"SEA_HOS,UOR_HHN,WDW_HALLOWEEN",FOOD_AND_WINE,,,0,,,fall offpeak; halloween season; EPCOT Food And Wine,,rules,2026-09-13T06:17:30+00:00
2022-09-29,Thu,3,WEEKDAY,0,39,9,Sep,29,272,3,2022,FALL_OFFPEAK,,,0,0,0,0,0,,,11,Columbus Day,24,Labor Day,HALLOWEEN_SEASON,"SEA_HOS,UOR_HHN,WDW_HALLOWEEN",FOOD_AND_WINE,,,0,,,fall offpeak; halloween season; EPCOT Food And Wine,,rules,2026-09-13T06:17:30+00:00
2022-09-30,Fri,4,FRI,0,39,9,Sep,30,273,3,2022,FALL_OFFPEAK,,,0,0,0,0,0,COLUMBUS,-10,10,Columbus Day,25,Labor Day,HALLOWEEN_SEASON,"SEA_HOS,UOR_HHN,WDW_HALLOWEEN",FOOD_AND_WINE,,,0,,,fall offpeak; halloween season; EPCOT Food And Wine,,rules,2026-09-13T06:17:30+00:00
2022-10-01,Sat,5,SAT,1,39,10,Oct,1,274,4,2022,FALL_OFFPEAK,,,0,0,0,0,0,COLUMBUS,-9,9,Columbus Day,26,Labor Day,HALLOWEEN_SEASON,"SEA_HOS,UOR_HHN,WDW_HALLOWEEN",FOOD_AND_WINE,,,0,,,fall offpeak; halloween season; EPCOT Food And Wine,,rules,2026-09-13T06:17:30+00:00
2022-10-02,Sun,6,SUN,1,39,10,Oct,2,275,4,2022,FALL_OFFPEAK,,,0,0,0,0,0,COLUMBUS,-8,8,Columbus Day,27,Labor Day,HALLOWEEN_SEASON,"SEA_HOS,UOR_HHN,WDW_HALLOWEEN",FOOD_AND_WINE,,,0,,,fall offpeak; halloween season; EPCOT Food And Wine,,rules,2026-09-13T06:17:30+00:00
2022-10-03,Mon,0,WEEKDAY,0,40,10,Oct,3,276,4,2022,FALL_OFFPEAK,,,0,0,0,0,0,COLUMBUS,-7,7,Columbus Day,28,Labor Day,HALLOWEEN_SEASON,"SEA_HOS,UOR_HHN,WDW_HALLOWEEN",FOOD_AND_WINE,,,0,,,fall offpeak; halloween season; EPCOT Food And Wine,,rules,2026-09-13T06:17:30+00:00
2022-10-04,Tue,1,WEEKDAY,0,40,10,Oct,4,277,4,2022,FALL_OFFPEAK,,,0,0,0,0,0,COLUMBUS,-6,6,Columbus Day,29,Labor Day,HALLOWEEN_SEASON,"SEA_HOS,UOR_HHN,WDW_HALLOWEEN",FOOD_AND_WINE,,,0,,,fall offpeak; halloween season; EPCOT Food And Wine,,rules,2026-09-13T06:17:30+00:00
2022-10-05,Wed,2,WEEKDAY,0,40,10,Oct,5,278,4,2022,FALL_OFFPEAK,,,0,0,0,0,0,COLUMBUS,-5,5,Columbus Day,30,Labor Day,HALLOWEEN_SEASON,"SEA_HOS,UOR_HHN,WDW_HALLOWEEN",FOOD_AND_WINE,,,0,,,fall offpeak; halloween season; EPCOT Food And Wine,,rules,2026-09-13T06:17:30+00:00
2022-10-06,Thu,3,WEEKDAY,0,40,10,Oct,6,279,4,2022,FALL_OFFPEAK,,,0,0,0,0,0,COLUMBUS,-4,4,Columbus Day,31,Labor Day,HALLOWEEN_SEASON,"SEA_HOS,UOR_HHN,WDW_HALLOWEEN",FOOD_AND_WINE,,,0,,,fall offpeak; halloween season; EPCOT Food And Wine,,rules,2026-09-13T06:17:30+00:00
2022-10-07,Fri,4,FRI,0,40,10,Oct,7,280,4,2022,FALL_OFFPEAK,,,0,0,0,1,0,COLUMBUS,-3,3,Columbus Day,32,Labor Day,HALLOWEEN_SEASON,"SEA_HOS,UOR_HHN,WDW_HALLOWEEN",FOOD_AND_WINE,,,0,,,long weekend; fall offpeak; halloween season; EPCOT Food And Wine,,rules,2026-09-13T06:17:30+00:00
2022-10-08,Sat,5,SAT,1,40,10,Oct,8,281,4,2022,FALL_OFFPEAK,,,0,0,0,1,0,COLUMBUS,-2,2,Columbus Day,33,Labor Day,HALLOWEEN_SEASON,"SEA_HOS,UOR_HHN,WDW_HALLOWEEN",FOOD_AND_WINE,,,0,,,long weekend; fall offpeak; halloween season; EPCOT Food And Wine,,rules,2026-09-13T06:17:30+00:00
2022-10-09,Sun,6,SUN,1,40,10,Oct,9,282,4,2022,FALL_OFFPEAK,,,0,1,0,1,0,COLUMBUS,-1,1,Columbus Day,34,Labor Day,HALLOWEEN_SEASON,"SEA_HOS,UOR_HHN,WDW_HALLOWEEN",FOOD_AND_WINE,,,0,,,long weekend; fall offpeak; halloween season; EPCOT Food And Wine,,rules,2026-09-13T06:17:30+00:00
2022-10-10,Mon,0,WEEKDAY,0,41,10,Oct,10,283,4,2022,FALL_OFFPEAK,Columbus Day,federal,1,0,0,1,0,COLUMBUS,0,32,Veterans Day,35,Labor Day,HALLOWEEN_SEASON,"SEA_HOS,UOR_HHN,WDW_HALLOWEEN",FOOD_AND_WINE,,,0,,,Columbus Day; fall offpeak; halloween season; EPCOT Food And Wine,,rules,2026-09-13T06:17:30+00:00
2022-10-11,Tue,1,WEEKDAY,0,41,10,Oct,11,284,4,2022,FALL_OFFPEAK,,,0,0,1,0,0,COLUMBUS,1,31,Veterans Day,1,Columbus Day,HALLOWEEN_SEASON,"SEA_HOS,UOR_HHN,WDW_HALLOWEEN",FOOD_AND_WINE,,,0,,,fall offpeak; halloween season; EPCOT Food And Wine,,rules,2026-09-13T06:17:30+00:00
2022-10-12,Wed,2,WEEKDAY,0,41,10,Oct,12,285,4,2022,FALL_OFFPEAK,,,0,0,0,0,0,COLUMBUS,2,30,Veterans Day,2,Columbus Day,HALLOWEEN_SEASON,"SEA_HOS,UOR_HHN,WDW_HALLOWEEN",FOOD_AND_WINE,,,0,,,fall offpeak; halloween season; EPCOT Food And Wine,,rules,2026-09-13T06:17:30+00:00
2022-10-13,Thu,3,WEEKDAY,0,41,10,Oct,13,286,4,2022,FALL_OFFPEAK,,,0,0,0,0,0,COLUMBUS,3,29,Veterans Day,3,Columbus Day,HALLOWEEN_SEASON,"SEA_HOS,UOR_HHN,WDW_HALLOWEEN",FOOD_AND_WINE,,,0,,,fall offpeak; halloween season; EPCOT Food And Wine,,rules,2026-09-13T06:17:30+00:00
2022-10-14,Fri,4,FRI,0,41,10,Oct,14,287,4,2022,FALL_OFFPEAK,,,0,0,0,0,0,COLUMBUS,4,28,Veterans Day,4,Columbus Day,HALLOWEEN_SEASON,"SEA_HOS,UOR_HHN,WDW_HALLOWEEN",FOOD_AND_WINE,,,0,,,fall offpeak; halloween season; EPCOT Food And Wine,,rules,2026-09-13T06:17:30+00:00
2022-10-15,Sat,5,SAT,1,41,10,Oct,15,288,4,2022,FALL_OFFPEAK,,,0,0,0,0,0,COLUMBUS,5,27,Veterans Day,5,Columbus Day,HALLOWEEN_SEASON,"SEA_HOS,UOR_HHN,WDW_HALLOWEEN",FOOD_AND_WINE,,,0,,,fall offpeak; halloween season; EPCOT Food And Wine,,rules,2026-09-13T06:17:30+00:00
2022-10-16,Sun,6,SUN,1,41,10,Oct,16,289,4,2022,FALL_OFFPEAK,,,0,0,0,0,0,COLUMBUS,6,26,Veterans Day,6,Columbus Day,HALLOWEEN_SEASON,"SEA_HOS,UOR_HHN,WDW_HALLOWEEN",FOOD_AND_WINE,,,0,,,fall offpeak; halloween season; EPCOT Food And Wine,,rules,2026-09-13T06:17:30+00:00
2022-10-17,Mon,0,WEEKDAY,0,42,10,Oct,17,290,4,2022,FALL_OFFPEAK,,,0,0,0,0,0,COLUMBUS,7,25,Veterans Day,7,Columbus Day,HALLOWEEN_SEASON,"SEA_HOS,UOR_HHN,WDW_HALLOWEEN",FOOD_AND_WINE,,,0,,,fall offpeak; halloween season; EPCOT Food And Wine,,rules,2026-09-13T06:17:30+00:00
2022-10-18,Tue,1,WEEKDAY,0,42,10,Oct,18,291,4,2022,FALL_OFFPEAK,,,0,0,0,0,0,COLUMBUS,8,24,Veterans Day,8,Columbus Day,HALLOWEEN_SEASON,"SEA_HOS,UOR_HHN,WDW_HALLOWEEN",FOOD_AND_WINE,,,0,,,fall offpeak; halloween season; EPCOT Food And Wine,,rules,2026-09-13T06:17:30+00:00
2022-10-19,Wed,2,WEEKDAY,0,42,10,Oct,19,292,4,2022,FALL_OFFPEAK,,,0,0,0,0,0,COLUMBUS,9,23,Veterans Day,9,Columbus Day,HALLOWEEN_SEASON,"SEA_HOS,UOR_HHN,WDW_HALLOWEEN",FOOD_AND_WINE,,,0,,,fall offpeak; halloween season; EPCOT Food And Wine,,rules,2026-09-13T06:17:30+00:00
2022-10-20,Thu,3,WEEKDAY,0,42,10,Oct,20,293,4,2022,FALL_OFFPEAK,,,0,0,0,0,0,COLUMBUS,10,22,Veterans Day,10,Columbus Day,HALLOWEEN_SEASON,"SEA_HOS,UOR_HHN,WDW_HALLOWEEN",FOOD_AND_WINE,,,0,,,fall offpeak; halloween season; EPCOT Food And Wine,,rules,2026-09-13T06:17:30+00:00
2022-10-21,Fri,4,FRI,0,42,10,Oct,21,294,4,2022,FALL_OFFPEAK,,,0,0,0,0,0,HALLOWEEN,-10,21,Veterans Day,11,Columbus Day,HALLOWEEN_SEASON,"SEA_HOS,UOR_HHN,WDW_HALLOWEEN",FOOD_AND_WINE,,,0,,,fall offpeak; halloween season; EPCOT Food And Wine,,rules,2026-09-13T06:17:30+00:00
2022-10-22,Sat,5,SAT,1,42,10,Oct,22,295,4,2022,FALL_OFFPEAK,,,0,0,0,0,0,HALLOWEEN,-9,20,Veterans Day,12,Columbus Day,HALLOWEEN_SEASON,"SEA_HOS,UOR_HHN,WDW_HALLOWEEN",FOOD_AND_WINE,,,0,,,fall offpeak; halloween season; EPCOT Food And Wine,,rules,2026-09-13T06:17:30+00:00
2022-10-23,Sun,6,SUN,1,42,10,Oct,23,296,4,2022,FALL_OFFPEAK,,,0,0,0,0,0,HALLOWEEN,-8,19,Veterans Day,13,Columbus Day,HALLOWEEN_SEASON,"SEA_HOS,UOR_HHN,WDW_HALLOWEEN",FOOD_AND_WINE,,,0,,,fall offpeak; halloween season; EPCOT Food And Wine,,rules,2026-09-13T06:17:30+00:00
2022-10-24,Mon,0,WEEKDAY,0,43,10,Oct,24,297,4,2022,FALL_OFFPEAK,,,0,0,0,0,0,HALLOWEEN,-7,18,Veterans Day,14,Columbus Day,HALLOWEEN_SEASON,"SEA_HOS,UOR_HHN,WDW_HALLOWEEN",FOOD_AND_WINE,,,0,OCT_HALF_TERM,,fall offpeak; halloween season; EPCOT Food And Wine; UK oct half term,,rules,2026-09-13T06:17:30+00:00
2022-10-25,Tue,1,WEEKDAY,0,43,10,Oct,25,298,4,2022,FALL_OFFPEAK,,,0,0,0,0,0,HALLOWEEN,-6,17,Veterans Day,15,Columbus Day,HALLOWEEN_SEASON,"SEA_HOS,UOR_HHN,WDW_HALLOWEEN",FOOD_AND_WINE,,,0,OCT_HALF_TERM,,fall offpeak; halloween season; EPCOT Food And Wine; UK oct half term,,rules,2026-09-13T06:17:30+00:00
2022-10-26,Wed,2,WEEKDAY,0,43,10,Oct,26,299,4,2022,FALL_OFFPEAK,,,0,0,0,0,0,HALLOWEEN,-5,16,Veterans Day,16,Columbus Day,HALLOWEEN_SEASON,"SEA_HOS,UOR_HHN,WDW_HALLOWEEN",FOOD_AND_WINE,,,0,OCT_HALF_TERM,,fall offpeak; halloween season; EPCOT Food And Wine; UK oct half term,,rules,2026-09-13T06:17:30+00:00
2022-10-27,Thu,3,WEEKDAY,0,43,10,Oct,27,300,4,2022,FALL_OFFPEAK,,,0,0,0,0,0,HALLOWEEN,-4,15,Veterans Day,17,Columbus Day,HALLOWEEN_SEASON,"SEA_HOS,UOR_HHN,WDW_HALLOWEEN",FOOD_AND_WINE,,,0,OCT_HALF_TERM,,fall offpeak; halloween season; EPCOT Food And Wine; UK oct half term,,rules,2026-09-13T06:17:30+00:00
2022-10-28,Fri,4,FRI,0,43,10,Oct,28,301,4,2022,FALL_OFFPEAK,,,0,0,0,0,0,HALLOWEEN,-3,14,Veterans Day,18,Columbus Day,HALLOWEEN_SEASON,"SEA_HOS,UOR_HHN,WDW_HALLOWEEN",FOOD_AND_WINE,,,0,OCT_HALF_TERM,,fall offpeak; halloween season; EPCOT Food And Wine; UK oct half term,,rules,2026-09-13T06:17:30+00:00
2022-10-29,Sat,5,SAT,1,43,10,Oct,29,302,4,2022,FALL_OFFPEAK,,,0,0,0,0,0,HALLOWEEN,-2,13,Veterans Day,19,Columbus Day,HALLOWEEN_SEASON,"SEA_HOS,UOR_HHN,WDW_HALLOWEEN",FOOD_AND_WINE,,,0,OCT_HALF_TERM,,fall offpeak; halloween season; EPCOT Food And Wine; UK oct half term,,rules,2026-09-13T06:17:30+00:00
2022-10-30,Sun,6,SUN,1,43,10,Oct,30,303,4,2022,FALL_OFFPEAK,,,0,0,0,0,0,HALLOWEEN,-1,12,Veterans Day,20,Columbus Day,HALLOWEEN_SEASON,"SEA_HOS,UOR_HHN,WDW_HALLOWEEN",FOOD_AND_WINE,,,0,OCT_HALF_TERM,,fall offpeak; halloween season; EPCOT Food And Wine; UK oct half term,,rules,2026-09-13T06:17:30+00:00
2022-10-31,Mon,0,WEEKDAY,0,44,10,Oct,31,304,4,2022,FALL_OFFPEAK,,,0,0,0,0,0,HALLOWEEN,0,11,Veterans Day,21,Columbus Day,HALLOWEEN_SEASON,"SEA_HOS,UOR_HHN,WDW_HALLOWEEN",FOOD_AND_WINE,,,0,OCT_HALF_TERM,,fall offpeak; halloween season; EPCOT Food And Wine; UK oct half term,,rules,2026-09-13T06:17:30+00:00
2022-11-01,Tue,1,WEEKDAY,0,44,11,Nov,1,305,4,2022,FALL_OFFPEAK,,,0,0,0,0,0,HALLOWEEN,1,10,Veterans Day,22,Columbus Day,,"SEA_HOS,UOR_HHN",FOOD_AND_WINE,,,0,,,fall offpeak; EPCOT Food And Wine,,rules,2026-09-13T06:17:30+00:00
2022-11-02,Wed,2,WEEKDAY,0,44,11,Nov,2,306,4,2022,FALL_OFFPEAK,,,0,0,0,0,0,HALLOWEEN,2,9,Veterans Day,23,Columbus Day,,"SEA_HOS,UOR_HHN",FOOD_AND_WINE,,,0,,,fall offpeak; EPCOT Food And Wine,,rules,2026-09-13T06:17:30+00:00
2022-11-03,Thu,3,WEEKDAY,0,44,11,Nov,3,307,4,2022,FALL_OFFPEAK,,,0,0,0,0,0,HALLOWEEN,3,8,Veterans Day,24,Columbus Day,,,FOOD_AND_WINE,,,0,,,fall offpeak; EPCOT Food And Wine,,rules,2026-09-13T06:17:30+00:00
2022-11-04,Fri,4,FRI,0,44,11,Nov,4,308,4,2022,FALL_OFFPEAK,,,0,0,0,0,0,HALLOWEEN,4,7,Veterans Day,25,Columbus Day,,,FOOD_AND_WINE,,,0,,,fall offpeak; EPCOT Food And Wine,,rules,2026-09-13T06:17:30+00:00
2022-11-05,Sat,5,SAT,1,44,11,Nov,5,309,4,2022,JERSEY_WEEK,,,0,0,0,0,0,HALLOWEEN,5,6,Veterans Day,26,Columbus Day,,,FOOD_AND_WINE,,,0,,,jersey week; EPCOT Food And Wine,,rules,2026-09-13T06:17:30+00:00
2022-11-06,Sun,6,SUN,1,44,11,Nov,6,310,4,2022,JERSEY_WEEK,,,0,0,0,0,0,HALLOWEEN,6,5,Veterans Day,27,Columbus Day,,,FOOD_AND_WINE,,,0,,,jersey week; EPCOT Food And Wine,,rules,2026-09-13T06:17:30+00:00
2022-11-07,Mon,0,WEEKDAY,0,45,11,Nov,7,311,4,2022,JERSEY_WEEK,,,0,0,0,0,0,HALLOWEEN,7,4,Veterans Day,28,Columbus Day,,,FOOD_AND_WINE,,,0,,,jersey week; EPCOT Food And Wine,,rules,2026-09-13T06:17:30+00:00
2022-11-08,Tue,1,WEEKDAY,0,45,11,Nov,8,312,4,2022,JERSEY_WEEK,,,0,0,0,0,0,HALLOWEEN,8,3,Veterans Day,29,Columbus Day,HOLIDAY_SEASON,WDW_HOLIDAY,FOOD_AND_WINE,,,0,,,jersey week; holiday season; EPCOT Food And Wine,,rules,2026-09-13T06:17:30+00:00
2022-11-09,Wed,2,WEEKDAY,0,45,11,Nov,9,313,4,2022,JERSEY_WEEK,,,0,0,0,0,0,HALLOWEEN,9,2,Veterans Day,30,Columbus Day,HOLIDAY_SEASON,WDW_HOLIDAY,FOOD_AND_WINE,,,0,,,jersey week; holiday season; EPCOT Food And Wine,,rules,2026-09-13T06:17:30+00:00
2022-11-10,Thu,3,WEEKDAY,0,45,11,Nov,10,314,4,2022,JERSEY_WEEK,,,0,1,0,0,0,HALLOWEEN,10,1,Veterans Day,31,Columbus Day,HOLIDAY_SEASON,WDW_HOLIDAY,FOOD_AND_WINE,,,0,,,jersey week; holiday season; EPCOT Food And Wine,,rules,2026-09-13T06:17:30+00:00
2022-11-11,Fri,4,FRI,0,45,11,Nov,11,315,4,2022,JERSEY_WEEK,Veterans Day,federal,1,0,0,0,0,,,13,Thanksgiving Day,32,Columbus Day,HOLIDAY_SEASON,WDW_HOLIDAY,FOOD_AND_WINE,,,0,,,Veterans Day; jersey week; holiday season; EPCOT Food And Wine,,rules,2026-09-13T06:17:30+00:00
2022-11-12,Sat,5,SAT,1,45,11,Nov,12,316,4,2022,JERSEY_WEEK,,,0,0,1,0,0,,,12,Thanksgiving Day,1,Veterans Day,HOLIDAY_SEASON,WDW_HOLIDAY,FOOD_AND_WINE,,,0,,,jersey week; holiday season; EPCOT Food And Wine,,rules,2026-09-13T06:17:30+00:00
2022-11-13,Sun,6,SUN,1,45,11,Nov,13,317,4,2022,JERSEY_WEEK,,,0,0,0,0,0,,,11,Thanksgiving Day,2,Veterans Day,HOLIDAY_SEASON,WDW_HOLIDAY,FOOD_AND_WINE,,,0,,,jersey week; holiday season; EPCOT Food And Wine,,rules,2026-09-13T06:17:30+00:00
2022-11-14,Mon,0,WEEKDAY,0,46,11,Nov,14,318,4,2022,JERSEY_WEEK,,,0,0,0,0,0,THANKSGIVING,-10,10,Thanksgiving Day,3,Veterans Day,HOLIDAY_SEASON,"SEA_CHRISTMAS,WDW_HOLIDAY",FOOD_AND_WINE,,,0,,,jersey week; holiday season; EPCOT Food And Wine,,rules,2026-09-13T06:17:30+00:00
2022-11-15,Tue,1,WEEKDAY,0,46,11,Nov,15,319,4,2022,REGULAR,,,0,0,0,0,0,THANKSGIVING,-9,9,Thanksgiving Day,4,Veterans Day,HOLIDAY_SEASON,"SEA_CHRISTMAS,UOR_HOLIDAY,WDW_HOLIDAY",FOOD_AND_WINE,,,0,,,holiday season; EPCOT Food And Wine,,rules,2026-09-13T06:17:30+00:00
2022-11-16,Wed,2,WEEKDAY,0,46,11,Nov,16,320,4,2022,REGULAR,,,0,0,0,0,0,THANKSGIVING,-8,8,Thanksgiving Day,5,Veterans Day,HOLIDAY_SEASON,"SEA_CHRISTMAS,UOR_HOLIDAY,WDW_HOLIDAY",FOOD_AND_WINE,,,0,,,holiday season; EPCOT Food And Wine,,rules,2026-09-13T06:17:30+00:00
2022-11-17,Thu,3,WEEKDAY,0,46,11,Nov,17,321,4,2022,REGULAR,,,0,0,0,0,0,THANKSGIVING,-7,7,Thanksgiving Day,6,Veterans Day,HOLIDAY_SEASON,"SEA_CHRISTMAS,UOR_HOLIDAY,WDW_HOLIDAY",FOOD_AND_WINE,,,0,,,holiday season; EPCOT Food And Wine,,rules,2026-09-13T06:17:30+00:00
2022-11-18,Fri,4,FRI,0,46,11,Nov,18,322,4,2022,REGULAR,,,0,0,0,0,0,THANKSGIVING,-6,6,Thanksgiving Day,7,Veterans Day,HOLIDAY_SEASON,"SEA_CHRISTMAS,UOR_HOLIDAY,WDW_HOLIDAY",FOOD_AND_WINE,,,0,,,holiday season; EPCOT Food And Wine,,rules,2026-09-13T06:17:30+00:00
2022-11-19,Sat,5,SAT,1,46,11,Nov,19,323,4,2022,REGULAR,,,0,0,0,0,0,THANKSGIVING,-5,5,Thanksgiving Day,8,Veterans Day,HOLIDAY_SEASON,"SEA_CHRISTMAS,UOR_HOLIDAY,WDW_HOLIDAY",FOOD_AND_WINE,,,0,,,holiday season; EPCOT Food And Wine,,rules,2026-09-13T06:17:30+00:00
2022-11-20,Sun,6,SUN,1,46,11,Nov,20,324,4,2022,REGULAR,,,0,0,0,0,0,THANKSGIVING,-4,4,Thanksgiving Day,9,Veterans Day,HOLIDAY_SEASON,"SEA_CHRISTMAS,UOR_HOLIDAY,WDW_HOLIDAY",FOOD_AND_WINE,,,0,,,holiday season; EPCOT Food And Wine,,rules,2026-09-13T06:17:30+00:00
2022-11-21,Mon,0,WEEKDAY,0,47,11,Nov,21,325,4,2022,REGULAR,,,0,0,0,0,0,THANKSGIVING,-3,3,Thanksgiving Day,10,Veterans Day,HOLIDAY_SEASON,"SEA_CHRISTMAS,UOR_HOLIDAY,WDW_HOLIDAY",FOOD_AND_WINE,,,0,,,holiday season; EPCOT Food And Wine,,rules,2026-09-13T06:17:30+00:00
2022-11-22,Tue,1,WEEKDAY,0,47,11,Nov,22,326,4,2022,THANKSGIVING_WK,,,0,0,0,0,0,THANKSGIVING,-2,2,Thanksgiving Day,11,Veterans Day,HOLIDAY_SEASON,"SEA_CHRISTMAS,UOR_HOLIDAY,WDW_HOLIDAY",FOOD_AND_WINE,,,0,,,thanksgiving wk; holiday season; EPCOT Food And Wine,,rules,2026-09-13T06:17:30+00:00
2022-11-23,Wed,2,WEEKDAY,0,47,11,Nov,23,327,4,2022,THANKSGIVING_WK,,,0,1,0,0,0,THANKSGIVING,-1,1,Thanksgiving Day,12,Veterans Day,HOLIDAY_SEASON,"SEA_CHRISTMAS,UOR_HOLIDAY,WDW_HOLIDAY",,THANKSGIVING,"NE,SOUTH,MIDWEST,WEST,FL",0,,,thanksgiving wk; holiday season; US school thanksgiving,,rules,2026-09-13T06:17:30+00:00
2022-11-24,Thu,3,WEEKDAY,0,47,11,Nov,24,328,4,2022,THANKSGIVING_WK,Thanksgiving Day,federal,1,0,0,1,0,THANKSGIVING,0,31,Christmas Day,13,Veterans Day,HOLIDAY_SEASON,"SEA_CHRISTMAS,UOR_HOLIDAY,WDW_HOLIDAY",,THANKSGIVING,"NE,SOUTH,MIDWEST,WEST,FL",0,,,Thanksgiving Day; thanksgiving wk; holiday season; US school thanksgiving,,rules,2026-09-13T06:17:30+00:00
2022-11-25,Fri,4,FRI,0,47,11,Nov,25,329,4,2022,THANKSGIVING_WK,,,0,0,1,1,1,THANKSGIVING,1,30,Christmas Day,1,Thanksgiving Day,HOLIDAY_SEASON,"SEA_CHRISTMAS,UOR_HOLIDAY,WDW_HOLIDAY",,THANKSGIVING,"NE,SOUTH,MIDWEST,WEST,FL",0,,,long weekend; thanksgiving wk; holiday season; US school thanksgiving,,rules,2026-09-13T06:17:30+00:00
2022-11-26,Sat,5,SAT,1,47,11,Nov,26,330,4,2022,THANKSGIVING_WK,,,0,0,0,1,0,THANKSGIVING,2,29,Christmas Day,2,Thanksgiving Day,HOLIDAY_SEASON,"SEA_CHRISTMAS,UOR_HOLIDAY,WDW_HOLIDAY",,THANKSGIVING,"NE,SOUTH,MIDWEST,WEST,FL",0,,,long weekend; thanksgiving wk; holiday season; US school thanksgiving,,rules,2026-09-13T06:17:30+00:00
2022-11-27,Sun,6,SUN,1,47,11,Nov,27,331,4,2022,THANKSGIVING_WK,,,0,0,0,1,0,THANKSGIVING,3,28,Christmas Day,3,Thanksgiving Day,HOLIDAY_SEASON,"SEA_CHRISTMAS,UOR_HOLIDAY,WDW_HOLIDAY",,,,0,,,long weekend; thanksgiving wk; holiday season,,rules,2026-09-13T06:17:30+00:00
2022-11-28,Mon,0,WEEKDAY,0,48,11,Nov,28,332,4,2022,THANKSGIVING_WK,,,0,0,0,0,0,THANKSGIVING,4,27,Christmas Day,4,Thanksgiving Day,HOLIDAY_SEASON,"SEA_CHRISTMAS,UOR_HOLIDAY,WDW_HOLIDAY",HOLIDAYS,,,0,,,thanksgiving wk; holiday season; EPCOT Holidays,,rules,2026-09-13T06:17:30+00:00
2022-11-29,Tue,1,WEEKDAY,0,48,11,Nov,29,333,4,2022,REGULAR,,,0,0,0,0,0,THANKSGIVING,5,26,Christmas Day,5,Thanksgiving Day,HOLIDAY_SEASON,"SEA_CHRISTMAS,UOR_HOLIDAY,WDW_HOLIDAY",HOLIDAYS,,,0,,,holiday season; EPCOT Holidays,,rules,2026-09-13T06:17:30+00:00
2022-11-30,Wed,2,WEEKDAY,0,48,11,Nov,30,334,4,2022,REGULAR,,,0,0,0,0,0,THANKSGIVING,6,25,Christmas Day,6,Thanksgiving Day,HOLIDAY_SEASON,"SEA_CHRISTMAS,UOR_HOLIDAY,WDW_HOLIDAY",HOLIDAYS,,,0,,,holiday season; EPCOT Holidays,,rules,2026-09-13T06:17:30+00:00
2022-12-01,Thu,3,WEEKDAY,0,48,12,Dec,1,335,4,2022,EARLY_DEC,,,0,0,0,0,0,THANKSGIVING,7,24,Christmas Day,7,Thanksgiving Day,HOLIDAY_SEASON,"SEA_CHRISTMAS,UOR_HOLIDAY,WDW_HOLIDAY",HOLIDAYS,,,0,,,early dec; holiday season; EPCOT Holidays,,rules,2026-09-13T06:17:30+00:00
2022-12-02,Fri,4,FRI,0,48,12,Dec,2,336,4,2022,EARLY_DEC,,,0,0,0,0,0,THANKSGIVING,8,23,Christmas Day,8,Thanksgiving Day,HOLIDAY_SEASON,"SEA_CHRISTMAS,UOR_HOLIDAY,WDW_HOLIDAY",HOLIDAYS,,,0,,,early dec; holiday season; EPCOT Holidays,,rules,2026-09-13T06:17:30+00:00
2022-12-03,Sat,5,SAT,1,48,12,Dec,3,337,4,2022,EARLY_DEC,,,0,0,0,0,0,THANKSGIVING,9,22,Christmas Day,9,Thanksgiving Day,HOLIDAY_SEASON,"SEA_CHRISTMAS,UOR_HOLIDAY,WDW_HOLIDAY",HOLIDAYS,,,0,,,early dec; holiday season; EPCOT Holidays,,rules,2026-09-13T06:17:30+00:00
2022-12-04,Sun,6,SUN,1,48,12,Dec,4,338,4,2022,EARLY_DEC,,,0,0,0,0,0,THANKSGIVING,10,21,Christmas Day,10,Thanksgiving Day,HOLIDAY_SEASON,"SEA_CHRISTMAS,UOR_HOLIDAY,WDW_HOLIDAY",HOLIDAYS,,,0,,,early dec; holiday season; EPCOT Holidays,,rules,2026-09-13T06:17:30+00:00
2022-12-05,Mon,0,WEEKDAY,0,49,12,Dec,5,339,4,2022,EARLY_DEC,,,0,0,0,0,0,,,20,Christmas Day,11,Thanksgiving Day,HOLIDAY_SEASON,"SEA_CHRISTMAS,UOR_HOLIDAY,WDW_HOLIDAY",HOLIDAYS,,,0,,,early dec; holiday season; EPCOT Holidays,,rules,2026-09-13T06:17:30+00:00
2022-12-06,Tue,1,WEEKDAY,0,49,12,Dec,6,340,4,2022,EARLY_DEC,,,0,0,0,0,0,,,19,Christmas Day,12,Thanksgiving Day,HOLIDAY_SEASON,"SEA_CHRISTMAS,UOR_HOLIDAY,WDW_HOLIDAY",HOLIDAYS,,,0,,,early dec; holiday season; EPCOT Holidays,,rules,2026-09-13T06:17:30+00:00
2022-12-07,Wed,2,WEEKDAY,0,49,12,Dec,7,341,4,2022,EARLY_DEC,,,0,0,0,0,0,,,18,Christmas Day,13,Thanksgiving Day,HOLIDAY_SEASON,"SEA_CHRISTMAS,UOR_HOLIDAY,WDW_HOLIDAY",HOLIDAYS,,,0,,,early dec; holiday season; EPCOT Holidays,,rules,2026-09-13T06:17:30+00:00
2022-12-08,Thu,3,WEEKDAY,0,49,12,Dec,8,342,4,2022,EARLY_DEC,,,0,0,0,0,0,,,17,Christmas Day,14,Thanksgiving Day,HOLIDAY_SEASON,"SEA_CHRISTMAS,UOR_HOLIDAY,WDW_HOLIDAY",HOLIDAYS,,,0,,,early dec; holiday season; EPCOT Holidays,,rules,2026-09-13T06:17:30+00:00
2022-12-09,Fri,4,FRI,0,49,12,Dec,9,343,4,2022,EARLY_DEC,,,0,0,0,0,0,,,16,Christmas Day,15,Thanksgiving Day,HOLIDAY_SEASON,"SEA_CHRISTMAS,UOR_HOLIDAY,WDW_HOLIDAY",HOLIDAYS,,,0,,,early dec; holiday season; EPCOT Holidays,,rules,2026-09-13T06:17:30+00:00
2022-12-10,Sat,5,SAT,1,49,12,Dec,10,344,4,2022,EARLY_DEC,,,0,0,0,0,0,,,15,Christmas Day,16,Thanksgiving Day,HOLIDAY_SEASON,"SEA_CHRISTMAS,UOR_HOLIDAY,WDW_HOLIDAY",HOLIDAYS,,,0,,,early dec; holiday season; EPCOT Holidays,,rules,2026-09-13T06:17:30+00:00
2022-12-11,Sun,6,SUN,1,49,12,Dec,11,345,4,2022,EARLY_DEC,,,0,0,0,0,0,,,14,Christmas Day,17,Thanksgiving Day,HOLIDAY_SEASON,"SEA_CHRISTMAS,UOR_HOLIDAY,WDW_HOLIDAY",HOLIDAYS,,,0,,,early dec; holiday season; EPCOT Holidays,,rules,2026-09-13T06:17:30+00:00
2022-12-12,Mon,0,WEEKDAY,0,50,12,Dec,12,346,4,2022,EARLY_DEC,,,0,0,0,0,0,,,13,Christmas Day,18,Thanksgiving Day,HOLIDAY_SEASON,"SEA_CHRISTMAS,UOR_HOLIDAY,WDW_HOLIDAY",HOLIDAYS,,,0,,,early dec; holiday season; EPCOT Holidays,,rules,2026-09-13T06:17:30+00:00
2022-12-13,Tue,1,WEEKDAY,0,50,12,Dec,13,347,4,2022,EARLY_DEC,,,0,0,0,0,0,,,12,Christmas Day,19,Thanksgiving Day,HOLIDAY_SEASON,"SEA_CHRISTMAS,UOR_HOLIDAY,WDW_HOLIDAY",HOLIDAYS,,,0,,SUMMER,early dec; holiday season; EPCOT Holidays; Brazil summer,,rules,2026-09-13T06:17:30+00:00
2022-12-14,Wed,2,WEEKDAY,0,50,12,Dec,14,348,4,2022,EARLY_DEC,,,0,0,0,0,0,,,11,Christmas Day,20,Thanksgiving Day,HOLIDAY_SEASON,"SEA_CHRISTMAS,UOR_HOLIDAY,WDW_HOLIDAY",HOLIDAYS,,,0,,SUMMER,early dec; holiday season; EPCOT Holidays; Brazil summer,,rules,2026-09-13T06:17:30+00:00
2022-12-15,Thu,3,WEEKDAY,0,50,12,Dec,15,349,4,2022,EARLY_DEC,,,0,0,0,0,0,CHRISTMAS,-10,10,Christmas Day,21,Thanksgiving Day,HOLIDAY_SEASON,"SEA_CHRISTMAS,UOR_HOLIDAY,WDW_HOLIDAY",HOLIDAYS,,,0,,SUMMER,early dec; holiday season; EPCOT Holidays; Brazil summer,,rules,2026-09-13T06:17:30+00:00
2022-12-16,Fri,4,FRI,0,50,12,Dec,16,350,4,2022,EARLY_DEC,,,0,0,0,0,0,CHRISTMAS,-9,9,Christmas Day,22,Thanksgiving Day,HOLIDAY_SEASON,"SEA_CHRISTMAS,UOR_HOLIDAY,WDW_HOLIDAY",HOLIDAYS,,,0,,SUMMER,early dec; holiday season; EPCOT Holidays; Brazil summer,,rules,2026-09-13T06:17:30+00:00
2022-12-17,Sat,5,SAT,1,50,12,Dec,17,351,4,2022,EARLY_DEC,,,0,0,0,0,0,CHRISTMAS,-8,8,Christmas Day,23,Thanksgiving Day,HOLIDAY_SEASON,"SEA_CHRISTMAS,UOR_HOLIDAY,WDW_HOLIDAY",HOLIDAYS,,,0,,SUMMER,early dec; holiday season; EPCOT Holidays; Brazil summer,,rules,2026-09-13T06:17:30+00:00
2022-12-18,Sun,6,SUN,1,50,12,Dec,18,352,4,2022,EARLY_DEC,,,0,0,0,0,0,CHRISTMAS,-7,7,Christmas Day,24,Thanksgiving Day,HOLIDAY_SEASON,"SEA_CHRISTMAS,UOR_HOLIDAY,WDW_HOLIDAY",HOLIDAYS,,,0,,SUMMER,early dec; holiday season; EPCOT Holidays; Brazil summer,,rules,2026-09-13T06:17:30+00:00
2022-12-19,Mon,0,WEEKDAY,0,51,12,Dec,19,353,4,2022,EARLY_DEC,,,0,0,0,0,0,CHRISTMAS,-6,6,Christmas Day,25,Thanksgiving Day,HOLIDAY_SEASON,"SEA_CHRISTMAS,UOR_HOLIDAY,WDW_HOLIDAY",HOLIDAYS,,,0,,SUMMER,early dec; holiday season; EPCOT Holidays; Brazil summer,,rules,2026-09-13T06:17:30+00:00
2022-12-20,Tue,1,WEEKDAY,0,51,12,Dec,20,354,4,2022,EARLY_DEC,,,0,0,0,0,0,CHRISTMAS,-5,5,Christmas Day,26,Thanksgiving Day,HOLIDAY_SEASON,"SEA_CHRISTMAS,UOR_HOLIDAY,WDW_HOLIDAY",HOLIDAYS,WINTER,"NE,SOUTH,MIDWEST,WEST,FL",0,CHRISTMAS,SUMMER,early dec; holiday season; EPCOT Holidays; US school winter; UK christmas; Brazil summer,,rules,2026-09-13T06:17:30+00:00
2022-12-21,Wed,2,WEEKDAY,0,51,12,Dec,21,355,4,2022,CHRISTMAS_PEAK,,,0,0,0,0,0,CHRISTMAS,-4,4,Christmas Day,27,Thanksgiving Day,HOLIDAY_SEASON,"SEA_CHRISTMAS,UOR_HOLIDAY,WDW_HOLIDAY",HOLIDAYS,WINTER,"NE,SOUTH,MIDWEST,WEST,FL",0,CHRISTMAS,SUMMER,christmas peak; holiday season; EPCOT Holidays; US school winter; UK christmas; Brazil summer,,rules,2026-09-13T06:17:30+00:00
2022-12-22,Thu,3,WEEKDAY,0,51,12,Dec,22,356,4,2022,CHRISTMAS_PEAK,,,0,0,0,0,0,CHRISTMAS,-3,3,Christmas Day,28,Thanksgiving Day,HOLIDAY_SEASON,"SEA_CHRISTMAS,UOR_HOLIDAY,WDW_HOLIDAY",HOLIDAYS,WINTER,"NE,SOUTH,MIDWEST,WEST,FL",0,CHRISTMAS,SUMMER,christmas peak; holiday season; EPCOT Holidays; US school winter; UK christmas; Brazil summer,,rules,2026-09-13T06:17:30+00:00
2022-12-23,Fri,4,FRI,0,51,12,Dec,23,357,4,2022,CHRISTMAS_PEAK,,,0,0,0,1,0,CHRISTMAS,-2,2,Christmas Day,29,Thanksgiving Day,HOLIDAY_SEASON,"SEA_CHRISTMAS,UOR_HOLIDAY,WDW_HOLIDAY",HOLIDAYS,WINTER,"NE,SOUTH,MIDWEST,WEST,FL",0,CHRISTMAS,SUMMER,long weekend; christmas peak; holiday season; EPCOT Holidays; US school winter; UK christmas; Brazil summer,,rules,2026-09-13T06:17:30+00:00
2022-12-24,Sat,5,SAT,1,51,12,Dec,24,358,4,2022,CHRISTMAS_PEAK,,,0,1,0,1,0,CHRISTMAS,-1,1,Christmas Day,30,Thanksgiving Day,HOLIDAY_SEASON,"SEA_CHRISTMAS,UOR_HOLIDAY,WDW_HOLIDAY",HOLIDAYS,WINTER,"NE,SOUTH,MIDWEST,WEST,FL",0,CHRISTMAS,SUMMER,long weekend; christmas peak; holiday season; EPCOT Holidays; US school winter; UK christmas; Brazil summer,,rules,2026-09-13T06:17:30+00:00
2022-12-25,Sun,6,SUN,1,51,12,Dec,25,359,4,2022,CHRISTMAS_PEAK,Christmas Day,federal,1,1,0,1,0,CHRISTMAS,0,7,New Year's Day,31,Thanksgiving Day,HOLIDAY_SEASON,"SEA_CHRISTMAS,UOR_HOLIDAY,WDW_HOLIDAY",HOLIDAYS,WINTER,"NE,SOUTH,MIDWEST,WEST,FL",0,CHRISTMAS,SUMMER,Christmas Day; christmas peak; holiday season; EPCOT Holidays; US school winter; UK christmas; Brazil summer,,rules,2026-09-13T06:17:30+00:00
2022-12-26,Mon,0,WEEKDAY,0,52,12,Dec,26,360,4,2022,CHRISTMAS_PEAK,Christmas Day (observed),observed,1,0,1,1,0,CHRISTMAS,1,6,New Year's Day,1,Christmas Day,HOLIDAY_SEASON,"SEA_CHRISTMAS,UOR_HOLIDAY,WDW_HOLIDAY",HOLIDAYS,WINTER,"NE,SOUTH,MIDWEST,WEST,FL",0,CHRISTMAS,SUMMER,Christmas Day (observed); christmas peak; holiday season; EPCOT Holidays; US school winter; UK christmas; Brazil summer,,rules,2026-09-13T06:17:30+00:00
2022-12-27,Tue,1,WEEKDAY,0,52,12,Dec,27,361,4,2022,CHRISTMAS_PEAK,,,0,0,1,0,0,CHRISTMAS,2,5,New Year's Day,2,Christmas Day,HOLIDAY_SEASON,"SEA_CHRISTMAS,UOR_HOLIDAY,WDW_HOLIDAY",HOLIDAYS,WINTER,"NE,SOUTH,MIDWEST,WEST,FL",0,CHRISTMAS,SUMMER,christmas peak; holiday season; EPCOT Holidays; US school winter; UK christmas; Brazil summer,,rules,2026-09-13T06:17:30+00:00
2022-12-28,Wed,2,WEEKDAY,0,52,12,Dec,28,362,4,2022,CHRISTMAS_PEAK,,,0,0,0,0,0,CHRISTMAS,3,4,New Year's Day,3,Christmas Day,HOLIDAY_SEASON,"SEA_CHRISTMAS,UOR_HOLIDAY,WDW_HOLIDAY",HOLIDAYS,WINTER,"NE,SOUTH,MIDWEST,WEST,FL",0,CHRISTMAS,SUMMER,christmas peak; holiday season; EPCOT Holidays; US school winter; UK christmas; Brazil summer,,rules,2026-09-13T06:17:30+00:00
2022-12-29,Thu,3,WEEKDAY,0,52,12,Dec,29,363,4,2022,NYE,,,0,0,0,0,0,NEW_YEAR,-3,3,New Year's Day,4,Christmas Day,HOLIDAY_SEASON,"SEA_CHRISTMAS,UOR_HOLIDAY,WDW_HOLIDAY",HOLIDAYS,WINTER,"NE,SOUTH,MIDWEST,WEST,FL",0,CHRISTMAS,SUMMER,nye; holiday season; EPCOT Holidays; US school winter; UK christmas; Brazil summer,,rules,2026-09-13T06:17:30+00:00
2022-12-30,Fri,4,FRI,0,52,12,Dec,30,364,4,2022,NYE,,,0,0,0,1,0,NEW_YEAR,-2,2,New Year's Day,5,Christmas Day,HOLIDAY_SEASON,"SEA_CHRISTMAS,UOR_HOLIDAY,WDW_HOLIDAY",HOLIDAYS,WINTER,"NE,SOUTH,MIDWEST,WEST,FL",0,CHRISTMAS,SUMMER,long weekend; nye; holiday season; EPCOT Holidays; US school winter; UK christmas; Brazil summer,,rules,2026-09-13T06:17:30+00:00
2022-12-31,Sat,5,SAT,1,52,12,Dec,31,365,4,2022,NYE,,,0,1,0,1,0,NEW_YEAR,-1,1,New Year's Day,6,Christmas Day,HOLIDAY_SEASON,"SEA_CHRISTMAS,UOR_HOLIDAY,WDW_HOLIDAY",,WINTER,"NE,SOUTH,MIDWEST,WEST,FL",0,CHRISTMAS,SUMMER,long weekend; nye; holiday season; US school winter; UK christmas; Brazil summer,,rules,2026-09-13T06:17:30+00:00
2023-01-01,Sun,6,SUN,1,52,1,Jan,1,1,1,2023,NYE,New Year's Day,federal,1,1,0,1,0,NEW_YEAR,0,15,Martin Luther King Jr. Day,7,Christmas Day,HOLIDAY_SEASON,UOR_HOLIDAY,,WINTER,"NE,SOUTH,MIDWEST,WEST,FL",0,CHRISTMAS,SUMMER,New Year's Day; nye; holiday season; US school winter; UK christmas; Brazil summer,,rules,2026-09-13T06:17:30+00:00
2023-01-02,Mon,0,WEEKDAY,0,1,1,Jan,2,2,1,2023,REGULAR,New Year's Day (observed),observed,1,0,1,1,0,NEW_YEAR,1,14,Martin Luther King Jr. Day,1,New Year's Day,HOLIDAY_SEASON,UOR_HOLIDAY,,WINTER,"NE,SOUTH,MIDWEST,WEST,FL",0,CHRISTMAS,SUMMER,New Year's Day (observed); holiday season; US school winter; UK christmas; Brazil summer,,rules,2026-09-13T06:17:30+00:00
2023-01-03,Tue,1,WEEKDAY,0,1,1,Jan,3,3,1,2023,REGULAR,,,0,0,1,0,0,NEW_YEAR,2,13,Martin Luther King Jr. Day,2,New Year's Day,HOLIDAY_SEASON,UOR_HOLIDAY,,WINTER,"NE,SOUTH,MIDWEST,WEST,FL",0,,SUMMER,holiday season; US school winter; Brazil summer,,rules,2026-09-13T06:17:30+00:00
2023-01-04,Wed,2,WEEKDAY,0,1,1,Jan,4,4,1,2023,REGULAR,,,0,0,0,0,0,NEW_YEAR,3,12,Martin Luther King Jr. Day,3,New Year's Day,HOLIDAY_SEASON,UOR_HOLIDAY,,,,0,,SUMMER,holiday season; Brazil summer,,rules,2026-09-13T06:17:30+00:00
2023-01-05,Thu,3,WEEKDAY,0,1,1,Jan,5,5,1,2023,REGULAR,,,0,0,0,0,0,NEW_YEAR,4,11,Martin Luther King Jr. Day,4,New Year's Day,,WDW_AFTERHOURS,,,,0,,SUMMER,Brazil summer,,rules,2026-09-13T06:17:30+00:00
2023-01-06,Fri,4,FRI,0,1,1,Jan,6,6,1,2023,JAN_LULL,,,0,0,0,0,0,NEW_YEAR,5,10,Martin Luther King Jr. Day,5,New Year's Day,,WDW_AFTERHOURS,,,,0,,SUMMER,jan lull; Brazil summer,,rules,2026-09-13T06:17:30+00:00
2023-01-07,Sat,5,SAT,1,1,1,Jan,7,7,1,2023,JAN_LULL,,,0,0,0,0,0,NEW_YEAR,6,9,Martin Luther King Jr. Day,6,New Year's Day,,WDW_AFTERHOURS,,,,0,,SUMMER,jan lull; Brazil summer,,rules,2026-09-13T06:17:30+00:00
2023-01-08,Sun,6,SUN,1,1,1,Jan,8,8,1,2023,JAN_LULL,,,0,0,0,0,0,NEW_YEAR,7,8,Martin Luther King Jr. Day,7,New Year's Day,,WDW_AFTERHOURS,,,,0,,SUMMER,jan lull; Brazil summer,,rules,2026-09-13T06:17:30+00:00
2023-01-09,Mon,0,WEEKDAY,0,2,1,Jan,9,9,1,2023,JAN_LULL,,,0,0,0,0,0,MLK,-7,7,Martin Luther King Jr. Day,8,New Year's Day,,WDW_AFTERHOURS,,,,0,,SUMMER,jan lull; Brazil summer,,rules,2026-09-13T06:17:30+00:00
2023-01-10,Tue,1,WEEKDAY,0,2,1,Jan,10,10,1,2023,JAN_LULL,,,0,0,0,0,0,MLK,-6,6,Martin Luther King Jr. Day,9,New Year's Day,,WDW_AFTERHOURS,,,,0,,SUMMER,jan lull; Brazil summer,,rules,2026-09-13T06:17:30+00:00
2023-01-11,Wed,2,WEEKDAY,0,2,1,Jan,11,11,1,2023,JAN_LULL,,,0,0,0,0,0,MLK,-5,5,Martin Luther King Jr. Day,10,New Year's Day,,WDW_AFTERHOURS,,,,0,,SUMMER,jan lull; Brazil summer,,rules,2026-09-13T06:17:30+00:00
2023-01-12,Thu,3,WEEKDAY,0,2,1,Jan,12,12,1,2023,JAN_LULL,,,0,0,0,0,0,MLK,-4,4,Martin Luther King Jr. Day,11,New Year's Day,,WDW_AFTERHOURS,,,,0,,SUMMER,jan lull; Brazil summer,,rules,2026-09-13T06:17:30+00:00
2023-01-13,Fri,4,FRI,0,2,1,Jan,13,13,1,2023,MLK_WKND,,,0,0,0,1,0,MLK,-3,3,Martin Luther King Jr. Day,12,New Year's Day,,WDW_AFTERHOURS,,,,0,,SUMMER,long weekend; mlk wknd; Brazil summer,,rules,2026-09-13T06:17:30+00:00
2023-01-14,Sat,5,SAT,1,2,1,Jan,14,14,1,2023,MLK_WKND,,,0,0,0,1,0,MLK,-2,2,Martin Luther King Jr. Day,13,New Year's Day,,WDW_AFTERHOURS,ARTS,,,0,,SUMMER,long weekend; mlk wknd; EPCOT Arts; Brazil summer,,rules,2026-09-13T06:17:30+00:00
2023-01-15,Sun,6,SUN,1,2,1,Jan,15,15,1,2023,MLK_WKND,,,0,1,0,1,0,MLK,-1,1,Martin Luther King Jr. Day,14,New Year's Day,,WDW_AFTERHOURS,ARTS,,,0,,SUMMER,long weekend; mlk wknd; EPCOT Arts; Brazil summer,,rules,2026-09-13T06:17:30+00:00
2023-01-16,Mon,0,WEEKDAY,0,3,1,Jan,16,16,1,2023,MLK_WKND,Martin Luther King Jr. Day,federal,1,0,0,1,0,MLK,0,35,Washington's Birthday,15,New Year's Day,,WDW_AFTERHOURS,ARTS,,,0,,SUMMER,Martin Luther King Jr. Day; mlk wknd; EPCOT Arts; Brazil summer,,rules,2026-09-13T06:17:30+00:00
2023-01-17,Tue,1,WEEKDAY,0,3,1,Jan,17,17,1,2023,JAN_LULL,,,0,0,1,0,0,MLK,1,34,Washington's Birthday,1,Martin Luther King Jr. Day,,WDW_AFTERHOURS,ARTS,,,0,,SUMMER,jan lull; EPCOT Arts; Brazil summer,,rules,2026-09-13T06:17:30+00:00
2023-01-18,Wed,2,WEEKDAY,0,3,1,Jan,18,18,1,2023,JAN_LULL,,,0,0,0,0,0,MLK,2,33,Washington's Birthday,2,Martin Luther King Jr. Day,,WDW_AFTERHOURS,ARTS,,,0,,SUMMER,jan lull; EPCOT Arts; Brazil summer,,rules,2026-09-13T06:17:30+00:00
2023-01-19,Thu,3,WEEKDAY,0,3,1,Jan,19,19,1,2023,JAN_LULL,,,0,0,0,0,0,MLK,3,32,Washington's Birthday,3,Martin Luther King Jr. Day,,WDW_AFTERHOURS,ARTS,,,0,,SUMMER,jan lull; EPCOT Arts; Brazil summer,,rules,2026-09-13T06:17:30+00:00
2023-01-20,Fri,4,FRI,0,3,1,Jan,20,20,1,2023,JAN_LULL,,,0,0,0,0,0,MLK,4,31,Washington's Birthday,4,Martin Luther King Jr. Day,,WDW_AFTERHOURS,ARTS,,,0,,SUMMER,jan lull; EPCOT Arts; Brazil summer,,rules,2026-09-13T06:17:30+00:00
2023-01-21,Sat,5,SAT,1,3,1,Jan,21,21,1,2023,JAN_LULL,,,0,0,0,0,0,MLK,5,30,Washington's Birthday,5,Martin Luther King Jr. Day,,WDW_AFTERHOURS,ARTS,,,0,,SUMMER,jan lull; EPCOT Arts; Brazil summer,,rules,2026-09-13T06:17:30+00:00
2023-01-22,Sun,6,SUN,1,3,1,Jan,22,22,1,2023,JAN_LULL,,,0,0,0,0,0,MLK,6,29,Washington's Birthday,6,Martin Luther King Jr. Day,,WDW_AFTERHOURS,ARTS,,,0,,SUMMER,jan lull; EPCOT Arts; Brazil summer,,rules,2026-09-13T06:17:30+00:00
2023-01-23,Mon,0,WEEKDAY,0,4,1,Jan,23,23,1,2023,JAN_LULL,,,0,0,0,0,0,MLK,7,28,Washington's Birthday,7,Martin Luther King Jr. Day,,WDW_AFTERHOURS,ARTS,,,0,,SUMMER,jan lull; EPCOT Arts; Brazil summer,,rules,2026-09-13T06:17:30+00:00
2023-01-24,Tue,1,WEEKDAY,0,4,1,Jan,24,24,1,2023,JAN_LULL,,,0,0,0,0,0,MLK,8,27,Washington's Birthday,8,Martin Luther King Jr. Day,,WDW_AFTERHOURS,ARTS,,,0,,SUMMER,jan lull; EPCOT Arts; Brazil summer,,rules,2026-09-13T06:17:30+00:00
2023-01-25,Wed,2,WEEKDAY,0,4,1,Jan,25,25,1,2023,JAN_LULL,,,0,0,0,0,0,MLK,9,26,Washington's Birthday,9,Martin Luther King Jr. Day,,WDW_AFTERHOURS,ARTS,,,0,,SUMMER,jan lull; EPCOT Arts; Brazil summer,,rules,2026-09-13T06:17:30+00:00
2023-01-26,Thu,3,WEEKDAY,0,4,1,Jan,26,26,1,2023,JAN_LULL,,,0,0,0,0,0,MLK,10,25,Washington's Birthday,10,Martin Luther King Jr. Day,,WDW_AFTERHOURS,ARTS,,,0,,SUMMER,jan lull; EPCOT Arts; Brazil summer,,rules,2026-09-13T06:17:30+00:00
2023-01-27,Fri,4,FRI,0,4,1,Jan,27,27,1,2023,JAN_LULL,,,0,0,0,0,0,,,24,Washington's Birthday,11,Martin Luther King Jr. Day,,WDW_AFTERHOURS,ARTS,,,0,,SUMMER,jan lull; EPCOT Arts; Brazil summer,,rules,2026-09-13T06:17:30+00:00
2023-01-28,Sat,5,SAT,1,4,1,Jan,28,28,1,2023,JAN_LULL,,,0,0,0,0,0,,,23,Washington's Birthday,12,Martin Luther King Jr. Day,,WDW_AFTERHOURS,ARTS,,,0,,SUMMER,jan lull; EPCOT Arts; Brazil summer,,rules,2026-09-13T06:17:30+00:00
2023-01-29,Sun,6,SUN,1,4,1,Jan,29,29,1,2023,JAN_LULL,,,0,0,0,0,0,,,22,Washington's Birthday,13,Martin Luther King Jr. Day,,WDW_AFTERHOURS,ARTS,,,0,,SUMMER,jan lull; EPCOT Arts; Brazil summer,,rules,2026-09-13T06:17:30+00:00
2023-01-30,Mon,0,WEEKDAY,0,5,1,Jan,30,30,1,2023,JAN_LULL,,,0,0,0,0,0,,,21,Washington's Birthday,14,Martin Luther King Jr. Day,,WDW_AFTERHOURS,ARTS,,,0,,SUMMER,jan lull; EPCOT Arts; Brazil summer,,rules,2026-09-13T06:17:30+00:00
2023-01-31,Tue,1,WEEKDAY,0,5,1,Jan,31,31,1,2023,JAN_LULL,,,0,0,0,0,0,,,20,Washington's Birthday,15,Martin Luther King Jr. Day,,WDW_AFTERHOURS,ARTS,,,0,,SUMMER,jan lull; EPCOT Arts; Brazil summer,,rules,2026-09-13T06:17:30+00:00
2023-02-01,Wed,2,WEEKDAY,0,5,2,Feb,1,32,1,2023,JAN_LULL,,,0,0,0,0,0,,,19,Washington's Birthday,16,Martin Luther King Jr. Day,,WDW_AFTERHOURS,ARTS,,,0,,SUMMER,jan lull; EPCOT Arts; Brazil summer,,rules,2026-09-13T06:17:30+00:00
2023-02-02,Thu,3,WEEKDAY,0,5,2,Feb,2,33,1,2023,JAN_LULL,,,0,0,0,0,0,,,18,Washington's Birthday,17,Martin Luther King Jr. Day,,WDW_AFTERHOURS,ARTS,,,0,,,jan lull; EPCOT Arts,,rules,2026-09-13T06:17:30+00:00
2023-02-03,Fri,4,FRI,0,5,2,Feb,3,34,1,2023,JAN_LULL,,,0,0,0,0,0,,,17,Washington's Birthday,18,Martin Luther King Jr. Day,,WDW_AFTERHOURS,ARTS,,,0,,,jan lull; EPCOT Arts,,rules,2026-09-13T06:17:30+00:00
2023-02-04,Sat,5,SAT,1,5,2,Feb,4,35,1,2023,JAN_LULL,,,0,0,0,0,0,,,16,Washington's Birthday,19,Martin Luther King Jr. Day,,WDW_AFTERHOURS,ARTS,,,0,,,jan lull; EPCOT Arts,,rules,2026-09-13T06:17:30+00:00
2023-02-05,Sun,6,SUN,1,5,2,Feb,5,36,1,2023,JAN_LULL,,,0,0,0,0,0,,,15,Washington's Birthday,20,Martin Luther King Jr. Day,,WDW_AFTERHOURS,ARTS,,,0,,,jan lull; EPCOT Arts,,rules,2026-09-13T06:17:30+00:00
2023-02-06,Mon,0,WEEKDAY,0,6,2,Feb,6,37,1,2023,JAN_LULL,,,0,0,0,0,0,,,14,Washington's Birthday,21,Martin Luther King Jr. Day,,WDW_AFTERHOURS,ARTS,,,0,,,jan lull; EPCOT Arts,,rules,2026-09-13T06:17:30+00:00
2023-02-07,Tue,1,WEEKDAY,0,6,2,Feb,7,38,1,2023,JAN_LULL,,,0,0,0,0,0,,,13,Washington's Birthday,22,Martin Luther King Jr. Day,,WDW_AFTERHOURS,ARTS,,,0,,,jan lull; EPCOT Arts,,rules,2026-09-13T06:17:30+00:00
2023-02-08,Wed,2,WEEKDAY,0,6,2,Feb,8,39,1,2023,JAN_LULL,,,0,0,0,0,0,,,12,Washington's Birthday,23,Martin Luther King Jr. Day,,WDW_AFTERHOURS,ARTS,,,0,,,jan lull; EPCOT Arts,,rules,2026-09-13T06:17:30+00:00
2023-02-09,Thu,3,WEEKDAY,0,6,2,Feb,9,40,1,2023,REGULAR,,,0,0,0,0,0,,,11,Washington's Birthday,24,Martin Luther King Jr. Day,,WDW_AFTERHOURS,ARTS,,,0,,,EPCOT Arts,,rules,2026-09-13T06:17:30+00:00
2023-02-10,Fri,4,FRI,0,6,2,Feb,10,41,1,2023,REGULAR,,,0,0,0,0,0,PRESIDENTS,-10,10,Washington's Birthday,25,Martin Luther King Jr. Day,,WDW_AFTERHOURS,ARTS,,,0,,,EPCOT Arts,,rules,2026-09-13T06:17:30+00:00
2023-02-11,Sat,5,SAT,1,6,2,Feb,11,42,1,2023,REGULAR,,,0,0,0,0,0,PRESIDENTS,-9,9,Washington's Birthday,26,Martin Luther King Jr. Day,,WDW_AFTERHOURS,ARTS,,,0,,,EPCOT Arts,,rules,2026-09-13T06:17:30+00:00
2023-02-12,Sun,6,SUN,1,6,2,Feb,12,43,1,2023,REGULAR,,,0,0,0,0,0,PRESIDENTS,-8,8,Washington's Birthday,27,Martin Luther King Jr. Day,,WDW_AFTERHOURS,ARTS,,,0,,,EPCOT Arts,,rules,2026-09-13T06:17:30+00:00
2023-02-13,Mon,0,WEEKDAY,0,7,2,Feb,13,44,1,2023,REGULAR,,,0,0,0,0,0,PRESIDENTS,-7,7,Washington's Birthday,28,Martin Luther King Jr. Day,,WDW_AFTERHOURS,ARTS,,,0,,,EPCOT Arts,,rules,2026-09-13T06:17:30+00:00
2023-02-14,Tue,1,WEEKDAY,0,7,2,Feb,14,45,1,2023,REGULAR,,,0,0,0,0,0,PRESIDENTS,-6,6,Washington's Birthday,29,Martin Luther King Jr. Day,,WDW_AFTERHOURS,ARTS,,,0,,,EPCOT Arts,,rules,2026-09-13T06:17:30+00:00
2023-02-15,Wed,2,WEEKDAY,0,7,2,Feb,15,46,1,2023,REGULAR,,,0,0,0,0,0,PRESIDENTS,-5,5,Washington's Birthday,30,Martin Luther King Jr. Day,,WDW_AFTERHOURS,ARTS,,,0,,,EPCOT Arts,,rules,2026-09-13T06:17:30+00:00
2023-02-16,Thu,3,WEEKDAY,0,7,2,Feb,16,47,1,2023,REGULAR,,,0,0,0,0,0,PRESIDENTS,-4,4,Washington's Birthday,31,Martin Luther King Jr. Day,,WDW_AFTERHOURS,ARTS,,,0,,,EPCOT Arts,,rules,2026-09-13T06:17:30+00:00
2023-02-17,Fri,4,FRI,0,7,2,Feb,17,48,1,2023,PRESIDENTS_WK,,,0,0,0,1,0,PRESIDENTS,-3,3,Washington's Birthday,32,Martin Luther King Jr. Day,,WDW_AFTERHOURS,ARTS,,,0,,CARNIVAL,long weekend; presidents wk; EPCOT Arts; Brazil carnival,,rules,2026-09-13T06:17:30+00:00
2023-02-18,Sat,5,SAT,1,7,2,Feb,18,49,1,2023,PRESIDENTS_WK,,,0,0,0,1,0,PRESIDENTS,-2,2,Washington's Birthday,33,Martin Luther King Jr. Day,,WDW_AFTERHOURS,ARTS,,,0,,CARNIVAL,long weekend; presidents wk; EPCOT Arts; Brazil carnival,,rules,2026-09-13T06:17:30+00:00
2023-02-19,Sun,6,SUN,1,7,2,Feb,19,50,1,2023,PRESIDENTS_WK,,,0,1,0,1,0,PRESIDENTS,-1,1,Washington's Birthday,34,Martin Luther King Jr. Day,,WDW_AFTERHOURS,ARTS,,,0,,CARNIVAL,long weekend; presidents wk; EPCOT Arts; Brazil carnival,,rules,2026-09-13T06:17:30+00:00
2023-02-20,Mon,0,WEEKDAY,0,8,2,Feb,20,51,1,2023,PRESIDENTS_WK,Washington's Birthday,federal,1,0,0,1,0,PRESIDENTS,0,98,Memorial Day,35,Martin Luther King Jr. Day,,WDW_AFTERHOURS,ARTS,PRESIDENTS,NE,1,FEB_HALF_TERM,CARNIVAL,Washington's Birthday; presidents wk; EPCOT Arts; US school presidents; UK feb half term; Brazil carnival,,rules,2026-09-13T06:17:30+00:00
2023-02-21,Tue,1,WEEKDAY,0,8,2,Feb,21,52,1,2023,PRESIDENTS_WK,,,0,0,1,0,0,PRESIDENTS,1,97,Memorial Day,1,Washington's Birthday,,WDW_AFTERHOURS,ARTS,PRESIDENTS,NE,1,FEB_HALF_TERM,CARNIVAL,presidents wk; EPCOT Arts; US school presidents; UK feb half term; Brazil carnival,,rules,2026-09-13T06:17:30+00:00
2023-02-22,Wed,2,WEEKDAY,0,8,2,Feb,22,53,1,2023,PRESIDENTS_WK,,,0,0,0,0,0,PRESIDENTS,2,96,Memorial Day,2,Washington's Birthday,,WDW_AFTERHOURS,ARTS,PRESIDENTS,NE,1,FEB_HALF_TERM,CARNIVAL,presidents wk; EPCOT Arts; US school presidents; UK feb half term; Brazil carnival,,rules,2026-09-13T06:17:30+00:00
2023-02-23,Thu,3,WEEKDAY,0,8,2,Feb,23,54,1,2023,PRESIDENTS_WK,,,0,0,0,0,0,PRESIDENTS,3,95,Memorial Day,3,Washington's Birthday,,WDW_AFTERHOURS,ARTS,PRESIDENTS,NE,1,FEB_HALF_TERM,CARNIVAL,presidents wk; EPCOT Arts; US school presidents; UK feb half term; Brazil carnival,,rules,2026-09-13T06:17:30+00:00
2023-02-24,Fri,4,FRI,0,8,2,Feb,24,55,1,2023,PRESIDENTS_WK,,,0,0,0,0,0,PRESIDENTS,4,94,Memorial Day,4,Washington's Birthday,,WDW_AFTERHOURS,,PRESIDENTS,NE,1,FEB_HALF_TERM,CARNIVAL,presidents wk; US school presidents; UK feb half term; Brazil carnival,,rules,2026-09-13T06:17:30+00:00
2023-02-25,Sat,5,SAT,1,8,2,Feb,25,56,1,2023,PRESIDENTS_WK,,,0,0,0,0,0,PRESIDENTS,5,93,Memorial Day,5,Washington's Birthday,,WDW_AFTERHOURS,FLOWER_AND_GARDEN,,,0,,,presidents wk; EPCOT Flower And Garden,,rules,2026-09-13T06:17:30+00:00
2023-02-26,Sun,6,SUN,1,8,2,Feb,26,57,1,2023,SPRING_SHOULDER,,,0,0,0,0,0,PRESIDENTS,6,92,Memorial Day,6,Washington's Birthday,,WDW_AFTERHOURS,FLOWER_AND_GARDEN,,,0,,,spring shoulder; EPCOT Flower And Garden,,rules,2026-09-13T06:17:30+00:00
2023-02-27,Mon,0,WEEKDAY,0,9,2,Feb,27,58,1,2023,SPRING_SHOULDER,,,0,0,0,0,0,PRESIDENTS,7,91,Memorial Day,7,Washington's Birthday,,WDW_AFTERHOURS,FLOWER_AND_GARDEN,,,0,,,spring shoulder; EPCOT Flower And Garden,,rules,2026-09-13T06:17:30+00:00
2023-02-28,Tue,1,WEEKDAY,0,9,2,Feb,28,59,1,2023,SPRING_SHOULDER,,,0,0,0,0,0,PRESIDENTS,8,90,Memorial Day,8,Washington's Birthday,,WDW_AFTERHOURS,FLOWER_AND_GARDEN,,,0,,,spring shoulder; EPCOT Flower And Garden,,rules,2026-09-13T06:17:30+00:00
2023-03-01,Wed,2,WEEKDAY,0,9,3,Mar,1,60,1,2023,SPRING_SHOULDER,,,0,0,0,0,0,PRESIDENTS,9,89,Memorial Day,9,Washington's Birthday,,WDW_AFTERHOURS,FLOWER_AND_GARDEN,,,0,,,spring shoulder; EPCOT Flower And Garden,,rules,2026-09-13T06:17:30+00:00
2023-03-02,Thu,3,WEEKDAY,0,9,3,Mar,2,61,1,2023,SPRING_SHOULDER,,,0,0,0,0,0,PRESIDENTS,10,88,Memorial Day,10,Washington's Birthday,,WDW_AFTERHOURS,FLOWER_AND_GARDEN,,,0,,,spring shoulder; EPCOT Flower And Garden,,rules,2026-09-13T06:17:30+00:00
2023-03-03,Fri,4,FRI,0,9,3,Mar,3,62,1,2023,SPRING_SHOULDER,,,0,0,0,0,0,,,87,Memorial Day,11,Washington's Birthday,,WDW_AFTERHOURS,FLOWER_AND_GARDEN,,,0,,,spring shoulder; EPCOT Flower And Garden,,rules,2026-09-13T06:17:30+00:00
2023-03-04,Sat,5,SAT,1,9,3,Mar,4,63,1,2023,SPRING_SHOULDER,,,0,0,0,0,0,,,86,Memorial Day,12,Washington's Birthday,,WDW_AFTERHOURS,FLOWER_AND_GARDEN,,,0,,,spring shoulder; EPCOT Flower And Garden,,rules,2026-09-13T06:17:30+00:00
2023-03-05,Sun,6,SUN,1,9,3,Mar,5,64,1,2023,SPRING_SHOULDER,,,0,0,0,0,0,,,85,Memorial Day,13,Washington's Birthday,,WDW_AFTERHOURS,FLOWER_AND_GARDEN,,,0,,,spring shoulder; EPCOT Flower And Garden,,rules,2026-09-13T06:17:30+00:00
2023-03-06,Mon,0,WEEKDAY,0,10,3,Mar,6,65,1,2023,SPRING_SHOULDER,,,0,0,0,0,0,,,84,Memorial Day,14,Washington's Birthday,,WDW_AFTERHOURS,FLOWER_AND_GARDEN,,,0,,,spring shoulder; EPCOT Flower And Garden,,rules,2026-09-13T06:17:30+00:00
2023-03-07,Tue,1,WEEKDAY,0,10,3,Mar,7,66,1,2023,SPRING_SHOULDER,,,0,0,0,0,0,,,83,Memorial Day,15,Washington's Birthday,,WDW_AFTERHOURS,FLOWER_AND_GARDEN,,,0,,,spring shoulder; EPCOT Flower And Garden,,rules,2026-09-13T06:17:30+00:00
2023-03-08,Wed,2,WEEKDAY,0,10,3,Mar,8,67,1,2023,SPRING_SHOULDER,,,0,0,0,0,0,,,82,Memorial Day,16,Washington's Birthday,,WDW_AFTERHOURS,FLOWER_AND_GARDEN,,,0,,,spring shoulder; EPCOT Flower And Garden,,rules,2026-09-13T06:17:30+00:00
2023-03-09,Thu,3,WEEKDAY,0,10,3,Mar,9,68,1,2023,SPRING_SHOULDER,,,0,0,0,0,0,,,81,Memorial Day,17,Washington's Birthday,,WDW_AFTERHOURS,FLOWER_AND_GARDEN,SPRING,"SOUTH,FL",0,,,spring shoulder; EPCOT Flower And Garden; US school spring,,rules,2026-09-13T06:17:30+00:00
2023-03-10,Fri,4,FRI,0,10,3,Mar,10,69,1,2023,SPRING_SHOULDER,,,0,0,0,0,0,,,80,Memorial Day,18,Washington's Birthday,,WDW_AFTERHOURS,FLOWER_AND_GARDEN,SPRING,"SOUTH,FL",0,,,spring shoulder; EPCOT Flower And Garden; US school spring,,rules,2026-09-13T06:17:30+00:00
2023-03-11,Sat,5,SAT,1,10,3,Mar,11,70,1,2023,SPRING_SHOULDER,,,0,0,0,0,0,,,79,Memorial Day,19,Washington's Birthday,,WDW_AFTERHOURS,FLOWER_AND_GARDEN,SPRING,"SOUTH,FL",0,,,spring shoulder; EPCOT Flower And Garden; US school spring,,rules,2026-09-13T06:17:30+00:00
2023-03-12,Sun,6,SUN,1,10,3,Mar,12,71,1,2023,SPRING_SHOULDER,,,0,0,0,0,0,,,78,Memorial Day,20,Washington's Birthday,,WDW_AFTERHOURS,FLOWER_AND_GARDEN,SPRING,"SOUTH,FL",0,,,spring shoulder; EPCOT Flower And Garden; US school spring,,rules,2026-09-13T06:17:30+00:00
2023-03-13,Mon,0,WEEKDAY,0,11,3,Mar,13,72,1,2023,SPRING_SHOULDER,,,0,0,0,0,0,,,77,Memorial Day,21,Washington's Birthday,,WDW_AFTERHOURS,FLOWER_AND_GARDEN,SPRING,"SOUTH,FL",0,,,spring shoulder; EPCOT Flower And Garden; US school spring,,rules,2026-09-13T06:17:30+00:00
2023-03-14,Tue,1,WEEKDAY,0,11,3,Mar,14,73,1,2023,SPRING_SHOULDER,,,0,0,0,0,0,,,76,Memorial Day,22,Washington's Birthday,,WDW_AFTERHOURS,FLOWER_AND_GARDEN,SPRING,"SOUTH,FL",0,,,spring shoulder; EPCOT Flower And Garden; US school spring,,rules,2026-09-13T06:17:30+00:00
2023-03-15,Wed,2,WEEKDAY,0,11,3,Mar,15,74,1,2023,SPRING_SHOULDER,,,0,0,0,0,0,,,75,Memorial Day,23,Washington's Birthday,,WDW_AFTERHOURS,FLOWER_AND_GARDEN,SPRING,"SOUTH,FL",0,,,spring shoulder; EPCOT Flower And Garden; US school spring,,rules,2026-09-13T06:17:30+00:00
2023-03-16,Thu,3,WEEKDAY,0,11,3,Mar,16,75,1,2023,SPRING_SHOULDER,,,0,0,0,0,0,,,74,Memorial Day,24,Washington's Birthday,,WDW_AFTERHOURS,FLOWER_AND_GARDEN,SPRING,"SOUTH,FL",0,,,spring shoulder; EPCOT Flower And Garden; US school spring,,rules,2026-09-13T06:17:30+00:00
2023-03-17,Fri,4,FRI,0,11,3,Mar,17,76,1,2023,SPRING_SHOULDER,,,0,0,0,0,0,,,73,Memorial Day,25,Washington's Birthday,,WDW_AFTERHOURS,FLOWER_AND_GARDEN,SPRING,"SOUTH,FL",0,,,spring shoulder; EPCOT Flower And Garden; US school spring,,rules,2026-09-13T06:17:30+00:00
2023-03-18,Sat,5,SAT,1,11,3,Mar,18,77,1,2023,SPRING_SHOULDER,,,0,0,0,0,0,,,72,Memorial Day,26,Washington's Birthday,,WDW_AFTERHOURS,FLOWER_AND_GARDEN,SPRING,"SOUTH,FL",0,,,spring shoulder; EPCOT Flower And Garden; US school spring,,rules,2026-09-13T06:17:30+00:00
2023-03-19,Sun,6,SUN,1,11,3,Mar,19,78,1,2023,SPRING_SHOULDER,,,0,0,0,0,0,,,71,Memorial Day,27,Washington's Birthday,,WDW_AFTERHOURS,FLOWER_AND_GARDEN,SPRING,"SOUTH,FL",0,,,spring shoulder; EPCOT Flower And Garden; US school spring,,rules,2026-09-13T06:17:30+00:00
2023-03-20,Mon,0,WEEKDAY,0,12,3,Mar,20,79,1,2023,SPRING_SHOULDER,,,0,0,0,0,0,,,70,Memorial Day,28,Washington's Birthday,,WDW_AFTERHOURS,FLOWER_AND_GARDEN,SPRING,"SOUTH,FL",0,,,spring shoulder; EPCOT Flower And Garden; US school spring,,rules,2026-09-13T06:17:30+00:00
2023-03-21,Tue,1,WEEKDAY,0,12,3,Mar,21,80,1,2023,SPRING_SHOULDER,,,0,0,0,0,0,,,69,Memorial Day,29,Washington's Birthday,,WDW_AFTERHOURS,FLOWER_AND_GARDEN,SPRING,"SOUTH,FL",0,,,spring shoulder; EPCOT Flower And Garden; US school spring,,rules,2026-09-13T06:17:30+00:00
2023-03-22,Wed,2,WEEKDAY,0,12,3,Mar,22,81,1,2023,SPRING_SHOULDER,,,0,0,0,0,0,,,68,Memorial Day,30,Washington's Birthday,,WDW_AFTERHOURS,FLOWER_AND_GARDEN,SPRING,"SOUTH,FL",0,,,spring shoulder; EPCOT Flower And Garden; US school spring,,rules,2026-09-13T06:17:30+00:00
2023-03-23,Thu,3,WEEKDAY,0,12,3,Mar,23,82,1,2023,SPRING_SHOULDER,,,0,0,0,0,0,,,67,Memorial Day,31,Washington's Birthday,,WDW_AFTERHOURS,FLOWER_AND_GARDEN,,,0,,,spring shoulder; EPCOT Flower And Garden,,rules,2026-09-13T06:17:30+00:00
2023-03-24,Fri,4,FRI,0,12,3,Mar,24,83,1,2023,SPRING_SHOULDER,,,0,0,0,0,0,,,66,Memorial Day,32,Washington's Birthday,,WDW_AFTERHOURS,FLOWER_AND_GARDEN,,,0,,,spring shoulder; EPCOT Flower And Garden,,rules,2026-09-13T06:17:30+00:00
2023-03-25,Sat,5,SAT,1,12,3,Mar,25,84,1,2023,SPRING_SHOULDER,,,0,0,0,0,0,,,65,Memorial Day,33,Washington's Birthday,,WDW_AFTERHOURS,FLOWER_AND_GARDEN,,,0,,,spring shoulder; EPCOT Flower And Garden,,rules,2026-09-13T06:17:30+00:00
2023-03-26,Sun,6,SUN,1,12,3,Mar,26,85,1,2023,SPRING_SHOULDER,,,0,0,0,0,0,,,64,Memorial Day,34,Washington's Birthday,,WDW_AFTERHOURS,FLOWER_AND_GARDEN,,,0,,,spring shoulder; EPCOT Flower And Garden,,rules,2026-09-13T06:17:30+00:00
2023-03-27,Mon,0,WEEKDAY,0,13,3,Mar,27,86,1,2023,SPRING_SHOULDER,,,0,0,0,0,0,,,63,Memorial Day,35,Washington's Birthday,,WDW_AFTERHOURS,FLOWER_AND_GARDEN,,,0,,,spring shoulder; EPCOT Flower And Garden,,rules,2026-09-13T06:17:30+00:00
2023-03-28,Tue,1,WEEKDAY,0,13,3,Mar,28,87,1,2023,SPRING_SHOULDER,,,0,0,0,0,0,GOOD_FRIDAY,-10,62,Memorial Day,36,Washington's Birthday,,WDW_AFTERHOURS,FLOWER_AND_GARDEN,SPRING,"NE,SOUTH,MIDWEST,WEST,FL",0,,,spring shoulder; EPCOT Flower And Garden; US school spring,,rules,2026-09-13T06:17:30+00:00
2023-03-29,Wed,2,WEEKDAY,0,13,3,Mar,29,88,1,2023,SPRING_SHOULDER,,,0,0,0,0,0,GOOD_FRIDAY,-9,61,Memorial Day,37,Washington's Birthday,,WDW_AFTERHOURS,FLOWER_AND_GARDEN,SPRING,"NE,SOUTH,MIDWEST,WEST,FL",0,EASTER,,spring shoulder; EPCOT Flower And Garden; US school spring; UK easter,,rules,2026-09-13T06:17:30+00:00
2023-03-30,Thu,3,WEEKDAY,0,13,3,Mar,30,89,1,2023,SPRING_SHOULDER,,,0,0,0,0,0,GOOD_FRIDAY,-8,60,Memorial Day,38,Washington's Birthday,,WDW_AFTERHOURS,FLOWER_AND_GARDEN,SPRING,"NE,SOUTH,MIDWEST,WEST,FL",0,EASTER,,spring shoulder; EPCOT Flower And Garden; US school spring; UK easter,,rules,2026-09-13T06:17:30+00:00
2023-03-31,Fri,4,FRI,0,13,3,Mar,31,90,1,2023,SPRING_SHOULDER,,,0,0,0,0,0,GOOD_FRIDAY,-7,59,Memorial Day,39,Washington's Birthday,,WDW_AFTERHOURS,FLOWER_AND_GARDEN,SPRING,"NE,SOUTH,MIDWEST,WEST,FL",0,EASTER,,spring shoulder; EPCOT Flower And Garden; US school spring; UK easter,,rules,2026-09-13T06:17:30+00:00
2023-04-01,Sat,5,SAT,1,13,4,Apr,1,91,2,2023,EASTER_WK,,,0,0,0,0,0,GOOD_FRIDAY,-6,58,Memorial Day,40,Washington's Birthday,,WDW_AFTERHOURS,FLOWER_AND_GARDEN,SPRING,"NE,SOUTH,MIDWEST,WEST,FL",0,EASTER,,easter wk; EPCOT Flower And Garden; US school spring; UK easter,,rules,2026-09-13T06:17:30+00:00
2023-04-02,Sun,6,SUN,1,13,4,Apr,2,92,2,2023,EASTER_WK,,,0,0,0,0,0,GOOD_FRIDAY,-5,57,Memorial Day,41,Washington's Birthday,,WDW_AFTERHOURS,FLOWER_AND_GARDEN,SPRING,"NE,SOUTH,MIDWEST,WEST,FL",0,EASTER,,easter wk; EPCOT Flower And Garden; US school spring; UK easter,,rules,2026-09-13T06:17:30+00:00
2023-04-03,Mon,0,WEEKDAY,0,14,4,Apr,3,93,2,2023,EASTER_WK,,,0,0,0,0,0,GOOD_FRIDAY,-4,56,Memorial Day,42,Washington's Birthday,,WDW_AFTERHOURS,FLOWER_AND_GARDEN,SPRING,"NE,SOUTH,MIDWEST,WEST,FL",0,EASTER,,easter wk; EPCOT Flower And Garden; US school spring; UK easter,,rules,2026-09-13T06:17:30+00:00
2023-04-04,Tue,1,WEEKDAY,0,14,4,Apr,4,94,2,2023,EASTER_WK,,,0,0,0,0,0,GOOD_FRIDAY,-3,55,Memorial Day,43,Washington's Birthday,,WDW_AFTERHOURS,FLOWER_AND_GARDEN,SPRING,"NE,SOUTH,MIDWEST,WEST,FL",0,EASTER,,easter wk; EPCOT Flower And Garden; US school spring; UK easter,,rules,2026-09-13T06:17:30+00:00
2023-04-05,Wed,2,WEEKDAY,0,14,4,Apr,5,95,2,2023,EASTER_WK,,,0,0,0,0,0,GOOD_FRIDAY,-2,54,Memorial Day,44,Washington's Birthday,,WDW_AFTERHOURS,FLOWER_AND_GARDEN,SPRING,"NE,SOUTH,MIDWEST,WEST,FL",0,EASTER,,easter wk; EPCOT Flower And Garden; US school spring; UK easter,,rules,2026-09-13T06:17:30+00:00
2023-04-06,Thu,3,WEEKDAY,0,14,4,Apr,6,96,2,2023,EASTER_WK,,,0,0,0,0,0,GOOD_FRIDAY,-1,53,Memorial Day,45,Washington's Birthday,,WDW_AFTERHOURS,FLOWER_AND_GARDEN,SPRING,"NE,SOUTH,MIDWEST,WEST,FL",0,EASTER,,easter wk; EPCOT Flower And Garden; US school spring; UK easter,,rules,2026-09-13T06:17:30+00:00
2023-04-07,Fri,4,FRI,0,14,4,Apr,7,97,2,2023,EASTER_WK,,,0,0,0,0,0,GOOD_FRIDAY,0,52,Memorial Day,46,Washington's Birthday,,WDW_AFTERHOURS,FLOWER_AND_GARDEN,SPRING,"NE,SOUTH,MIDWEST,WEST,FL",0,EASTER,,easter wk; EPCOT Flower And Garden; US school spring; UK easter,,rules,2026-09-13T06:17:30+00:00
2023-04-08,Sat,5,SAT,1,14,4,Apr,8,98,2,2023,EASTER_WK,,,0,0,0,0,0,EASTER,-1,51,Memorial Day,47,Washington's Birthday,,WDW_AFTERHOURS,FLOWER_AND_GARDEN,SPRING,"NE,SOUTH,MIDWEST,WEST,FL",0,EASTER,,easter wk; EPCOT Flower And Garden; US school spring; UK easter,,rules,2026-09-13T06:17:30+00:00
2023-04-09,Sun,6,SUN,1,14,4,Apr,9,99,2,2023,EASTER_WK,,,0,0,0,0,0,EASTER,0,50,Memorial Day,48,Washington's Birthday,,WDW_AFTERHOURS,FLOWER_AND_GARDEN,SPRING,"NE,SOUTH,MIDWEST,WEST,FL",0,EASTER,,easter wk; EPCOT Flower And Garden; US school spring; UK easter,,rules,2026-09-13T06:17:30+00:00
2023-04-10,Mon,0,WEEKDAY,0,15,4,Apr,10,100,2,2023,EASTER_WK,,,0,0,0,0,0,EASTER,1,49,Memorial Day,49,Washington's Birthday,,WDW_AFTERHOURS,FLOWER_AND_GARDEN,SPRING,"NE,SOUTH,MIDWEST,WEST,FL",0,EASTER,,easter wk; EPCOT Flower And Garden; US school spring; UK easter,,rules,2026-09-13T06:17:30+00:00
2023-04-11,Tue,1,WEEKDAY,0,15,4,Apr,11,101,2,2023,EASTER_WK,,,0,0,0,0,0,EASTER,2,48,Memorial Day,50,Washington's Birthday,,WDW_AFTERHOURS,FLOWER_AND_GARDEN,SPRING,"NE,SOUTH,MIDWEST,WEST,FL",0,EASTER,,easter wk; EPCOT Flower And Garden; US school spring; UK easter,,rules,2026-09-13T06:17:30+00:00
2023-04-12,Wed,2,WEEKDAY,0,15,4,Apr,12,102,2,2023,EASTER_WK,,,0,0,0,0,0,EASTER,3,47,Memorial Day,51,Washington's Birthday,,WDW_AFTERHOURS,FLOWER_AND_GARDEN,SPRING,"NE,SOUTH,MIDWEST,WEST,FL",0,EASTER,,easter wk; EPCOT Flower And Garden; US school spring; UK easter,,rules,2026-09-13T06:17:30+00:00
2023-04-13,Thu,3,WEEKDAY,0,15,4,Apr,13,103,2,2023,EASTER_WK,,,0,0,0,0,0,EASTER,4,46,Memorial Day,52,Washington's Birthday,,WDW_AFTERHOURS,FLOWER_AND_GARDEN,SPRING,"NE,SOUTH,MIDWEST,WEST,FL",0,EASTER,,easter wk; EPCOT Flower And Garden; US school spring; UK easter,,rules,2026-09-13T06:17:30+00:00
2023-04-14,Fri,4,FRI,0,15,4,Apr,14,104,2,2023,EASTER_WK,,,0,0,0,0,0,EASTER,5,45,Memorial Day,53,Washington's Birthday,,WDW_AFTERHOURS,FLOWER_AND_GARDEN,SPRING,"NE,SOUTH,MIDWEST,WEST,FL",0,EASTER,,easter wk; EPCOT Flower And Garden; US school spring; UK easter,,rules,2026-09-13T06:17:30+00:00
2023-04-15,Sat,5,SAT,1,15,4,Apr,15,105,2,2023,EASTER_WK,,,0,0,0,0,0,EASTER,6,44,Memorial Day,54,Washington's Birthday,,WDW_AFTERHOURS,FLOWER_AND_GARDEN,SPRING,"NE,SOUTH,MIDWEST,WEST,FL",0,EASTER,,easter wk; EPCOT Flower And Garden; US school spring; UK easter,,rules,2026-09-13T06:17:30+00:00
2023-04-16,Sun,6,SUN,1,15,4,Apr,16,106,2,2023,EASTER_WK,,,0,0,0,0,0,EASTER,7,43,Memorial Day,55,Washington's Birthday,,WDW_AFTERHOURS,FLOWER_AND_GARDEN,,,0,EASTER,,easter wk; EPCOT Flower And Garden; UK easter,,rules,2026-09-13T06:17:30+00:00
2023-04-17,Mon,0,WEEKDAY,0,16,4,Apr,17,107,2,2023,EASTER_WK,,,0,0,0,0,0,EASTER,8,42,Memorial Day,56,Washington's Birthday,,WDW_AFTERHOURS,FLOWER_AND_GARDEN,,,0,EASTER,,easter wk; EPCOT Flower And Garden; UK easter,,rules,2026-09-13T06:17:30+00:00
2023-04-18,Tue,1,WEEKDAY,0,16,4,Apr,18,108,2,2023,SPRING_SHOULDER,,,0,0,0,0,0,EASTER,9,41,Memorial Day,57,Washington's Birthday,,WDW_AFTERHOURS,FLOWER_AND_GARDEN,,,0,EASTER,,spring shoulder; EPCOT Flower And Garden; UK easter,,rules,2026-09-13T06:17:30+00:00
2023-04-19,Wed,2,WEEKDAY,0,16,4,Apr,19,109,2,2023,SPRING_SHOULDER,,,0,0,0,0,0,EASTER,10,40,Memorial Day,58,Washington's Birthday,,WDW_AFTERHOURS,FLOWER_AND_GARDEN,,,0,EASTER,,spring shoulder; EPCOT Flower And Garden; UK easter,,rules,2026-09-13T06:17:30+00:00
2023-04-20,Thu,3,WEEKDAY,0,16,4,Apr,20,110,2,2023,SPRING_SHOULDER,,,0,0,0,0,0,,,39,Memorial Day,59,Washington's Birthday,,WDW_AFTERHOURS,FLOWER_AND_GARDEN,,,0,EASTER,,spring shoulder; EPCOT Flower And Garden; UK easter,,rules,2026-09-13T06:17:30+00:00
2023-04-21,Fri,4,FRI,0,16,4,Apr,21,111,2,2023,SPRING_SHOULDER,,,0,0,0,0,0,,,38,Memorial Day,60,Washington's Birthday,,WDW_AFTERHOURS,FLOWER_AND_GARDEN,,,0,,,spring shoulder; EPCOT Flower And Garden,,rules,2026-09-13T06:17:30+00:00
2023-04-22,Sat,5,SAT,1,16,4,Apr,22,112,2,2023,SPRING_SHOULDER,,,0,0,0,0,0,,,37,Memorial Day,61,Washington's Birthday,,WDW_AFTERHOURS,FLOWER_AND_GARDEN,,,0,,,spring shoulder; EPCOT Flower And Garden,,rules,2026-09-13T06:17:30+00:00
2023-04-23,Sun,6,SUN,1,16,4,Apr,23,113,2,2023,SPRING_SHOULDER,,,0,0,0,0,0,,,36,Memorial Day,62,Washington's Birthday,,WDW_AFTERHOURS,FLOWER_AND_GARDEN,,,0,,,spring shoulder; EPCOT Flower And Garden,,rules,2026-09-13T06:17:30+00:00
2023-04-24,Mon,0,WEEKDAY,0,17,4,Apr,24,114,2,2023,SPRING_SHOULDER,,,0,0,0,0,0,,,35,Memorial Day,63,Washington's Birthday,,WDW_AFTERHOURS,FLOWER_AND_GARDEN,,,0,,,spring shoulder; EPCOT Flower And Garden,,rules,2026-09-13T06:17:30+00:00
2023-04-25,Tue,1,WEEKDAY,0,17,4,Apr,25,115,2,2023,SPRING_SHOULDER,,,0,0,0,0,0,,,34,Memorial Day,64,Washington's Birthday,,WDW_AFTERHOURS,FLOWER_AND_GARDEN,,,0,,,spring shoulder; EPCOT Flower And Garden,,rules,2026-09-13T06:17:30+00:00
2023-04-26,Wed,2,WEEKDAY,0,17,4,Apr,26,116,2,2023,REGULAR,,,0,0,0,0,0,,,33,Memorial Day,65,Washington's Birthday,,WDW_AFTERHOURS,FLOWER_AND_GARDEN,,,0,,,EPCOT Flower And Garden,,rules,2026-09-13T06:17:30+00:00
2023-04-27,Thu,3,WEEKDAY,0,17,4,Apr,27,117,2,2023,REGULAR,,,0,0,0,0,0,,,32,Memorial Day,66,Washington's Birthday,,WDW_AFTERHOURS,FLOWER_AND_GARDEN,,,0,,,EPCOT Flower And Garden,,rules,2026-09-13T06:17:30+00:00
2023-04-28,Fri,4,FRI,0,17,4,Apr,28,118,2,2023,REGULAR,,,0,0,0,0,0,,,31,Memorial Day,67,Washington's Birthday,,WDW_AFTERHOURS,FLOWER_AND_GARDEN,,,0,,,EPCOT Flower And Garden,,rules,2026-09-13T06:17:30+00:00
2023-04-29,Sat,5,SAT,1,17,4,Apr,29,119,2,2023,REGULAR,,,0,0,0,0,0,,,30,Memorial Day,68,Washington's Birthday,,WDW_AFTERHOURS,FLOWER_AND_GARDEN,,,0,,,EPCOT Flower And Garden,,rules,2026-09-13T06:17:30+00:00
2023-04-30,Sun,6,SUN,1,17,4,Apr,30,120,2,2023,REGULAR,,,0,0,0,0,0,,,29,Memorial Day,69,Washington's Birthday,,WDW_AFTERHOURS,FLOWER_AND_GARDEN,,,0,,,EPCOT Flower And Garden,,rules,2026-09-13T06:17:30+00:00
2023-05-01,Mon,0,WEEKDAY,0,18,5,May,1,121,2,2023,REGULAR,,,0,0,0,0,0,,,28,Memorial Day,70,Washington's Birthday,,WDW_AFTERHOURS,FLOWER_AND_GARDEN,,,0,,,EPCOT Flower And Garden,,rules,2026-09-13T06:17:30+00:00
2023-05-02,Tue,1,WEEKDAY,0,18,5,May,2,122,2,2023,REGULAR,,,0,0,0,0,0,,,27,Memorial Day,71,Washington's Birthday,,WDW_AFTERHOURS,FLOWER_AND_GARDEN,,,0,,,EPCOT Flower And Garden,,rules,2026-09-13T06:17:30+00:00
2023-05-03,Wed,2,WEEKDAY,0,18,5,May,3,123,2,2023,REGULAR,,,0,0,0,0,0,,,26,Memorial Day,72,Washington's Birthday,,WDW_AFTERHOURS,FLOWER_AND_GARDEN,,,0,,,EPCOT Flower And Garden,,rules,2026-09-13T06:17:30+00:00
2023-05-04,Thu,3,WEEKDAY,0,18,5,May,4,124,2,2023,REGULAR,,,0,0,0,0,0,,,25,Memorial Day,73,Washington's Birthday,,WDW_AFTERHOURS,FLOWER_AND_GARDEN,,,0,,,EPCOT Flower And Garden,,rules,2026-09-13T06:17:30+00:00
2023-05-05,Fri,4,FRI,0,18,5,May,5,125,2,2023,REGULAR,,,0,0,0,0,0,,,24,Memorial Day,74,Washington's Birthday,,WDW_AFTERHOURS,FLOWER_AND_GARDEN,,,0,,,EPCOT Flower And Garden,,rules,2026-09-13T06:17:30+00:00
2023-05-06,Sat,5,SAT,1,18,5,May,6,126,2,2023,REGULAR,,,0,0,0,0,0,,,23,Memorial Day,75,Washington's Birthday,,WDW_AFTERHOURS,FLOWER_AND_GARDEN,,,0,,,EPCOT Flower And Garden,,rules,2026-09-13T06:17:30+00:00
2023-05-07,Sun,6,SUN,1,18,5,May,7,127,2,2023,REGULAR,,,0,0,0,0,0,,,22,Memorial Day,76,Washington's Birthday,,WDW_AFTERHOURS,FLOWER_AND_GARDEN,,,0,,,EPCOT Flower And Garden,,rules,2026-09-13T06:17:30+00:00
2023-05-08,Mon,0,WEEKDAY,0,19,5,May,8,128,2,2023,REGULAR,,,0,0,0,0,0,,,21,Memorial Day,77,Washington's Birthday,,WDW_AFTERHOURS,FLOWER_AND_GARDEN,,,0,,,EPCOT Flower And Garden,,rules,2026-09-13T06:17:30+00:00
2023-05-09,Tue,1,WEEKDAY,0,19,5,May,9,129,2,2023,REGULAR,,,0,0,0,0,0,,,20,Memorial Day,78,Washington's Birthday,,WDW_AFTERHOURS,FLOWER_AND_GARDEN,,,0,,,EPCOT Flower And Garden,,rules,2026-09-13T06:17:30+00:00
2023-05-10,Wed,2,WEEKDAY,0,19,5,May,10,130,2,2023,REGULAR,,,0,0,0,0,0,,,19,Memorial Day,79,Washington's Birthday,,WDW_AFTERHOURS,FLOWER_AND_GARDEN,,,0,,,EPCOT Flower And Garden,,rules,2026-09-13T06:17:30+00:00
2023-05-11,Thu,3,WEEKDAY,0,19,5,May,11,131,2,2023,REGULAR,,,0,0,0,0,0,,,18,Memorial Day,80,Washington's Birthday,,WDW_AFTERHOURS,FLOWER_AND_GARDEN,,,0,,,EPCOT Flower And Garden,,rules,2026-09-13T06:17:30+00:00
2023-05-12,Fri,4,FRI,0,19,5,May,12,132,2,2023,REGULAR,,,0,0,0,0,0,,,17,Memorial Day,81,Washington's Birthday,,WDW_AFTERHOURS,FLOWER_AND_GARDEN,,,0,,,EPCOT Flower And Garden,,rules,2026-09-13T06:17:30+00:00
2023-05-13,Sat,5,SAT,1,19,5,May,13,133,2,2023,REGULAR,,,0,0,0,0,0,,,16,Memorial Day,82,Washington's Birthday,,WDW_AFTERHOURS,FLOWER_AND_GARDEN,,,0,,,EPCOT Flower And Garden,,rules,2026-09-13T06:17:30+00:00
2023-05-14,Sun,6,SUN,1,19,5,May,14,134,2,2023,REGULAR,,,0,0,0,0,0,,,15,Memorial Day,83,Washington's Birthday,,WDW_AFTERHOURS,FLOWER_AND_GARDEN,,,0,,,EPCOT Flower And Garden,,rules,2026-09-13T06:17:30+00:00
2023-05-15,Mon,0,WEEKDAY,0,20,5,May,15,135,2,2023,REGULAR,,,0,0,0,0,0,,,14,Memorial Day,84,Washington's Birthday,,WDW_AFTERHOURS,FLOWER_AND_GARDEN,,,0,,,EPCOT Flower And Garden,,rules,2026-09-13T06:17:30+00:00
2023-05-16,Tue,1,WEEKDAY,0,20,5,May,16,136,2,2023,REGULAR,,,0,0,0,0,0,,,13,Memorial Day,85,Washington's Birthday,,,FLOWER_AND_GARDEN,,,0,,,EPCOT Flower And Garden,,rules,2026-09-13T06:17:30+00:00
2023-05-17,Wed,2,WEEKDAY,0,20,5,May,17,137,2,2023,REGULAR,,,0,0,0,0,0,,,12,Memorial Day,86,Washington's Birthday,,,FLOWER_AND_GARDEN,,,0,,,EPCOT Flower And Garden,,rules,2026-09-13T06:17:30+00:00
2023-05-18,Thu,3,WEEKDAY,0,20,5,May,18,138,2,2023,REGULAR,,,0,0,0,0,0,,,11,Memorial Day,87,Washington's Birthday,,,FLOWER_AND_GARDEN,,,0,,,EPCOT Flower And Garden,,rules,2026-09-13T06:17:30+00:00
2023-05-19,Fri,4,FRI,0,20,5,May,19,139,2,2023,REGULAR,,,0,0,0,0,0,MEMORIAL,-10,10,Memorial Day,88,Washington's Birthday,,,FLOWER_AND_GARDEN,,,0,,,EPCOT Flower And Garden,,rules,2026-09-13T06:17:30+00:00
2023-05-20,Sat,5,SAT,1,20,5,May,20,140,2,2023,REGULAR,,,0,0,0,0,0,MEMORIAL,-9,9,Memorial Day,89,Washington's Birthday,,,FLOWER_AND_GARDEN,,,0,,,EPCOT Flower And Garden,,rules,2026-09-13T06:17:30+00:00
2023-05-21,Sun,6,SUN,1,20,5,May,21,141,2,2023,REGULAR,,,0,0,0,0,0,MEMORIAL,-8,8,Memorial Day,90,Washington's Birthday,,,FLOWER_AND_GARDEN,,,0,,,EPCOT Flower And Garden,,rules,2026-09-13T06:17:30+00:00
2023-05-22,Mon,0,WEEKDAY,0,21,5,May,22,142,2,2023,REGULAR,,,0,0,0,0,0,MEMORIAL,-7,7,Memorial Day,91,Washington's Birthday,,,FLOWER_AND_GARDEN,,,0,,,EPCOT Flower And Garden,,rules,2026-09-13T06:17:30+00:00
2023-05-23,Tue,1,WEEKDAY,0,21,5,May,23,143,2,2023,REGULAR,,,0,0,0,0,0,MEMORIAL,-6,6,Memorial Day,92,Washington's Birthday,,,FLOWER_AND_GARDEN,,,0,,,EPCOT Flower And Garden,,rules,2026-09-13T06:17:30+00:00
2023-05-24,Wed,2,WEEKDAY,0,21,5,May,24,144,2,2023,REGULAR,,,0,0,0,0,0,MEMORIAL,-5,5,Memorial Day,93,Washington's Birthday,,,FLOWER_AND_GARDEN,,,0,,,EPCOT Flower And Garden,,rules,2026-09-13T06:17:30+00:00
2023-05-25,Thu,3,WEEKDAY,0,21,5,May,25,145,2,2023,REGULAR,,,0,0,0,0,0,MEMORIAL,-4,4,Memorial Day,94,Washington's Birthday,,,FLOWER_AND_GARDEN,,,0,,,EPCOT Flower And Garden,,rules,2026-09-13T06:17:30+00:00
2023-05-26,Fri,4,FRI,0,21,5,May,26,146,2,2023,MEMORIAL_WKND,,,0,0,0,1,0,MEMORIAL,-3,3,Memorial Day,95,Washington's Birthday,,,FLOWER_AND_GARDEN,,,0,,,long weekend; memorial wknd; EPCOT Flower And Garden,,rules,2026-09-13T06:17:30+00:00
2023-05-27,Sat,5,SAT,1,21,5,May,27,147,2,2023,MEMORIAL_WKND,,,0,0,0,1,0,MEMORIAL,-2,2,Memorial Day,96,Washington's Birthday,,,FLOWER_AND_GARDEN,,,0,,,long weekend; memorial wknd; EPCOT Flower And Garden,,rules,2026-09-13T06:17:30+00:00
2023-05-28,Sun,6,SUN,1,21,5,May,28,148,2,2023,MEMORIAL_WKND,,,0,1,0,1,0,MEMORIAL,-1,1,Memorial Day,97,Washington's Birthday,,,FLOWER_AND_GARDEN,,,0,,,long weekend; memorial wknd; EPCOT Flower And Garden,,rules,2026-09-13T06:17:30+00:00
2023-05-29,Mon,0,WEEKDAY,0,22,5,May,29,149,2,2023,MEMORIAL_WKND,Memorial Day,federal,1,0,0,1,0,MEMORIAL,0,21,Juneteenth National Independence Day,98,Washington's Birthday,,,FLOWER_AND_GARDEN,,,0,MAY_HALF_TERM,,Memorial Day; memorial wknd; EPCOT Flower And Garden; UK may half term,,rules,2026-09-13T06:17:30+00:00
2023-05-30,Tue,1,WEEKDAY,0,22,5,May,30,150,2,2023,MEMORIAL_WKND,,,0,0,1,0,0,MEMORIAL,1,20,Juneteenth National Independence Day,1,Memorial Day,,,FLOWER_AND_GARDEN,,,0,MAY_HALF_TERM,,memorial wknd; EPCOT Flower And Garden; UK may half term,,rules,2026-09-13T06:17:30+00:00
2023-05-31,Wed,2,WEEKDAY,0,22,5,May,31,151,2,2023,REGULAR,,,0,0,0,0,0,MEMORIAL,2,19,Juneteenth National Independence Day,2,Memorial Day,,,FLOWER_AND_GARDEN,,,0,MAY_HALF_TERM,,EPCOT Flower And Garden; UK may half term,,rules,2026-09-13T06:17:30+00:00
2023-06-01,Thu,3,WEEKDAY,0,22,6,Jun,1,152,2,2023,REGULAR,,,0,0,0,0,0,MEMORIAL,3,18,Juneteenth National Independence Day,3,Memorial Day,,,FLOWER_AND_GARDEN,,,0,MAY_HALF_TERM,,EPCOT Flower And Garden; UK may half term,,rules,2026-09-13T06:17:30+00:00
2023-06-02,Fri,4,FRI,0,22,6,Jun,2,153,2,2023,REGULAR,,,0,0,0,0,0,MEMORIAL,4,17,Juneteenth National Independence Day,4,Memorial Day,,,FLOWER_AND_GARDEN,,,0,MAY_HALF_TERM,,EPCOT Flower And Garden; UK may half term,,rules,2026-09-13T06:17:30+00:00
2023-06-03,Sat,5,SAT,1,22,6,Jun,3,154,2,2023,REGULAR,,,0,0,0,0,0,MEMORIAL,5,16,Juneteenth National Independence Day,5,Memorial Day,,,FLOWER_AND_GARDEN,,,0,,,EPCOT Flower And Garden,,rules,2026-09-13T06:17:30+00:00
2023-06-04,Sun,6,SUN,1,22,6,Jun,4,155,2,2023,REGULAR,,,0,0,0,0,0,MEMORIAL,6,15,Juneteenth National Independence Day,6,Memorial Day,,,FLOWER_AND_GARDEN,,,0,,,EPCOT Flower And Garden,,rules,2026-09-13T06:17:30+00:00
2023-06-05,Mon,0,WEEKDAY,0,23,6,Jun,5,156,2,2023,REGULAR,,,0,0,0,0,0,MEMORIAL,7,14,Juneteenth National Independence Day,7,Memorial Day,,,FLOWER_AND_GARDEN,,,0,,,EPCOT Flower And Garden,,rules,2026-09-13T06:17:30+00:00
2023-06-06,Tue,1,WEEKDAY,0,23,6,Jun,6,157,2,2023,REGULAR,,,0,0,0,0,0,MEMORIAL,8,13,Juneteenth National Independence Day,8,Memorial Day,,,FLOWER_AND_GARDEN,,,0,,,EPCOT Flower And Garden,,rules,2026-09-13T06:17:30+00:00
2023-06-07,Wed,2,WEEKDAY,0,23,6,Jun,7,158,2,2023,REGULAR,,,0,0,0,0,0,MEMORIAL,9,12,Juneteenth National Independence Day,9,Memorial Day,,,FLOWER_AND_GARDEN,,,0,,,EPCOT Flower And Garden,,rules,2026-09-13T06:17:30+00:00
2023-06-08,Thu,3,WEEKDAY,0,23,6,Jun,8,159,2,2023,SUMMER_PEAK,,,0,0,0,0,0,MEMORIAL,10,11,Juneteenth National Independence Day,10,Memorial Day,,,FLOWER_AND_GARDEN,SUMMER,"NE,SOUTH,MIDWEST,WEST,FL",0,,,summer peak; EPCOT Flower And Garden; US school summer,,rules,2026-09-13T06:17:30+00:00
2023-06-09,Fri,4,FRI,0,23,6,Jun,9,160,2,2023,SUMMER_PEAK,,,0,0,0,0,0,,,10,Juneteenth National Independence Day,11,Memorial Day,,,FLOWER_AND_GARDEN,SUMMER,"NE,SOUTH,MIDWEST,WEST,FL",0,,,summer peak; EPCOT Flower And Garden; US school summer,,rules,2026-09-13T06:17:30+00:00
2023-06-10,Sat,5,SAT,1,23,6,Jun,10,161,2,2023,SUMMER_PEAK,,,0,0,0,0,0,,,9,Juneteenth National Independence Day,12,Memorial Day,,,FLOWER_AND_GARDEN,SUMMER,"NE,SOUTH,MIDWEST,WEST,FL",0,,,summer peak; EPCOT Flower And Garden; US school summer,,rules,2026-09-13T06:17:30+00:00
2023-06-11,Sun,6,SUN,1,23,6,Jun,11,162,2,2023,SUMMER_PEAK,,,0,0,0,0,0,,,8,Juneteenth National Independence Day,13,Memorial Day,,,FLOWER_AND_GARDEN,SUMMER,"NE,SOUTH,MIDWEST,WEST,FL",0,,,summer peak; EPCOT Flower And Garden; US school summer,,rules,2026-09-13T06:17:30+00:00
2023-06-12,Mon,0,WEEKDAY,0,24,6,Jun,12,163,2,2023,SUMMER_PEAK,,,0,0,0,0,0,,,7,Juneteenth National Independence Day,14,Memorial Day,,,FLOWER_AND_GARDEN,SUMMER,"NE,SOUTH,MIDWEST,WEST,FL",0,,,summer peak; EPCOT Flower And Garden; US school summer,,rules,2026-09-13T06:17:30+00:00
2023-06-13,Tue,1,WEEKDAY,0,24,6,Jun,13,164,2,2023,SUMMER_PEAK,,,0,0,0,0,0,,,6,Juneteenth National Independence Day,15,Memorial Day,,,FLOWER_AND_GARDEN,SUMMER,"NE,SOUTH,MIDWEST,WEST,FL",0,,,summer peak; EPCOT Flower And Garden; US school summer,,rules,2026-09-13T06:17:30+00:00
2023-06-14,Wed,2,WEEKDAY,0,24,6,Jun,14,165,2,2023,SUMMER_PEAK,,,0,0,0,0,0,,,5,Juneteenth National Independence Day,16,Memorial Day,,,FLOWER_AND_GARDEN,SUMMER,"NE,SOUTH,MIDWEST,WEST,FL",0,,,summer peak; EPCOT Flower And Garden; US school summer,,rules,2026-09-13T06:17:30+00:00
2023-06-15,Thu,3,WEEKDAY,0,24,6,Jun,15,166,2,2023,SUMMER_PEAK,,,0,0,0,0,0,,,4,Juneteenth National Independence Day,17,Memorial Day,,,FLOWER_AND_GARDEN,SUMMER,"NE,SOUTH,MIDWEST,WEST,FL",0,,,summer peak; EPCOT Flower And Garden; US school summer,,rules,2026-09-13T06:17:30+00:00
2023-06-16,Fri,4,FRI,0,24,6,Jun,16,167,2,2023,SUMMER_PEAK,,,0,0,0,1,0,,,3,Juneteenth National Independence Day,18,Memorial Day,,,FLOWER_AND_GARDEN,SUMMER,"NE,SOUTH,MIDWEST,WEST,FL",0,,,long weekend; summer peak; EPCOT Flower And Garden; US school summer,,rules,2026-09-13T06:17:30+00:00
2023-06-17,Sat,5,SAT,1,24,6,Jun,17,168,2,2023,SUMMER_PEAK,,,0,0,0,1,0,,,2,Juneteenth National Independence Day,19,Memorial Day,,,FLOWER_AND_GARDEN,SUMMER,"NE,SOUTH,MIDWEST,WEST,FL",0,,,long weekend; summer peak; EPCOT Flower And Garden; US school summer,,rules,2026-09-13T06:17:30+00:00
2023-06-18,Sun,6,SUN,1,24,6,Jun,18,169,2,2023,SUMMER_PEAK,,,0,1,0,1,0,,,1,Juneteenth National Independence Day,20,Memorial Day,,,FLOWER_AND_GARDEN,SUMMER,"NE,SOUTH,MIDWEST,WEST,FL",0,,,long weekend; summer peak; EPCOT Flower And Garden; US school summer,,rules,2026-09-13T06:17:30+00:00
2023-06-19,Mon,0,WEEKDAY,0,25,6,Jun,19,170,2,2023,SUMMER_PEAK,Juneteenth National Independence Day,federal,1,0,0,1,0,,,15,Independence Day,21,Memorial Day,,,FLOWER_AND_GARDEN,SUMMER,"NE,SOUTH,MIDWEST,WEST,FL",0,,,Juneteenth National Independence Day; summer peak; EPCOT Flower And Garden; US school summer,,rules,2026-09-13T06:17:30+00:00
2023-06-20,Tue,1,WEEKDAY,0,25,6,Jun,20,171,2,2023,SUMMER_PEAK,,,0,0,1,0,0,,,14,Independence Day,1,Juneteenth National Independence Day,,,FLOWER_AND_GARDEN,SUMMER,"NE,SOUTH,MIDWEST,WEST,FL",0,,,summer peak; EPCOT Flower And Garden; US school summer,,rules,2026-09-13T06:17:30+00:00
2023-06-21,Wed,2,WEEKDAY,0,25,6,Jun,21,172,2,2023,SUMMER_PEAK,,,0,0,0,0,0,,,13,Independence Day,2,Juneteenth National Independence Day,,,FLOWER_AND_GARDEN,SUMMER,"NE,SOUTH,MIDWEST,WEST,FL",0,,,summer peak; EPCOT Flower And Garden; US school summer,,rules,2026-09-13T06:17:30+00:00
2023-06-22,Thu,3,WEEKDAY,0,25,6,Jun,22,173,2,2023,SUMMER_PEAK,,,0,0,0,0,0,,,12,Independence Day,3,Juneteenth National Independence Day,,,FLOWER_AND_GARDEN,SUMMER,"NE,SOUTH,MIDWEST,WEST,FL",0,,,summer peak; EPCOT Flower And Garden; US school summer,,rules,2026-09-13T06:17:30+00:00
2023-06-23,Fri,4,FRI,0,25,6,Jun,23,174,2,2023,SUMMER_PEAK,,,0,0,0,0,0,,,11,Independence Day,4,Juneteenth National Independence Day,,,FLOWER_AND_GARDEN,SUMMER,"NE,SOUTH,MIDWEST,WEST,FL",0,,,summer peak; EPCOT Flower And Garden; US school summer,,rules,2026-09-13T06:17:30+00:00
2023-06-24,Sat,5,SAT,1,25,6,Jun,24,175,2,2023,SUMMER_PEAK,,,0,0,0,0,0,JULY4,-10,10,Independence Day,5,Juneteenth National Independence Day,,,FLOWER_AND_GARDEN,SUMMER,"NE,SOUTH,MIDWEST,WEST,FL",0,,,summer peak; EPCOT Flower And Garden; US school summer,,rules,2026-09-13T06:17:30+00:00
2023-06-25,Sun,6,SUN,1,25,6,Jun,25,176,2,2023,SUMMER_PEAK,,,0,0,0,0,0,JULY4,-9,9,Independence Day,6,Juneteenth National Independence Day,,,FLOWER_AND_GARDEN,SUMMER,"NE,SOUTH,MIDWEST,WEST,FL",0,,,summer peak; EPCOT Flower And Garden; US school summer,,rules,2026-09-13T06:17:30+00:00
2023-06-26,Mon,0,WEEKDAY,0,26,6,Jun,26,177,2,2023,SUMMER_PEAK,,,0,0,0,0,0,JULY4,-8,8,Independence Day,7,Juneteenth National Independence Day,,,FLOWER_AND_GARDEN,SUMMER,"NE,SOUTH,MIDWEST,WEST,FL",0,,,summer peak; EPCOT Flower And Garden; US school summer,,rules,2026-09-13T06:17:30+00:00
2023-06-27,Tue,1,WEEKDAY,0,26,6,Jun,27,178,2,2023,SUMMER_PEAK,,,0,0,0,0,0,JULY4,-7,7,Independence Day,8,Juneteenth National Independence Day,,,FLOWER_AND_GARDEN,SUMMER,"NE,SOUTH,MIDWEST,WEST,FL",0,,,summer peak; EPCOT Flower And Garden; US school summer,,rules,2026-09-13T06:17:30+00:00
2023-06-28,Wed,2,WEEKDAY,0,26,6,Jun,28,179,2,2023,SUMMER_PEAK,,,0,0,0,0,0,JULY4,-6,6,Independence Day,9,Juneteenth National Independence Day,,,FLOWER_AND_GARDEN,SUMMER,"NE,SOUTH,MIDWEST,WEST,FL",0,,,summer peak; EPCOT Flower And Garden; US school summer,,rules,2026-09-13T06:17:30+00:00
2023-06-29,Thu,3,WEEKDAY,0,26,6,Jun,29,180,2,2023,SUMMER_PEAK,,,0,0,0,0,0,JULY4,-5,5,Independence Day,10,Juneteenth National Independence Day,,,FLOWER_AND_GARDEN,SUMMER,"NE,SOUTH,MIDWEST,WEST,FL",0,,,summer peak; EPCOT Flower And Garden; US school summer,,rules,2026-09-13T06:17:30+00:00
2023-06-30,Fri,4,FRI,0,26,6,Jun,30,181,2,2023,SUMMER_PEAK,,,0,0,0,0,0,JULY4,-4,4,Independence Day,11,Juneteenth National Independence Day,,,FLOWER_AND_GARDEN,SUMMER,"NE,SOUTH,MIDWEST,WEST,FL",0,,,summer peak; EPCOT Flower And Garden; US school summer,,rules,2026-09-13T06:17:30+00:00
2023-07-01,Sat,5,SAT,1,26,7,Jul,1,182,3,2023,JULY4_WK,,,0,0,0,0,0,JULY4,-3,3,Independence Day,12,Juneteenth National Independence Day,,,FLOWER_AND_GARDEN,SUMMER,"NE,SOUTH,MIDWEST,WEST,FL",0,,WINTER,july4 wk; EPCOT Flower And Garden; US school summer; Brazil winter,,rules,2026-09-13T06:17:30+00:00
2023-07-02,Sun,6,SUN,1,26,7,Jul,2,183,3,2023,JULY4_WK,,,0,0,0,0,0,JULY4,-2,2,Independence Day,13,Juneteenth National Independence Day,,,FLOWER_AND_GARDEN,SUMMER,"NE,SOUTH,MIDWEST,WEST,FL",0,,WINTER,july4 wk; EPCOT Flower And Garden; US school summer; Brazil winter,,rules,2026-09-13T06:17:30+00:00
2023-07-03,Mon,0,WEEKDAY,0,27,7,Jul,3,184,3,2023,JULY4_WK,,,0,1,0,0,1,JULY4,-1,1,Independence Day,14,Juneteenth National Independence Day,,,FLOWER_AND_GARDEN,SUMMER,"NE,SOUTH,MIDWEST,WEST,FL",0,,WINTER,july4 wk; EPCOT Flower And Garden; US school summer; Brazil winter,,rules,2026-09-13T06:17:30+00:00
2023-07-04,Tue,1,WEEKDAY,0,27,7,Jul,4,185,3,2023,JULY4_WK,Independence Day,federal,1,0,0,0,0,JULY4,0,62,Labor Day,15,Juneteenth National Independence Day,,,FLOWER_AND_GARDEN,SUMMER,"NE,SOUTH,MIDWEST,WEST,FL",0,,WINTER,Independence Day; july4 wk; EPCOT Flower And Garden; US school summer; Brazil winter,,rules,2026-09-13T06:17:30+00:00
2023-07-05,Wed,2,WEEKDAY,0,27,7,Jul,5,186,3,2023,JULY4_WK,,,0,0,1,0,0,JULY4,1,61,Labor Day,1,Independence Day,,,FLOWER_AND_GARDEN,SUMMER,"NE,SOUTH,MIDWEST,WEST,FL",0,,WINTER,july4 wk; EPCOT Flower And Garden; US school summer; Brazil winter,,rules,2026-09-13T06:17:30+00:00
2023-07-06,Thu,3,WEEKDAY,0,27,7,Jul,6,187,3,2023,JULY4_WK,,,0,0,0,0,0,JULY4,2,60,Labor Day,2,Independence Day,,,FLOWER_AND_GARDEN,SUMMER,"NE,SOUTH,MIDWEST,WEST,FL",0,,WINTER,july4 wk; EPCOT Flower And Garden; US school summer; Brazil winter,,rules,2026-09-13T06:17:30+00:00
2023-07-07,Fri,4,FRI,0,27,7,Jul,7,188,3,2023,JULY4_WK,,,0,0,0,0,0,JULY4,3,59,Labor Day,3,Independence Day,,,,SUMMER,"NE,SOUTH,MIDWEST,WEST,FL",0,,WINTER,july4 wk; US school summer; Brazil winter,,rules,2026-09-13T06:17:30+00:00
2023-07-08,Sat,5,SAT,1,27,7,Jul,8,189,3,2023,SUMMER_PEAK,,,0,0,0,0,0,JULY4,4,58,Labor Day,4,Independence Day,,,,SUMMER,"NE,SOUTH,MIDWEST,WEST,FL",0,,WINTER,summer peak; US school summer; Brazil winter,,rules,2026-09-13T06:17:30+00:00
2023-07-09,Sun,6,SUN,1,27,7,Jul,9,190,3,2023,SUMMER_PEAK,,,0,0,0,0,0,JULY4,5,57,Labor Day,5,Independence Day,,,,SUMMER,"NE,SOUTH,MIDWEST,WEST,FL",0,,WINTER,summer peak; US school summer; Brazil winter,,rules,2026-09-13T06:17:30+00:00
2023-07-10,Mon,0,WEEKDAY,0,28,7,Jul,10,191,3,2023,SUMMER_PEAK,,,0,0,0,0,0,JULY4,6,56,Labor Day,6,Independence Day,,,,SUMMER,"NE,SOUTH,MIDWEST,WEST,FL",0,,WINTER,summer peak; US school summer; Brazil winter,,rules,2026-09-13T06:17:30+00:00
2023-07-11,Tue,1,WEEKDAY,0,28,7,Jul,11,192,3,2023,SUMMER_PEAK,,,0,0,0,0,0,JULY4,7,55,Labor Day,7,Independence Day,,,,SUMMER,"NE,SOUTH,MIDWEST,WEST,FL",0,,WINTER,summer peak; US school summer; Brazil winter,,rules,2026-09-13T06:17:30+00:00
2023-07-12,Wed,2,WEEKDAY,0,28,7,Jul,12,193,3,2023,SUMMER_PEAK,,,0,0,0,0,0,JULY4,8,54,Labor Day,8,Independence Day,,,,SUMMER,"NE,SOUTH,MIDWEST,WEST,FL",0,,WINTER,summer peak; US school summer; Brazil winter,,rules,2026-09-13T06:17:30+00:00
2023-07-13,Thu,3,WEEKDAY,0,28,7,Jul,13,194,3,2023,SUMMER_PEAK,,,0,0,0,0,0,JULY4,9,53,Labor Day,9,Independence Day,,,,SUMMER,"NE,SOUTH,MIDWEST,WEST,FL",0,,WINTER,summer peak; US school summer; Brazil winter,,rules,2026-09-13T06:17:30+00:00
2023-07-14,Fri,4,FRI,0,28,7,Jul,14,195,3,2023,SUMMER_PEAK,,,0,0,0,0,0,JULY4,10,52,Labor Day,10,Independence Day,,,,SUMMER,"NE,SOUTH,MIDWEST,WEST,FL",0,,WINTER,summer peak; US school summer; Brazil winter,,rules,2026-09-13T06:17:30+00:00
2023-07-15,Sat,5,SAT,1,28,7,Jul,15,196,3,2023,SUMMER_PEAK,,,0,0,0,0,0,,,51,Labor Day,11,Independence Day,,,,SUMMER,"NE,SOUTH,MIDWEST,WEST,FL",0,,WINTER,summer peak; US school summer; Brazil winter,,rules,2026-09-13T06:17:30+00:00
2023-07-16,Sun,6,SUN,1,28,7,Jul,16,197,3,2023,SUMMER_PEAK,,,0,0,0,0,0,,,50,Labor Day,12,Independence Day,,,,SUMMER,"NE,SOUTH,MIDWEST,WEST,FL",0,,WINTER,summer peak; US school summer; Brazil winter,,rules,2026-09-13T06:17:30+00:00
2023-07-17,Mon,0,WEEKDAY,0,29,7,Jul,17,198,3,2023,SUMMER_PEAK,,,0,0,0,0,0,,,49,Labor Day,13,Independence Day,,,,SUMMER,"NE,SOUTH,MIDWEST,WEST,FL",0,,WINTER,summer peak; US school summer; Brazil winter,,rules,2026-09-13T06:17:30+00:00
2023-07-18,Tue,1,WEEKDAY,0,29,7,Jul,18,199,3,2023,SUMMER_PEAK,,,0,0,0,0,0,,,48,Labor Day,14,Independence Day,,,,SUMMER,"NE,SOUTH,MIDWEST,WEST,FL",0,,WINTER,summer peak; US school summer; Brazil winter,,rules,2026-09-13T06:17:30+00:00
2023-07-19,Wed,2,WEEKDAY,0,29,7,Jul,19,200,3,2023,SUMMER_PEAK,,,0,0,0,0,0,,,47,Labor Day,15,Independence Day,,,,SUMMER,"NE,SOUTH,MIDWEST,WEST,FL",0,,WINTER,summer peak; US school summer; Brazil winter,,rules,2026-09-13T06:17:30+00:00
2023-07-20,Thu,3,WEEKDAY,0,29,7,Jul,20,201,3,2023,SUMMER_PEAK,,,0,0,0,0,0,,,46,Labor Day,16,Independence Day,,,,SUMMER,"NE,SOUTH,MIDWEST,WEST,FL",0,,WINTER,summer peak; US school summer; Brazil winter,,rules,2026-09-13T06:17:30+00:00
2023-07-21,Fri,4,FRI,0,29,7,Jul,21,202,3,2023,SUMMER_PEAK,,,0,0,0,0,0,,,45,Labor Day,17,Independence Day,,,,SUMMER,"NE,SOUTH,MIDWEST,WEST,FL",0,,WINTER,summer peak; US school summer; Brazil winter,,rules,2026-09-13T06:17:30+00:00
2023-07-22,Sat,5,SAT,1,29,7,Jul,22,203,3,2023,SUMMER_PEAK,,,0,0,0,0,0,,,44,Labor Day,18,Independence Day,,,,SUMMER,"NE,SOUTH,MIDWEST,WEST,FL",0,,WINTER,summer peak; US school summer; Brazil winter,,rules,2026-09-13T06:17:30+00:00
2023-07-23,Sun,6,SUN,1,29,7,Jul,23,204,3,2023,SUMMER_PEAK,,,0,0,0,0,0,,,43,Labor Day,19,Independence Day,,,,SUMMER,"NE,SOUTH,MIDWEST,WEST,FL",0,SUMMER,WINTER,summer peak; US school summer; UK summer; Brazil winter,,rules,2026-09-13T06:17:30+00:00
2023-07-24,Mon,0,WEEKDAY,0,30,7,Jul,24,205,3,2023,SUMMER_PEAK,,,0,0,0,0,0,,,42,Labor Day,20,Independence Day,,,,SUMMER,"NE,SOUTH,MIDWEST,WEST,FL",0,SUMMER,WINTER,summer peak; US school summer; UK summer; Brazil winter,,rules,2026-09-13T06:17:30+00:00
2023-07-25,Tue,1,WEEKDAY,0,30,7,Jul,25,206,3,2023,SUMMER_PEAK,,,0,0,0,0,0,,,41,Labor Day,21,Independence Day,,,,SUMMER,"NE,SOUTH,MIDWEST,WEST,FL",0,SUMMER,WINTER,summer peak; US school summer; UK summer; Brazil winter,,rules,2026-09-13T06:17:30+00:00
2023-07-26,Wed,2,WEEKDAY,0,30,7,Jul,26,207,3,2023,SUMMER_PEAK,,,0,0,0,0,0,,,40,Labor Day,22,Independence Day,,,,SUMMER,"NE,SOUTH,MIDWEST,WEST,FL",0,SUMMER,WINTER,summer peak; US school summer; UK summer; Brazil winter,,rules,2026-09-13T06:17:30+00:00
2023-07-27,Thu,3,WEEKDAY,0,30,7,Jul,27,208,3,2023,SUMMER_PEAK,,,0,0,0,0,0,,,39,Labor Day,23,Independence Day,,,,SUMMER,"NE,SOUTH,MIDWEST,WEST,FL",0,SUMMER,WINTER,summer peak; US school summer; UK summer; Brazil winter,,rules,2026-09-13T06:17:30+00:00
2023-07-28,Fri,4,FRI,0,30,7,Jul,28,209,3,2023,SUMMER_PEAK,,,0,0,0,0,0,,,38,Labor Day,24,Independence Day,,,,SUMMER,"NE,SOUTH,MIDWEST,WEST,FL",0,SUMMER,WINTER,summer peak; US school summer; UK summer; Brazil winter,,rules,2026-09-13T06:17:30+00:00
2023-07-29,Sat,5,SAT,1,30,7,Jul,29,210,3,2023,SUMMER_PEAK,,,0,0,0,0,0,,,37,Labor Day,25,Independence Day,,,,SUMMER,"NE,SOUTH,MIDWEST,WEST,FL",0,SUMMER,WINTER,summer peak; US school summer; UK summer; Brazil winter,,rules,2026-09-13T06:17:30+00:00
2023-07-30,Sun,6,SUN,1,30,7,Jul,30,211,3,2023,SUMMER_PEAK,,,0,0,0,0,0,,,36,Labor Day,26,Independence Day,,,,SUMMER,"NE,SOUTH,MIDWEST,WEST,FL",0,SUMMER,WINTER,summer peak; US school summer; UK summer; Brazil winter,,rules,2026-09-13T06:17:30+00:00
2023-07-31,Mon,0,WEEKDAY,0,31,7,Jul,31,212,3,2023,SUMMER_PEAK,,,0,0,0,0,0,,,35,Labor Day,27,Independence Day,,,,SUMMER,"NE,SOUTH,MIDWEST,WEST,FL",0,SUMMER,WINTER,summer peak; US school summer; UK summer; Brazil winter,,rules,2026-09-13T06:17:30+00:00
2023-08-01,Tue,1,WEEKDAY,0,31,8,Aug,1,213,3,2023,SUMMER_PEAK,,,0,0,0,0,0,,,34,Labor Day,28,Independence Day,,,,SUMMER,"NE,SOUTH,MIDWEST,WEST,FL",0,SUMMER,,summer peak; US school summer; UK summer,,rules,2026-09-13T06:17:30+00:00
2023-08-02,Wed,2,WEEKDAY,0,31,8,Aug,2,214,3,2023,SUMMER_PEAK,,,0,0,0,0,0,,,33,Labor Day,29,Independence Day,,,,SUMMER,"NE,SOUTH,MIDWEST,WEST,FL",0,SUMMER,,summer peak; US school summer; UK summer,,rules,2026-09-13T06:17:30+00:00
2023-08-03,Thu,3,WEEKDAY,0,31,8,Aug,3,215,3,2023,SUMMER_PEAK,,,0,0,0,0,0,,,32,Labor Day,30,Independence Day,,,,SUMMER,"NE,SOUTH,MIDWEST,WEST,FL",0,SUMMER,,summer peak; US school summer; UK summer,,rules,2026-09-13T06:17:30+00:00
2023-08-04,Fri,4,FRI,0,31,8,Aug,4,216,3,2023,SUMMER_PEAK,,,0,0,0,0,0,,,31,Labor Day,31,Independence Day,,,,SUMMER,"NE,SOUTH,MIDWEST,WEST,FL",0,SUMMER,,summer peak; US school summer; UK summer,,rules,2026-09-13T06:17:30+00:00
2023-08-05,Sat,5,SAT,1,31,8,Aug,5,217,3,2023,SUMMER_PEAK,,,0,0,0,0,0,,,30,Labor Day,32,Independence Day,,,,SUMMER,"NE,SOUTH,MIDWEST,WEST,FL",0,SUMMER,,summer peak; US school summer; UK summer,,rules,2026-09-13T06:17:30+00:00
2023-08-06,Sun,6,SUN,1,31,8,Aug,6,218,3,2023,SUMMER_PEAK,,,0,0,0,0,0,,,29,Labor Day,33,Independence Day,,,,SUMMER,"NE,SOUTH,MIDWEST,WEST,FL",0,SUMMER,,summer peak; US school summer; UK summer,,rules,2026-09-13T06:17:30+00:00
2023-08-07,Mon,0,WEEKDAY,0,32,8,Aug,7,219,3,2023,SUMMER_PEAK,,,0,0,0,0,0,,,28,Labor Day,34,Independence Day,,,,SUMMER,"NE,SOUTH,MIDWEST,WEST,FL",0,SUMMER,,summer peak; US school summer; UK summer,,rules,2026-09-13T06:17:30+00:00
2023-08-08,Tue,1,WEEKDAY,0,32,8,Aug,8,220,3,2023,SUMMER_PEAK,,,0,0,0,0,0,,,27,Labor Day,35,Independence Day,,WDW_HALLOWEEN,,SUMMER,"NE,SOUTH,MIDWEST,WEST,FL",0,SUMMER,,summer peak; US school summer; UK summer,,rules,2026-09-13T06:17:30+00:00
2023-08-09,Wed,2,WEEKDAY,0,32,8,Aug,9,221,3,2023,SUMMER_PEAK,,,0,0,0,0,0,,,26,Labor Day,36,Independence Day,,WDW_HALLOWEEN,,SUMMER,"NE,SOUTH,MIDWEST,WEST,FL",0,SUMMER,,summer peak; US school summer; UK summer,,rules,2026-09-13T06:17:30+00:00
2023-08-10,Thu,3,WEEKDAY,0,32,8,Aug,10,222,3,2023,SUMMER_PEAK,,,0,0,0,0,0,,,25,Labor Day,37,Independence Day,,WDW_HALLOWEEN,,SUMMER,"NE,SOUTH,MIDWEST,WEST,FL",0,SUMMER,,summer peak; US school summer; UK summer,,rules,2026-09-13T06:17:30+00:00
2023-08-11,Fri,4,FRI,0,32,8,Aug,11,223,3,2023,LATE_SUMMER,,,0,0,0,0,0,,,24,Labor Day,38,Independence Day,,WDW_HALLOWEEN,,SUMMER,"NE,SOUTH,MIDWEST,WEST,FL",0,SUMMER,,late summer; US school summer; UK summer,,rules,2026-09-13T06:17:30+00:00
2023-08-12,Sat,5,SAT,1,32,8,Aug,12,224,3,2023,LATE_SUMMER,,,0,0,0,0,0,,,23,Labor Day,39,Independence Day,,WDW_HALLOWEEN,,SUMMER,"NE,SOUTH,MIDWEST,WEST,FL",0,SUMMER,,late summer; US school summer; UK summer,,rules,2026-09-13T06:17:30+00:00
2023-08-13,Sun,6,SUN,1,32,8,Aug,13,225,3,2023,LATE_SUMMER,,,0,0,0,0,0,,,22,Labor Day,40,Independence Day,,WDW_HALLOWEEN,,SUMMER,"NE,SOUTH,MIDWEST,WEST,FL",0,SUMMER,,late summer; US school summer; UK summer,,rules,2026-09-13T06:17:30+00:00
2023-08-14,Mon,0,WEEKDAY,0,33,8,Aug,14,226,3,2023,LATE_SUMMER,,,0,0,0,0,0,,,21,Labor Day,41,Independence Day,,WDW_HALLOWEEN,,SUMMER,"NE,SOUTH,MIDWEST,WEST,FL",0,SUMMER,,late summer; US school summer; UK summer,,rules,2026-09-13T06:17:30+00:00
2023-08-15,Tue,1,WEEKDAY,0,33,8,Aug,15,227,3,2023,LATE_SUMMER,,,0,0,0,0,0,,,20,Labor Day,42,Independence Day,HALLOWEEN_SEASON,WDW_HALLOWEEN,,SUMMER,"NE,SOUTH,MIDWEST,WEST,FL",0,SUMMER,,late summer; halloween season; US school summer; UK summer,,rules,2026-09-13T06:17:30+00:00
2023-08-16,Wed,2,WEEKDAY,0,33,8,Aug,16,228,3,2023,LATE_SUMMER,,,0,0,0,0,0,,,19,Labor Day,43,Independence Day,HALLOWEEN_SEASON,WDW_HALLOWEEN,,SUMMER,"NE,SOUTH,MIDWEST,WEST,FL",0,SUMMER,,late summer; halloween season; US school summer; UK summer,,rules,2026-09-13T06:17:30+00:00
2023-08-17,Thu,3,WEEKDAY,0,33,8,Aug,17,229,3,2023,LATE_SUMMER,,,0,0,0,0,0,,,18,Labor Day,44,Independence Day,HALLOWEEN_SEASON,WDW_HALLOWEEN,,,,0,SUMMER,,late summer; halloween season; UK summer,,rules,2026-09-13T06:17:30+00:00
2023-08-18,Fri,4,FRI,0,33,8,Aug,18,230,3,2023,LATE_SUMMER,,,0,0,0,0,0,,,17,Labor Day,45,Independence Day,HALLOWEEN_SEASON,WDW_HALLOWEEN,,,,0,SUMMER,,late summer; halloween season; UK summer,,rules,2026-09-13T06:17:30+00:00
2023-08-19,Sat,5,SAT,1,33,8,Aug,19,231,3,2023,LATE_SUMMER,,,0,0,0,0,0,,,16,Labor Day,46,Independence Day,HALLOWEEN_SEASON,WDW_HALLOWEEN,,,,0,SUMMER,,late summer; halloween season; UK summer,,rules,2026-09-13T06:17:30+00:00
2023-08-20,Sun,6,SUN,1,33,8,Aug,20,232,3,2023,LATE_SUMMER,,,0,0,0,0,0,,,15,Labor Day,47,Independence Day,HALLOWEEN_SEASON,WDW_HALLOWEEN,,,,0,SUMMER,,late summer; halloween season; UK summer,,rules,2026-09-13T06:17:30+00:00
2023-08-21,Mon,0,WEEKDAY,0,34,8,Aug,21,233,3,2023,LATE_SUMMER,,,0,0,0,0,0,,,14,Labor Day,48,Independence Day,HALLOWEEN_SEASON,WDW_HALLOWEEN,,,,0,SUMMER,,late summer; halloween season; UK summer,,rules,2026-09-13T06:17:30+00:00
2023-08-22,Tue,1,WEEKDAY,0,34,8,Aug,22,234,3,2023,LATE_SUMMER,,,0,0,0,0,0,,,13,Labor Day,49,Independence Day,HALLOWEEN_SEASON,WDW_HALLOWEEN,,,,0,SUMMER,,late summer; halloween season; UK summer,,rules,2026-09-13T06:17:30+00:00
2023-08-23,Wed,2,WEEKDAY,0,34,8,Aug,23,235,3,2023,LATE_SUMMER,,,0,0,0,0,0,,,12,Labor Day,50,Independence Day,HALLOWEEN_SEASON,WDW_HALLOWEEN,,,,0,SUMMER,,late summer; halloween season; UK summer,,rules,2026-09-13T06:17:30+00:00
2023-08-24,Thu,3,WEEKDAY,0,34,8,Aug,24,236,3,2023,LATE_SUMMER,,,0,0,0,0,0,,,11,Labor Day,51,Independence Day,HALLOWEEN_SEASON,WDW_HALLOWEEN,,,,0,SUMMER,,late summer; halloween season; UK summer,,rules,2026-09-13T06:17:30+00:00
2023-08-25,Fri,4,FRI,0,34,8,Aug,25,237,3,2023,LATE_SUMMER,,,0,0,0,0,0,LABOR,-10,10,Labor Day,52,Independence Day,HALLOWEEN_SEASON,WDW_HALLOWEEN,,,,0,SUMMER,,late summer; halloween season; UK summer,,rules,2026-09-13T06:17:30+00:00
2023-08-26,Sat,5,SAT,1,34,8,Aug,26,238,3,2023,LATE_SUMMER,,,0,0,0,0,0,LABOR,-9,9,Labor Day,53,Independence Day,HALLOWEEN_SEASON,WDW_HALLOWEEN,,,,0,SUMMER,,late summer; halloween season; UK summer,,rules,2026-09-13T06:17:30+00:00
2023-08-27,Sun,6,SUN,1,34,8,Aug,27,239,3,2023,LATE_SUMMER,,,0,0,0,0,0,LABOR,-8,8,Labor Day,54,Independence Day,HALLOWEEN_SEASON,WDW_HALLOWEEN,FOOD_AND_WINE,,,0,SUMMER,,late summer; halloween season; EPCOT Food And Wine; UK summer,,rules,2026-09-13T06:17:30+00:00
2023-08-28,Mon,0,WEEKDAY,0,35,8,Aug,28,240,3,2023,LATE_SUMMER,,,0,0,0,0,0,LABOR,-7,7,Labor Day,55,Independence Day,HALLOWEEN_SEASON,WDW_HALLOWEEN,FOOD_AND_WINE,,,0,SUMMER,,late summer; halloween season; EPCOT Food And Wine; UK summer,,rules,2026-09-13T06:17:30+00:00
2023-08-29,Tue,1,WEEKDAY,0,35,8,Aug,29,241,3,2023,LATE_SUMMER,,,0,0,0,0,0,LABOR,-6,6,Labor Day,56,Independence Day,HALLOWEEN_SEASON,"UOR_HHN,WDW_HALLOWEEN",FOOD_AND_WINE,,,0,SUMMER,,late summer; halloween season; EPCOT Food And Wine; UK summer,,rules,2026-09-13T06:17:30+00:00
2023-08-30,Wed,2,WEEKDAY,0,35,8,Aug,30,242,3,2023,LATE_SUMMER,,,0,0,0,0,0,LABOR,-5,5,Labor Day,57,Independence Day,HALLOWEEN_SEASON,"UOR_HHN,WDW_HALLOWEEN",FOOD_AND_WINE,,,0,SUMMER,,late summer; halloween season; EPCOT Food And Wine; UK summer,,rules,2026-09-13T06:17:30+00:00
2023-08-31,Thu,3,WEEKDAY,0,35,8,Aug,31,243,3,2023,LATE_SUMMER,,,0,0,0,0,0,LABOR,-4,4,Labor Day,58,Independence Day,HALLOWEEN_SEASON,"UOR_HHN,WDW_HALLOWEEN",FOOD_AND_WINE,,,0,SUMMER,,late summer; halloween season; EPCOT Food And Wine; UK summer,,rules,2026-09-13T06:17:30+00:00
2023-09-01,Fri,4,FRI,0,35,9,Sep,1,244,3,2023,LABOR_WKND,,,0,0,0,1,0,LABOR,-3,3,Labor Day,59,Independence Day,HALLOWEEN_SEASON,"UOR_HHN,WDW_HALLOWEEN",FOOD_AND_WINE,,,0,SUMMER,,long weekend; labor wknd; halloween season; EPCOT Food And Wine; UK summer,,rules,2026-09-13T06:17:30+00:00
2023-09-02,Sat,5,SAT,1,35,9,Sep,2,245,3,2023,LABOR_WKND,,,0,0,0,1,0,LABOR,-2,2,Labor Day,60,Independence Day,HALLOWEEN_SEASON,"UOR_HHN,WDW_HALLOWEEN",FOOD_AND_WINE,,,0,,,long weekend; labor wknd; halloween season; EPCOT Food And Wine,,rules,2026-09-13T06:17:30+00:00
2023-09-03,Sun,6,SUN,1,35,9,Sep,3,246,3,2023,LABOR_WKND,,,0,1,0,1,0,LABOR,-1,1,Labor Day,61,Independence Day,HALLOWEEN_SEASON,"UOR_HHN,WDW_HALLOWEEN",FOOD_AND_WINE,,,0,,,long weekend; labor wknd; halloween season; EPCOT Food And Wine,,rules,2026-09-13T06:17:30+00:00
2023-09-04,Mon,0,WEEKDAY,0,36,9,Sep,4,247,3,2023,LABOR_WKND,Labor Day,federal,1,0,0,1,0,LABOR,0,35,Columbus Day,62,Independence Day,HALLOWEEN_SEASON,"UOR_HHN,WDW_HALLOWEEN",FOOD_AND_WINE,,,0,,,Labor Day; labor wknd; halloween season; EPCOT Food And Wine,,rules,2026-09-13T06:17:30+00:00
2023-09-05,Tue,1,WEEKDAY,0,36,9,Sep,5,248,3,2023,LABOR_WKND,,,0,0,1,0,0,LABOR,1,34,Columbus Day,1,Labor Day,HALLOWEEN_SEASON,"SEA_HOS,UOR_HHN,WDW_HALLOWEEN",FOOD_AND_WINE,,,0,,,labor wknd; halloween season; EPCOT Food And Wine,,rules,2026-09-13T06:17:30+00:00
2023-09-06,Wed,2,WEEKDAY,0,36,9,Sep,6,249,3,2023,FALL_OFFPEAK,,,0,0,0,0,0,LABOR,2,33,Columbus Day,2,Labor Day,HALLOWEEN_SEASON,"SEA_HOS,UOR_HHN,WDW_HALLOWEEN",FOOD_AND_WINE,,,0,,,fall offpeak; halloween season; EPCOT Food And Wine,,rules,2026-09-13T06:17:30+00:00
2023-09-07,Thu,3,WEEKDAY,0,36,9,Sep,7,250,3,2023,FALL_OFFPEAK,,,0,0,0,0,0,LABOR,3,32,Columbus Day,3,Labor Day,HALLOWEEN_SEASON,"SEA_HOS,UOR_HHN,WDW_HALLOWEEN",FOOD_AND_WINE,,,0,,,fall offpeak; halloween season; EPCOT Food And Wine,,rules,2026-09-13T06:17:30+00:00
2023-09-08,Fri,4,FRI,0,36,9,Sep,8,251,3,2023,FALL_OFFPEAK,,,0,0,0,0,0,LABOR,4,31,Columbus Day,4,Labor Day,HALLOWEEN_SEASON,"SEA_HOS,UOR_HHN,WDW_HALLOWEEN",FOOD_AND_WINE,,,0,,,fall offpeak; halloween season; EPCOT Food And Wine,,rules,2026-09-13T06:17:30+00:00
2023-09-09,Sat,5,SAT,1,36,9,Sep,9,252,3,2023,FALL_OFFPEAK,,,0,0,0,0,0,LABOR,5,30,Columbus Day,5,Labor Day,HALLOWEEN_SEASON,"SEA_HOS,UOR_HHN,WDW_HALLOWEEN",FOOD_AND_WINE,,,0,,,fall offpeak; halloween season; EPCOT Food And Wine,,rules,2026-09-13T06:17:30+00:00
2023-09-10,Sun,6,SUN,1,36,9,Sep,10,253,3,2023,FALL_OFFPEAK,,,0,0,0,0,0,LABOR,6,29,Columbus Day,6,Labor Day,HALLOWEEN_SEASON,"SEA_HOS,UOR_HHN,WDW_HALLOWEEN",FOOD_AND_WINE,,,0,,,fall offpeak; halloween season; EPCOT Food And Wine,,rules,2026-09-13T06:17:30+00:00
2023-09-11,Mon,0,WEEKDAY,0,37,9,Sep,11,254,3,2023,FALL_OFFPEAK,,,0,0,0,0,0,LABOR,7,28,Columbus Day,7,Labor Day,HALLOWEEN_SEASON,"SEA_HOS,UOR_HHN,WDW_HALLOWEEN",FOOD_AND_WINE,,,0,,,fall offpeak; halloween season; EPCOT Food And Wine,,rules,2026-09-13T06:17:30+00:00
2023-09-12,Tue,1,WEEKDAY,0,37,9,Sep,12,255,3,2023,FALL_OFFPEAK,,,0,0,0,0,0,LABOR,8,27,Columbus Day,8,Labor Day,HALLOWEEN_SEASON,"SEA_HOS,UOR_HHN,WDW_HALLOWEEN",FOOD_AND_WINE,,,0,,,fall offpeak; halloween season; EPCOT Food And Wine,,rules,2026-09-13T06:17:30+00:00
2023-09-13,Wed,2,WEEKDAY,0,37,9,Sep,13,256,3,2023,FALL_OFFPEAK,,,0,0,0,0,0,LABOR,9,26,Columbus Day,9,Labor Day,HALLOWEEN_SEASON,"SEA_HOS,UOR_HHN,WDW_HALLOWEEN",FOOD_AND_WINE,,,0,,,fall offpeak; halloween season; EPCOT Food And Wine,,rules,2026-09-13T06:17:30+00:00
2023-09-14,Thu,3,WEEKDAY,0,37,9,Sep,14,257,3,2023,FALL_OFFPEAK,,,0,0,0,0,0,LABOR,10,25,Columbus Day,10,Labor Day,HALLOWEEN_SEASON,"SEA_HOS,UOR_HHN,WDW_HALLOWEEN",FOOD_AND_WINE,,,0,,,fall offpeak; halloween season; EPCOT Food And Wine,,rules,2026-09-13T06:17:30+00:00
2023-09-15,Fri,4,FRI,0,37,9,Sep,15,258,3,2023,FALL_OFFPEAK,,,0,0,0,0,0,,,24,Columbus Day,11,Labor Day,HALLOWEEN_SEASON,"SEA_HOS,UOR_HHN,WDW_HALLOWEEN",FOOD_AND_WINE,,,0,,,fall offpeak; halloween season; EPCOT Food And Wine,,rules,2026-09-13T06:17:30+00:00
2023-09-16,Sat,5,SAT,1,37,9,Sep,16,259,3,2023,FALL_OFFPEAK,,,0,0,0,0,0,,,23,Columbus Day,12,Labor Day,HALLOWEEN_SEASON,"SEA_HOS,UOR_HHN,WDW_HALLOWEEN",FOOD_AND_WINE,,,0,,,fall offpeak; halloween season; EPCOT Food And Wine,,rules,2026-09-13T06:17:30+00:00
2023-09-17,Sun,6,SUN,1,37,9,Sep,17,260,3,2023,FALL_OFFPEAK,,,0,0,0,0,0,,,22,Columbus Day,13,Labor Day,HALLOWEEN_SEASON,"SEA_HOS,UOR_HHN,WDW_HALLOWEEN",FOOD_AND_WINE,,,0,,,fall offpeak; halloween season; EPCOT Food And Wine,,rules,2026-09-13T06:17:30+00:00
2023-09-18,Mon,0,WEEKDAY,0,38,9,Sep,18,261,3,2023,FALL_OFFPEAK,,,0,0,0,0,0,,,21,Columbus Day,14,Labor Day,HALLOWEEN_SEASON,"SEA_HOS,UOR_HHN,WDW_HALLOWEEN",FOOD_AND_WINE,,,0,,,fall offpeak; halloween season; EPCOT Food And Wine,,rules,2026-09-13T06:17:30+00:00
2023-09-19,Tue,1,WEEKDAY,0,38,9,Sep,19,262,3,2023,FALL_OFFPEAK,,,0,0,0,0,0,,,20,Columbus Day,15,Labor Day,HALLOWEEN_SEASON,"SEA_HOS,UOR_HHN,WDW_HALLOWEEN",FOOD_AND_WINE,,,0,,,fall offpeak; halloween season; EPCOT Food And Wine,,rules,2026-09-13T06:17:30+00:00
2023-09-20,Wed,2,WEEKDAY,0,38,9,Sep,20,263,3,2023,FALL_OFFPEAK,,,0,0,0,0,0,,,19,Columbus Day,16,Labor Day,HALLOWEEN_SEASON,"SEA_HOS,UOR_HHN,WDW_HALLOWEEN",FOOD_AND_WINE,,,0,,,fall offpeak; halloween season; EPCOT Food And Wine,,rules,2026-09-13T06:17:30+00:00
2023-09-21,Thu,3,WEEKDAY,0,38,9,Sep,21,264,3,2023,FALL_OFFPEAK,,,0,0,0,0,0,,,18,Columbus Day,17,Labor Day,HALLOWEEN_SEASON,"SEA_HOS,UOR_HHN,WDW_HALLOWEEN",FOOD_AND_WINE,,,0,,,fall offpeak; halloween season; EPCOT Food And Wine,,rules,2026-09-13T06:17:30+00:00
2023-09-22,Fri,4,FRI,0,38,9,Sep,22,265,3,2023,FALL_OFFPEAK,,,0,0,0,0,0,,,17,Columbus Day,18,Labor Day,HALLOWEEN_SEASON,"SEA_HOS,UOR_HHN,WDW_HALLOWEEN",FOOD_AND_WINE,,,0,,,fall offpeak; halloween season; EPCOT Food And Wine,,rules,2026-09-13T06:17:30+00:00
2023-09-23,Sat,5,SAT,1,38,9,Sep,23,266,3,2023,FALL_OFFPEAK,,,0,0,0,0,0,,,16,Columbus Day,19,Labor Day,HALLOWEEN_SEASON,"SEA_HOS,UOR_HHN,WDW_HALLOWEEN",FOOD_AND_WINE,,,0,,,fall offpeak; halloween season; EPCOT Food And Wine,,rules,2026-09-13T06:17:30+00:00
2023-09-24,Sun,6,SUN,1,38,9,Sep,24,267,3,2023,FALL_OFFPEAK,,,0,0,0,0,0,,,15,Columbus Day,20,Labor Day,HALLOWEEN_SEASON,"SEA_HOS,UOR_HHN,WDW_HALLOWEEN",FOOD_AND_WINE,,,0,,,fall offpeak; halloween season; EPCOT Food And Wine,,rules,2026-09-13T06:17:30+00:00
2023-09-25,Mon,0,WEEKDAY,0,39,9,Sep,25,268,3,2023,FALL_OFFPEAK,,,0,0,0,0,0,,,14,Columbus Day,21,Labor Day,HALLOWEEN_SEASON,"SEA_HOS,UOR_HHN,WDW_HALLOWEEN",FOOD_AND_WINE,,,0,,,fall offpeak; halloween season; EPCOT Food And Wine,,rules,2026-09-13T06:17:30+00:00
2023-09-26,Tue,1,WEEKDAY,0,39,9,Sep,26,269,3,2023,FALL_OFFPEAK,,,0,0,0,0,0,,,13,Columbus Day,22,Labor Day,HALLOWEEN_SEASON,"SEA_HOS,UOR_HHN,WDW_HALLOWEEN",FOOD_AND_WINE,,,0,,,fall offpeak; halloween season; EPCOT Food And Wine,,rules,2026-09-13T06:17:30+00:00
2023-09-27,Wed,2,WEEKDAY,0,39,9,Sep,27,270,3,2023,FALL_OFFPEAK,,,0,0,0,0,0,,,12,Columbus Day,23,Labor Day,HALLOWEEN_SEASON,"SEA_HOS,UOR_HHN,WDW_HALLOWEEN",FOOD_AND_WINE,,,0,,,fall offpeak; halloween season; EPCOT Food And Wine,,rules,2026-09-13T06:17:30+00:00
2023-09-28,Thu,3,WEEKDAY,0,39,9,Sep,28,271,3,2023,FALL_OFFPEAK,,,0,0,0,0,0,,,11,Columbus Day,24,Labor Day,HALLOWEEN_SEASON,"SEA_HOS,UOR_HHN,WDW_HALLOWEEN",FOOD_AND_WINE,,,0,,,fall offpeak; halloween season; EPCOT Food And Wine,,rules,2026-09-13T06:17:30+00:00
2023-09-29,Fri,4,FRI,0,39,9,Sep,29,272,3,2023,FALL_OFFPEAK,,,0,0,0,0,0,COLUMBUS,-10,10,Columbus Day,25,Labor Day,HALLOWEEN_SEASON,"SEA_HOS,UOR_HHN,WDW_HALLOWEEN",FOOD_AND_WINE,,,0,,,fall offpeak; halloween season; EPCOT Food And Wine,,rules,2026-09-13T06:17:30+00:00
2023-09-30,Sat,5,SAT,1,39,9,Sep,30,273,3,2023,FALL_OFFPEAK,,,0,0,0,0,0,COLUMBUS,-9,9,Columbus Day,26,Labor Day,HALLOWEEN_SEASON,"SEA_HOS,UOR_HHN,WDW_HALLOWEEN",FOOD_AND_WINE,,,0,,,fall offpeak; halloween season; EPCOT Food And Wine,,rules,2026-09-13T06:17:30+00:00
2023-10-01,Sun,6,SUN,1,39,10,Oct,1,274,4,2023,FALL_OFFPEAK,,,0,0,0,0,0,COLUMBUS,-8,8,Columbus Day,27,Labor Day,HALLOWEEN_SEASON,"SEA_HOS,UOR_HHN,WDW_HALLOWEEN",FOOD_AND_WINE,,,0,,,fall offpeak; halloween season; EPCOT Food And Wine,,rules,2026-09-13T06:17:30+00:00
2023-10-02,Mon,0,WEEKDAY,0,40,10,Oct,2,275,4,2023,FALL_OFFPEAK,,,0,0,0,0,0,COLUMBUS,-7,7,Columbus Day,28,Labor Day,HALLOWEEN_SEASON,"SEA_HOS,UOR_HHN,WDW_HALLOWEEN",FOOD_AND_WINE,,,0,,,fall offpeak; halloween season; EPCOT Food And Wine,,rules,2026-09-13T06:17:30+00:00
2023-10-03,Tue,1,WEEKDAY,0,40,10,Oct,3,276,4,2023,FALL_OFFPEAK,,,0,0,0,0,0,COLUMBUS,-6,6,Columbus Day,29,Labor Day,HALLOWEEN_SEASON,"SEA_HOS,UOR_HHN,WDW_HALLOWEEN",FOOD_AND_WINE,,,0,,,fall offpeak; halloween season; EPCOT Food And Wine,,rules,2026-09-13T06:17:30+00:00
2023-10-04,Wed,2,WEEKDAY,0,40,10,Oct,4,277,4,2023,FALL_OFFPEAK,,,0,0,0,0,0,COLUMBUS,-5,5,Columbus Day,30,Labor Day,HALLOWEEN_SEASON,"SEA_HOS,UOR_HHN,WDW_HALLOWEEN",FOOD_AND_WINE,,,0,,,fall offpeak; halloween season; EPCOT Food And Wine,,rules,2026-09-13T06:17:30+00:00
2023-10-05,Thu,3,WEEKDAY,0,40,10,Oct,5,278,4,2023,FALL_OFFPEAK,,,0,0,0,0,0,COLUMBUS,-4,4,Columbus Day,31,Labor Day,HALLOWEEN_SEASON,"SEA_HOS,UOR_HHN,WDW_HALLOWEEN",FOOD_AND_WINE,,,0,,,fall offpeak; halloween season; EPCOT Food And Wine,,rules,2026-09-13T06:17:30+00:00
2023-10-06,Fri,4,FRI,0,40,10,Oct,6,279,4,2023,FALL_OFFPEAK,,,0,0,0,1,0,COLUMBUS,-3,3,Columbus Day,32,Labor Day,HALLOWEEN_SEASON,"SEA_HOS,UOR_HHN,WDW_HALLOWEEN",FOOD_AND_WINE,,,0,,,long weekend; fall offpeak; halloween season; EPCOT Food And Wine,,rules,2026-09-13T06:17:30+00:00
2023-10-07,Sat,5,SAT,1,40,10,Oct,7,280,4,2023,FALL_OFFPEAK,,,0,0,0,1,0,COLUMBUS,-2,2,Columbus Day,33,Labor Day,HALLOWEEN_SEASON,"SEA_HOS,UOR_HHN,WDW_HALLOWEEN",FOOD_AND_WINE,,,0,,,long weekend; fall offpeak; halloween season; EPCOT Food And Wine,,rules,2026-09-13T06:17:30+00:00
2023-10-08,Sun,6,SUN,1,40,10,Oct,8,281,4,2023,FALL_OFFPEAK,,,0,1,0,1,0,COLUMBUS,-1,1,Columbus Day,34,Labor Day,HALLOWEEN_SEASON,"SEA_HOS,UOR_HHN,WDW_HALLOWEEN",FOOD_AND_WINE,,,0,,,long weekend; fall offpeak; halloween season; EPCOT Food And Wine,,rules,2026-09-13T06:17:30+00:00
2023-10-09,Mon,0,WEEKDAY,0,41,10,Oct,9,282,4,2023,FALL_OFFPEAK,Columbus Day,federal,1,0,0,1,0,COLUMBUS,0,33,Veterans Day,35,Labor Day,HALLOWEEN_SEASON,"SEA_HOS,UOR_HHN,WDW_HALLOWEEN",FOOD_AND_WINE,,,0,,,Columbus Day; fall offpeak; halloween season; EPCOT Food And Wine,,rules,2026-09-13T06:17:30+00:00
2023-10-10,Tue,1,WEEKDAY,0,41,10,Oct,10,283,4,2023,FALL_OFFPEAK,,,0,0,1,0,0,COLUMBUS,1,32,Veterans Day,1,Columbus Day,HALLOWEEN_SEASON,"SEA_HOS,UOR_HHN,WDW_HALLOWEEN",FOOD_AND_WINE,,,0,,,fall offpeak; halloween season; EPCOT Food And Wine,,rules,2026-09-13T06:17:30+00:00
2023-10-11,Wed,2,WEEKDAY,0,41,10,Oct,11,284,4,2023,FALL_OFFPEAK,,,0,0,0,0,0,COLUMBUS,2,31,Veterans Day,2,Columbus Day,HALLOWEEN_SEASON,"SEA_HOS,UOR_HHN,WDW_HALLOWEEN",FOOD_AND_WINE,,,0,,,fall offpeak; halloween season; EPCOT Food And Wine,,rules,2026-09-13T06:17:30+00:00
2023-10-12,Thu,3,WEEKDAY,0,41,10,Oct,12,285,4,2023,FALL_OFFPEAK,,,0,0,0,0,0,COLUMBUS,3,30,Veterans Day,3,Columbus Day,HALLOWEEN_SEASON,"SEA_HOS,UOR_HHN,WDW_HALLOWEEN",FOOD_AND_WINE,,,0,,,fall offpeak; halloween season; EPCOT Food And Wine,,rules,2026-09-13T06:17:30+00:00
2023-10-13,Fri,4,FRI,0,41,10,Oct,13,286,4,2023,FALL_OFFPEAK,,,0,0,0,0,0,COLUMBUS,4,29,Veterans Day,4,Columbus Day,HALLOWEEN_SEASON,"SEA_HOS,UOR_HHN,WDW_HALLOWEEN",FOOD_AND_WINE,,,0,,,fall offpeak; halloween season; EPCOT Food And Wine,,rules,2026-09-13T06:17:30+00:00
2023-10-14,Sat,5,SAT,1,41,10,Oct,14,287,4,2023,FALL_OFFPEAK,,,0,0,0,0,0,COLUMBUS,5,28,Veterans Day,5,Columbus Day,HALLOWEEN_SEASON,"SEA_HOS,UOR_HHN,WDW_HALLOWEEN",FOOD_AND_WINE,,,0,,,fall offpeak; halloween season; EPCOT Food And Wine,,rules,2026-09-13T06:17:30+00:00
2023-10-15,Sun,6,SUN,1,41,10,Oct,15,288,4,2023,FALL_OFFPEAK,,,0,0,0,0,0,COLUMBUS,6,27,Veterans Day,6,Columbus Day,HALLOWEEN_SEASON,"SEA_HOS,UOR_HHN,WDW_HALLOWEEN",FOOD_AND_WINE,,,0,,,fall offpeak; halloween season; EPCOT Food And Wine,,rules,2026-09-13T06:17:30+00:00
2023-10-16,Mon,0,WEEKDAY,0,42,10,Oct,16,289,4,2023,FALL_OFFPEAK,,,0,0,0,0,0,COLUMBUS,7,26,Veterans Day,7,Columbus Day,HALLOWEEN_SEASON,"SEA_HOS,UOR_HHN,WDW_HALLOWEEN",FOOD_AND_WINE,,,0,,,fall offpeak; halloween season; EPCOT Food And Wine,,rules,2026-09-13T06:17:30+00:00
2023-10-17,Tue,1,WEEKDAY,0,42,10,Oct,17,290,4,2023,FALL_OFFPEAK,,,0,0,0,0,0,COLUMBUS,8,25,Veterans Day,8,Columbus Day,HALLOWEEN_SEASON,"SEA_HOS,UOR_HHN,WDW_HALLOWEEN",FOOD_AND_WINE,,,0,,,fall offpeak; halloween season; EPCOT Food And Wine,,rules,2026-09-13T06:17:30+00:00
2023-10-18,Wed,2,WEEKDAY,0,42,10,Oct,18,291,4,2023,FALL_OFFPEAK,,,0,0,0,0,0,COLUMBUS,9,24,Veterans Day,9,Columbus Day,HALLOWEEN_SEASON,"SEA_HOS,UOR_HHN,WDW_HALLOWEEN",FOOD_AND_WINE,,,0,,,fall offpeak; halloween season; EPCOT Food And Wine,,rules,2026-09-13T06:17:30+00:00
2023-10-19,Thu,3,WEEKDAY,0,42,10,Oct,19,292,4,2023,FALL_OFFPEAK,,,0,0,0,0,0,COLUMBUS,10,23,Veterans Day,10,Columbus Day,HALLOWEEN_SEASON,"SEA_HOS,UOR_HHN,WDW_HALLOWEEN",FOOD_AND_WINE,,,0,,,fall offpeak; halloween season; EPCOT Food And Wine,,rules,2026-09-13T06:17:30+00:00
2023-10-20,Fri,4,FRI,0,42,10,Oct,20,293,4,2023,FALL_OFFPEAK,,,0,0,0,0,0,,,22,Veterans Day,11,Columbus Day,HALLOWEEN_SEASON,"SEA_HOS,UOR_HHN,WDW_HALLOWEEN",FOOD_AND_WINE,,,0,,,fall offpeak; halloween season; EPCOT Food And Wine,,rules,2026-09-13T06:17:30+00:00
2023-10-21,Sat,5,SAT,1,42,10,Oct,21,294,4,2023,FALL_OFFPEAK,,,0,0,0,0,0,HALLOWEEN,-10,21,Veterans Day,12,Columbus Day,HALLOWEEN_SEASON,"SEA_HOS,UOR_HHN,WDW_HALLOWEEN",FOOD_AND_WINE,,,0,,,fall offpeak; halloween season; EPCOT Food And Wine,,rules,2026-09-13T06:17:30+00:00
2023-10-22,Sun,6,SUN,1,42,10,Oct,22,295,4,2023,FALL_OFFPEAK,,,0,0,0,0,0,HALLOWEEN,-9,20,Veterans Day,13,Columbus Day,HALLOWEEN_SEASON,"SEA_HOS,UOR_HHN,WDW_HALLOWEEN",FOOD_AND_WINE,,,0,,,fall offpeak; halloween season; EPCOT Food And Wine,,rules,2026-09-13T06:17:30+00:00
2023-10-23,Mon,0,WEEKDAY,0,43,10,Oct,23,296,4,2023,FALL_OFFPEAK,,,0,0,0,0,0,HALLOWEEN,-8,19,Veterans Day,14,Columbus Day,HALLOWEEN_SEASON,"SEA_HOS,UOR_HHN,WDW_HALLOWEEN",FOOD_AND_WINE,,,0,,,fall offpeak; halloween season; EPCOT Food And Wine,,rules,2026-09-13T06:17:30+00:00
2023-10-24,Tue,1,WEEKDAY,0,43,10,Oct,24,297,4,2023,FALL_OFFPEAK,,,0,0,0,0,0,HALLOWEEN,-7,18,Veterans Day,15,Columbus Day,HALLOWEEN_SEASON,"SEA_HOS,UOR_HHN,WDW_HALLOWEEN",FOOD_AND_WINE,,,0,OCT_HALF_TERM,,fall offpeak; halloween season; EPCOT Food And Wine; UK oct half term,,rules,2026-09-13T06:17:30+00:00
2023-10-25,Wed,2,WEEKDAY,0,43,10,Oct,25,298,4,2023,FALL_OFFPEAK,,,0,0,0,0,0,HALLOWEEN,-6,17,Veterans Day,16,Columbus Day,HALLOWEEN_SEASON,"SEA_HOS,UOR_HHN,WDW_HALLOWEEN",FOOD_AND_WINE,,,0,OCT_HALF_TERM,,fall offpeak; halloween season; EPCOT Food And Wine; UK oct half term,,rules,2026-09-13T06:17:30+00:00
2023-10-26,Thu,3,WEEKDAY,0,43,10,Oct,26,299,4,2023,FALL_OFFPEAK,,,0,0,0,0,0,HALLOWEEN,-5,16,Veterans Day,17,Columbus Day,HALLOWEEN_SEASON,"SEA_HOS,UOR_HHN,WDW_HALLOWEEN",FOOD_AND_WINE,,,0,OCT_HALF_TERM,,fall offpeak; halloween season; EPCOT Food And Wine; UK oct half term,,rules,2026-09-13T06:17:30+00:00
2023-10-27,Fri,4,FRI,0,43,10,Oct,27,300,4,2023,FALL_OFFPEAK,,,0,0,0,0,0,HALLOWEEN,-4,15,Veterans Day,18,Columbus Day,HALLOWEEN_SEASON,"SEA_HOS,UOR_HHN,WDW_HALLOWEEN",FOOD_AND_WINE,,,0,OCT_HALF_TERM,,fall offpeak; halloween season; EPCOT Food And Wine; UK oct half term,,rules,2026-09-13T06:17:30+00:00
2023-10-28,Sat,5,SAT,1,43,10,Oct,28,301,4,2023,FALL_OFFPEAK,,,0,0,0,0,0,HALLOWEEN,-3,14,Veterans Day,19,Columbus Day,HALLOWEEN_SEASON,"SEA_HOS,UOR_HHN,WDW_HALLOWEEN",FOOD_AND_WINE,,,0,OCT_HALF_TERM,,fall offpeak; halloween season; EPCOT Food And Wine; UK oct half term,,rules,2026-09-13T06:17:30+00:00
2023-10-29,Sun,6,SUN,1,43,10,Oct,29,302,4,2023,FALL_OFFPEAK,,,0,0,0,0,0,HALLOWEEN,-2,13,Veterans Day,20,Columbus Day,HALLOWEEN_SEASON,"SEA_HOS,UOR_HHN,WDW_HALLOWEEN",FOOD_AND_WINE,,,0,OCT_HALF_TERM,,fall offpeak; halloween season; EPCOT Food And Wine; UK oct half term,,rules,2026-09-13T06:17:30+00:00
2023-10-30,Mon,0,WEEKDAY,0,44,10,Oct,30,303,4,2023,FALL_OFFPEAK,,,0,0,0,0,0,HALLOWEEN,-1,12,Veterans Day,21,Columbus Day,HALLOWEEN_SEASON,"SEA_HOS,UOR_HHN,WDW_HALLOWEEN",FOOD_AND_WINE,,,0,OCT_HALF_TERM,,fall offpeak; halloween season; EPCOT Food And Wine; UK oct half term,,rules,2026-09-13T06:17:30+00:00
2023-10-31,Tue,1,WEEKDAY,0,44,10,Oct,31,304,4,2023,FALL_OFFPEAK,,,0,0,0,0,0,HALLOWEEN,0,11,Veterans Day,22,Columbus Day,HALLOWEEN_SEASON,"SEA_HOS,UOR_HHN,WDW_HALLOWEEN",FOOD_AND_WINE,,,0,OCT_HALF_TERM,,fall offpeak; halloween season; EPCOT Food And Wine; UK oct half term,,rules,2026-09-13T06:17:30+00:00
2023-11-01,Wed,2,WEEKDAY,0,44,11,Nov,1,305,4,2023,FALL_OFFPEAK,,,0,0,0,0,0,HALLOWEEN,1,10,Veterans Day,23,Columbus Day,,"SEA_HOS,UOR_HHN",FOOD_AND_WINE,,,0,,,fall offpeak; EPCOT Food And Wine,,rules,2026-09-13T06:17:30+00:00
2023-11-02,Thu,3,WEEKDAY,0,44,11,Nov,2,306,4,2023,FALL_OFFPEAK,,,0,0,0,0,0,HALLOWEEN,2,9,Veterans Day,24,Columbus Day,,"SEA_HOS,UOR_HHN",FOOD_AND_WINE,,,0,,,fall offpeak; EPCOT Food And Wine,,rules,2026-09-13T06:17:30+00:00
2023-11-03,Fri,4,FRI,0,44,11,Nov,3,307,4,2023,FALL_OFFPEAK,,,0,0,0,0,0,HALLOWEEN,3,8,Veterans Day,25,Columbus Day,,,FOOD_AND_WINE,,,0,,,fall offpeak; EPCOT Food And Wine,,rules,2026-09-13T06:17:30+00:00
2023-11-04,Sat,5,SAT,1,44,11,Nov,4,308,4,2023,FALL_OFFPEAK,,,0,0,0,0,0,HALLOWEEN,4,7,Veterans Day,26,Columbus Day,,,FOOD_AND_WINE,,,0,,,fall offpeak; EPCOT Food And Wine,,rules,2026-09-13T06:17:30+00:00
2023-11-05,Sun,6,SUN,1,44,11,Nov,5,309,4,2023,JERSEY_WEEK,,,0,0,0,0,0,HALLOWEEN,5,6,Veterans Day,27,Columbus Day,,,FOOD_AND_WINE,,,0,,,jersey week; EPCOT Food And Wine,,rules,2026-09-13T06:17:30+00:00
2023-11-06,Mon,0,WEEKDAY,0,45,11,Nov,6,310,4,2023,JERSEY_WEEK,,,0,0,0,0,0,HALLOWEEN,6,5,Veterans Day,28,Columbus Day,,,FOOD_AND_WINE,,,0,,,jersey week; EPCOT Food And Wine,,rules,2026-09-13T06:17:30+00:00
2023-11-07,Tue,1,WEEKDAY,0,45,11,Nov,7,311,4,2023,JERSEY_WEEK,,,0,0,0,0,0,HALLOWEEN,7,4,Veterans Day,29,Columbus Day,,,FOOD_AND_WINE,,,0,,,jersey week; EPCOT Food And Wine,,rules,2026-09-13T06:17:30+00:00
2023-11-08,Wed,2,WEEKDAY,0,45,11,Nov,8,312,4,2023,JERSEY_WEEK,,,0,0,0,0,0,HALLOWEEN,8,3,Veterans Day,30,Columbus Day,HOLIDAY_SEASON,WDW_HOLIDAY,FOOD_AND_WINE,,,0,,,jersey week; holiday season; EPCOT Food And Wine,,rules,2026-09-13T06:17:30+00:00
2023-11-09,Thu,3,WEEKDAY,0,45,11,Nov,9,313,4,2023,JERSEY_WEEK,,,0,1,0,0,0,HALLOWEEN,9,2,Veterans Day,31,Columbus Day,HOLIDAY_SEASON,WDW_HOLIDAY,FOOD_AND_WINE,,,0,,,jersey week; holiday season; EPCOT Food And Wine,,rules,2026-09-13T06:17:30+00:00
2023-11-10,Fri,4,FRI,0,45,11,Nov,10,314,4,2023,JERSEY_WEEK,Veterans Day (observed),observed,1,1,0,0,0,HALLOWEEN,10,1,Veterans Day,32,Columbus Day,HOLIDAY_SEASON,WDW_HOLIDAY,FOOD_AND_WINE,,,0,,,Veterans Day (observed); jersey week; holiday season; EPCOT Food And Wine,,rules,2026-09-13T06:17:30+00:00
2023-11-11,Sat,5,SAT,1,45,11,Nov,11,315,4,2023,JERSEY_WEEK,Veterans Day,federal,1,0,1,0,0,,,12,Thanksgiving Day,33,Columbus Day,HOLIDAY_SEASON,WDW_HOLIDAY,FOOD_AND_WINE,,,0,,,Veterans Day; jersey week; holiday season; EPCOT Food And Wine,,rules,2026-09-13T06:17:30+00:00
2023-11-12,Sun,6,SUN,1,45,11,Nov,12,316,4,2023,JERSEY_WEEK,,,0,0,1,0,0,,,11,Thanksgiving Day,1,Veterans Day,HOLIDAY_SEASON,WDW_HOLIDAY,FOOD_AND_WINE,,,0,,,jersey week; holiday season; EPCOT Food And Wine,,rules,2026-09-13T06:17:30+00:00
2023-11-13,Mon,0,WEEKDAY,0,46,11,Nov,13,317,4,2023,JERSEY_WEEK,,,0,0,0,0,0,THANKSGIVING,-10,10,Thanksgiving Day,2,Veterans Day,HOLIDAY_SEASON,WDW_HOLIDAY,FOOD_AND_WINE,,,0,,,jersey week; holiday season; EPCOT Food And Wine,,rules,2026-09-13T06:17:30+00:00
2023-11-14,Tue,1,WEEKDAY,0,46,11,Nov,14,318,4,2023,JERSEY_WEEK,,,0,0,0,0,0,THANKSGIVING,-9,9,Thanksgiving Day,3,Veterans Day,HOLIDAY_SEASON,"SEA_CHRISTMAS,WDW_HOLIDAY",FOOD_AND_WINE,,,0,,,jersey week; holiday season; EPCOT Food And Wine,,rules,2026-09-13T06:17:30+00:00
2023-11-15,Wed,2,WEEKDAY,0,46,11,Nov,15,319,4,2023,REGULAR,,,0,0,0,0,0,THANKSGIVING,-8,8,Thanksgiving Day,4,Veterans Day,HOLIDAY_SEASON,"SEA_CHRISTMAS,UOR_HOLIDAY,WDW_HOLIDAY",FOOD_AND_WINE,,,0,,,holiday season; EPCOT Food And Wine,,rules,2026-09-13T06:17:30+00:00
2023-11-16,Thu,3,WEEKDAY,0,46,11,Nov,16,320,4,2023,REGULAR,,,0,0,0,0,0,THANKSGIVING,-7,7,Thanksgiving Day,5,Veterans Day,HOLIDAY_SEASON,"SEA_CHRISTMAS,UOR_HOLIDAY,WDW_HOLIDAY",FOOD_AND_WINE,,,0,,,holiday season; EPCOT Food And Wine,,rules,2026-09-13T06:17:30+00:00
2023-11-17,Fri,4,FRI,0,46,11,Nov,17,321,4,2023,REGULAR,,,0,0,0,0,0,THANKSGIVING,-6,6,Thanksgiving Day,6,Veterans Day,HOLIDAY_SEASON,"SEA_CHRISTMAS,UOR_HOLIDAY,WDW_HOLIDAY",FOOD_AND_WINE,,,0,,,holiday season; EPCOT Food And Wine,,rules,2026-09-13T06:17:30+00:00
2023-11-18,Sat,5,SAT,1,46,11,Nov,18,322,4,2023,REGULAR,,,0,0,0,0,0,THANKSGIVING,-5,5,Thanksgiving Day,7,Veterans Day,HOLIDAY_SEASON,"SEA_CHRISTMAS,UOR_HOLIDAY,WDW_HOLIDAY",FOOD_AND_WINE,,,0,,,holiday season; EPCOT Food And Wine,,rules,2026-09-13T06:17:30+00:00
2023-11-19,Sun,6,SUN,1,46,11,Nov,19,323,4,2023,REGULAR,,,0,0,0,0,0,THANKSGIVING,-4,4,Thanksgiving Day,8,Veterans Day,HOLIDAY_SEASON,"SEA_CHRISTMAS,UOR_HOLIDAY,WDW_HOLIDAY",FOOD_AND_WINE,,,0,,,holiday season; EPCOT Food And Wine,,rules,2026-09-13T06:17:30+00:00
2023-11-20,Mon,0,WEEKDAY,0,47,11,Nov,20,324,4,2023,REGULAR,,,0,0,0,0,0,THANKSGIVING,-3,3,Thanksgiving Day,9,Veterans Day,HOLIDAY_SEASON,"SEA_CHRISTMAS,UOR_HOLIDAY,WDW_HOLIDAY",FOOD_AND_WINE,,,0,,,holiday season; EPCOT Food And Wine,,rules,2026-09-13T06:17:30+00:00
2023-11-21,Tue,1,WEEKDAY,0,47,11,Nov,21,325,4,2023,THANKSGIVING_WK,,,0,0,0,0,0,THANKSGIVING,-2,2,Thanksgiving Day,10,Veterans Day,HOLIDAY_SEASON,"SEA_CHRISTMAS,UOR_HOLIDAY,WDW_HOLIDAY",FOOD_AND_WINE,,,0,,,thanksgiving wk; holiday season; EPCOT Food And Wine,,rules,2026-09-13T06:17:30+00:00
2023-11-22,Wed,2,WEEKDAY,0,47,11,Nov,22,326,4,2023,THANKSGIVING_WK,,,0,1,0,0,0,THANKSGIVING,-1,1,Thanksgiving Day,11,Veterans Day,HOLIDAY_SEASON,"SEA_CHRISTMAS,UOR_HOLIDAY,WDW_HOLIDAY",FOOD_AND_WINE,THANKSGIVING,"NE,SOUTH,MIDWEST,WEST,FL",0,,,thanksgiving wk; holiday season; EPCOT Food And Wine; US school thanksgiving,,rules,2026-09-13T06:17:30+00:00
2023-11-23,Thu,3,WEEKDAY,0,47,11,Nov,23,327,4,2023,THANKSGIVING_WK,Thanksgiving Day,federal,1,0,0,1,0,THANKSGIVING,0,32,Christmas Day,12,Veterans Day,HOLIDAY_SEASON,"SEA_CHRISTMAS,UOR_HOLIDAY,WDW_HOLIDAY",,THANKSGIVING,"NE,SOUTH,MIDWEST,WEST,FL",0,,,Thanksgiving Day; thanksgiving wk; holiday season; US school thanksgiving,,rules,2026-09-13T06:17:30+00:00
2023-11-24,Fri,4,FRI,0,47,11,Nov,24,328,4,2023,THANKSGIVING_WK,,,0,0,1,1,1,THANKSGIVING,1,31,Christmas Day,1,Thanksgiving Day,HOLIDAY_SEASON,"SEA_CHRISTMAS,UOR_HOLIDAY,WDW_HOLIDAY",,THANKSGIVING,"NE,SOUTH,MIDWEST,WEST,FL",0,,,long weekend; thanksgiving wk; holiday season; US school thanksgiving,,rules,2026-09-13T06:17:30+00:00
2023-11-25,Sat,5,SAT,1,47,11,Nov,25,329,4,2023,THANKSGIVING_WK,,,0,0,0,1,0,THANKSGIVING,2,30,Christmas Day,2,Thanksgiving Day,HOLIDAY_SEASON,"SEA_CHRISTMAS,UOR_HOLIDAY,WDW_HOLIDAY",,THANKSGIVING,"NE,SOUTH,MIDWEST,WEST,FL",0,,,long weekend; thanksgiving wk; holiday season; US school thanksgiving,,rules,2026-09-13T06:17:30+00:00
2023-11-26,Sun,6,SUN,1,47,11,Nov,26,330,4,2023,THANKSGIVING_WK,,,0,0,0,1,0,THANKSGIVING,3,29,Christmas Day,3,Thanksgiving Day,HOLIDAY_SEASON,"SEA_CHRISTMAS,UOR_HOLIDAY,WDW_HOLIDAY",,,,0,,,long weekend; thanksgiving wk; holiday season,,rules,2026-09-13T06:17:30+00:00
2023-11-27,Mon,0,WEEKDAY,0,48,11,Nov,27,331,4,2023,THANKSGIVING_WK,,,0,0,0,0,0,THANKSGIVING,4,28,Christmas Day,4,Thanksgiving Day,HOLIDAY_SEASON,"SEA_CHRISTMAS,UOR_HOLIDAY,WDW_HOLIDAY",,,,0,,,thanksgiving wk; holiday season,,rules,2026-09-13T06:17:30+00:00
2023-11-28,Tue,1,WEEKDAY,0,48,11,Nov,28,332,4,2023,REGULAR,,,0,0,0,0,0,THANKSGIVING,5,27,Christmas Day,5,Thanksgiving Day,HOLIDAY_SEASON,"SEA_CHRISTMAS,UOR_HOLIDAY,WDW_HOLIDAY",HOLIDAYS,,,0,,,holiday season; EPCOT Holidays,,rules,2026-09-13T06:17:30+00:00
2023-11-29,Wed,2,WEEKDAY,0,48,11,Nov,29,333,4,2023,REGULAR,,,0,0,0,0,0,THANKSGIVING,6,26,Christmas Day,6,Thanksgiving Day,HOLIDAY_SEASON,"SEA_CHRISTMAS,UOR_HOLIDAY,WDW_HOLIDAY",HOLIDAYS,,,0,,,holiday season; EPCOT Holidays,,rules,2026-09-13T06:17:30+00:00
2023-11-30,Thu,3,WEEKDAY,0,48,11,Nov,30,334,4,2023,REGULAR,,,0,0,0,0,0,THANKSGIVING,7,25,Christmas Day,7,Thanksgiving Day,HOLIDAY_SEASON,"SEA_CHRISTMAS,UOR_HOLIDAY,WDW_HOLIDAY",HOLIDAYS,,,0,,,holiday season; EPCOT Holidays,,rules,2026-09-13T06:17:30+00:00
2023-12-01,Fri,4,FRI,0,48,12,Dec,1,335,4,2023,EARLY_DEC,,,0,0,0,0,0,THANKSGIVING,8,24,Christmas Day,8,Thanksgiving Day,HOLIDAY_SEASON,"SEA_CHRISTMAS,UOR_HOLIDAY,WDW_HOLIDAY",HOLIDAYS,,,0,,,early dec; holiday season; EPCOT Holidays,,rules,2026-09-13T06:17:30+00:00
2023-12-02,Sat,5,SAT,1,48,12,Dec,2,336,4,2023,EARLY_DEC,,,0,0,0,0,0,THANKSGIVING,9,23,Christmas Day,9,Thanksgiving Day,HOLIDAY_SEASON,"SEA_CHRISTMAS,UOR_HOLIDAY,WDW_HOLIDAY",HOLIDAYS,,,0,,,early dec; holiday season; EPCOT Holidays,,rules,2026-09-13T06:17:30+00:00
2023-12-03,Sun,6,SUN,1,48,12,Dec,3,337,4,2023,EARLY_DEC,,,0,0,0,0,0,THANKSGIVING,10,22,Christmas Day,10,Thanksgiving Day,HOLIDAY_SEASON,"SEA_CHRISTMAS,UOR_HOLIDAY,WDW_HOLIDAY",HOLIDAYS,,,0,,,early dec; holiday season; EPCOT Holidays,,rules,2026-09-13T06:17:30+00:00
2023-12-04,Mon,0,WEEKDAY,0,49,12,Dec,4,338,4,2023,EARLY_DEC,,,0,0,0,0,0,,,21,Christmas Day,11,Thanksgiving Day,HOLIDAY_SEASON,"SEA_CHRISTMAS,UOR_HOLIDAY,WDW_HOLIDAY",HOLIDAYS,,,0,,,early dec; holiday season; EPCOT Holidays,,rules,2026-09-13T06:17:30+00:00
2023-12-05,Tue,1,WEEKDAY,0,49,12,Dec,5,339,4,2023,EARLY_DEC,,,0,0,0,0,0,,,20,Christmas Day,12,Thanksgiving Day,HOLIDAY_SEASON,"SEA_CHRISTMAS,UOR_HOLIDAY,WDW_HOLIDAY",HOLIDAYS,,,0,,,early dec; holiday season; EPCOT Holidays,,rules,2026-09-13T06:17:30+00:00
2023-12-06,Wed,2,WEEKDAY,0,49,12,Dec,6,340,4,2023,EARLY_DEC,,,0,0,0,0,0,,,19,Christmas Day,13,Thanksgiving Day,HOLIDAY_SEASON,"SEA_CHRISTMAS,UOR_HOLIDAY,WDW_HOLIDAY",HOLIDAYS,,,0,,,early dec; holiday season; EPCOT Holidays,,rules,2026-09-13T06:17:30+00:00
2023-12-07,Thu,3,WEEKDAY,0,49,12,Dec,7,341,4,2023,EARLY_DEC,,,0,0,0,0,0,,,18,Christmas Day,14,Thanksgiving Day,HOLIDAY_SEASON,"SEA_CHRISTMAS,UOR_HOLIDAY,WDW_HOLIDAY",HOLIDAYS,,,0,,,early dec; holiday season; EPCOT Holidays,,rules,2026-09-13T06:17:30+00:00
2023-12-08,Fri,4,FRI,0,49,12,Dec,8,342,4,2023,EARLY_DEC,,,0,0,0,0,0,,,17,Christmas Day,15,Thanksgiving Day,HOLIDAY_SEASON,"SEA_CHRISTMAS,UOR_HOLIDAY,WDW_HOLIDAY",HOLIDAYS,,,0,,,early dec; holiday season; EPCOT Holidays,,rules,2026-09-13T06:17:30+00:00
2023-12-09,Sat,5,SAT,1,49,12,Dec,9,343,4,2023,EARLY_DEC,,,0,0,0,0,0,,,16,Christmas Day,16,Thanksgiving Day,HOLIDAY_SEASON,"SEA_CHRISTMAS,UOR_HOLIDAY,WDW_HOLIDAY",HOLIDAYS,,,0,,,early dec; holiday season; EPCOT Holidays,,rules,2026-09-13T06:17:30+00:00
2023-12-10,Sun,6,SUN,1,49,12,Dec,10,344,4,2023,EARLY_DEC,,,0,0,0,0,0,,,15,Christmas Day,17,Thanksgiving Day,HOLIDAY_SEASON,"SEA_CHRISTMAS,UOR_HOLIDAY,WDW_HOLIDAY",HOLIDAYS,,,0,,,early dec; holiday season; EPCOT Holidays,,rules,2026-09-13T06:17:30+00:00
2023-12-11,Mon,0,WEEKDAY,0,50,12,Dec,11,345,4,2023,EARLY_DEC,,,0,0,0,0,0,,,14,Christmas Day,18,Thanksgiving Day,HOLIDAY_SEASON,"SEA_CHRISTMAS,UOR_HOLIDAY,WDW_HOLIDAY",HOLIDAYS,,,0,,,early dec; holiday season; EPCOT Holidays,,rules,2026-09-13T06:17:30+00:00
2023-12-12,Tue,1,WEEKDAY,0,50,12,Dec,12,346,4,2023,EARLY_DEC,,,0,0,0,0,0,,,13,Christmas Day,19,Thanksgiving Day,HOLIDAY_SEASON,"SEA_CHRISTMAS,UOR_HOLIDAY,WDW_HOLIDAY",HOLIDAYS,,,0,,,early dec; holiday season; EPCOT Holidays,,rules,2026-09-13T06:17:30+00:00
2023-12-13,Wed,2,WEEKDAY,0,50,12,Dec,13,347,4,2023,EARLY_DEC,,,0,0,0,0,0,,,12,Christmas Day,20,Thanksgiving Day,HOLIDAY_SEASON,"SEA_CHRISTMAS,UOR_HOLIDAY,WDW_HOLIDAY",HOLIDAYS,,,0,,SUMMER,early dec; holiday season; EPCOT Holidays; Brazil summer,,rules,2026-09-13T06:17:30+00:00
2023-12-14,Thu,3,WEEKDAY,0,50,12,Dec,14,348,4,2023,EARLY_DEC,,,0,0,0,0,0,,,11,Christmas Day,21,Thanksgiving Day,HOLIDAY_SEASON,"SEA_CHRISTMAS,UOR_HOLIDAY,WDW_HOLIDAY",HOLIDAYS,,,0,,SUMMER,early dec; holiday season; EPCOT Holidays; Brazil summer,,rules,2026-09-13T06:17:30+00:00
2023-12-15,Fri,4,FRI,0,50,12,Dec,15,349,4,2023,EARLY_DEC,,,0,0,0,0,0,CHRISTMAS,-10,10,Christmas Day,22,Thanksgiving Day,HOLIDAY_SEASON,"SEA_CHRISTMAS,UOR_HOLIDAY,WDW_HOLIDAY",HOLIDAYS,,,0,,SUMMER,early dec; holiday season; EPCOT Holidays; Brazil summer,,rules,2026-09-13T06:17:30+00:00
2023-12-16,Sat,5,SAT,1,50,12,Dec,16,350,4,2023,EARLY_DEC,,,0,0,0,0,0,CHRISTMAS,-9,9,Christmas Day,23,Thanksgiving Day,HOLIDAY_SEASON,"SEA_CHRISTMAS,UOR_HOLIDAY,WDW_HOLIDAY",HOLIDAYS,,,0,,SUMMER,early dec; holiday season; EPCOT Holidays; Brazil summer,,rules,2026-09-13T06:17:30+00:00
2023-12-17,Sun,6,SUN,1,50,12,Dec,17,351,4,2023,EARLY_DEC,,,0,0,0,0,0,CHRISTMAS,-8,8,Christmas Day,24,Thanksgiving Day,HOLIDAY_SEASON,"SEA_CHRISTMAS,UOR_HOLIDAY,WDW_HOLIDAY",HOLIDAYS,,,0,,SUMMER,early dec; holiday season; EPCOT Holidays; Brazil summer,,rules,2026-09-13T06:17:30+00:00
2023-12-18,Mon,0,WEEKDAY,0,51,12,Dec,18,352,4,2023,EARLY_DEC,,,0,0,0,0,0,CHRISTMAS,-7,7,Christmas Day,25,Thanksgiving Day,HOLIDAY_SEASON,"SEA_CHRISTMAS,UOR_HOLIDAY,WDW_HOLIDAY",HOLIDAYS,,,0,,SUMMER,early dec; holiday season; EPCOT Holidays; Brazil summer,,rules,2026-09-13T06:17:30+00:00
2023-12-19,Tue,1,WEEKDAY,0,51,12,Dec,19,353,4,2023,EARLY_DEC,,,0,0,0,0,0,CHRISTMAS,-6,6,Christmas Day,26,Thanksgiving Day,HOLIDAY_SEASON,"SEA_CHRISTMAS,UOR_HOLIDAY,WDW_HOLIDAY",HOLIDAYS,,,0,,SUMMER,early dec; holiday season; EPCOT Holidays; Brazil summer,,rules,2026-09-13T06:17:30+00:00
2023-12-20,Wed,2,WEEKDAY,0,51,12,Dec,20,354,4,2023,EARLY_DEC,,,0,0,0,0,0,CHRISTMAS,-5,5,Christmas Day,27,Thanksgiving Day,HOLIDAY_SEASON,"SEA_CHRISTMAS,UOR_HOLIDAY,WDW_HOLIDAY",HOLIDAYS,WINTER,"NE,SOUTH,MIDWEST,WEST,FL",0,CHRISTMAS,SUMMER,early dec; holiday season; EPCOT Holidays; US school winter; UK christmas; Brazil summer,,rules,2026-09-13T06:17:30+00:00
2023-12-21,Thu,3,WEEKDAY,0,51,12,Dec,21,355,4,2023,CHRISTMAS_PEAK,,,0,0,0,0,0,CHRISTMAS,-4,4,Christmas Day,28,Thanksgiving Day,HOLIDAY_SEASON,"SEA_CHRISTMAS,UOR_HOLIDAY,WDW_HOLIDAY",HOLIDAYS,WINTER,"NE,SOUTH,MIDWEST,WEST,FL",0,CHRISTMAS,SUMMER,christmas peak; holiday season; EPCOT Holidays; US school winter; UK christmas; Brazil summer,,rules,2026-09-13T06:17:30+00:00
2023-12-22,Fri,4,FRI,0,51,12,Dec,22,356,4,2023,CHRISTMAS_PEAK,,,0,0,0,1,0,CHRISTMAS,-3,3,Christmas Day,29,Thanksgiving Day,HOLIDAY_SEASON,"SEA_CHRISTMAS,UOR_HOLIDAY,WDW_HOLIDAY",HOLIDAYS,WINTER,"NE,SOUTH,MIDWEST,WEST,FL",0,CHRISTMAS,SUMMER,long weekend; christmas peak; holiday season; EPCOT Holidays; US school winter; UK christmas; Brazil summer,,rules,2026-09-13T06:17:30+00:00
2023-12-23,Sat,5,SAT,1,51,12,Dec,23,357,4,2023,CHRISTMAS_PEAK,,,0,0,0,1,0,CHRISTMAS,-2,2,Christmas Day,30,Thanksgiving Day,HOLIDAY_SEASON,"SEA_CHRISTMAS,UOR_HOLIDAY,WDW_HOLIDAY",HOLIDAYS,WINTER,"NE,SOUTH,MIDWEST,WEST,FL",0,CHRISTMAS,SUMMER,long weekend; christmas peak; holiday season; EPCOT Holidays; US school winter; UK christmas; Brazil summer,,rules,2026-09-13T06:17:30+00:00
2023-12-24,Sun,6,SUN,1,51,12,Dec,24,358,4,2023,CHRISTMAS_PEAK,,,0,1,0,1,0,CHRISTMAS,-1,1,Christmas Day,31,Thanksgiving Day,HOLIDAY_SEASON,"SEA_CHRISTMAS,UOR_HOLIDAY,WDW_HOLIDAY",HOLIDAYS,WINTER,"NE,SOUTH,MIDWEST,WEST,FL",0,CHRISTMAS,SUMMER,long weekend; christmas peak; holiday season; EPCOT Holidays; US school winter; UK christmas; Brazil summer,,rules,2026-09-13T06:17:30+00:00
2023-12-25,Mon,0,WEEKDAY,0,52,12,Dec,25,359,4,2023,CHRISTMAS_PEAK,Christmas Day,federal,1,0,0,1,0,CHRISTMAS,0,7,New Year's Day,32,Thanksgiving Day,HOLIDAY_SEASON,"SEA_CHRISTMAS,UOR_HOLIDAY,WDW_HOLIDAY",HOLIDAYS,WINTER,"NE,SOUTH,MIDWEST,WEST,FL",0,CHRISTMAS,SUMMER,Christmas Day; christmas peak; holiday season; EPCOT Holidays; US school winter; UK christmas; Brazil summer,,rules,2026-09-13T06:17:30+00:00
2023-12-26,Tue,1,WEEKDAY,0,52,12,Dec,26,360,4,2023,CHRISTMAS_PEAK,,,0,0,1,0,0,CHRISTMAS,1,6,New Year's Day,1,Christmas Day,HOLIDAY_SEASON,"SEA_CHRISTMAS,UOR_HOLIDAY,WDW_HOLIDAY",HOLIDAYS,WINTER,"NE,SOUTH,MIDWEST,WEST,FL",0,CHRISTMAS,SUMMER,christmas peak; holiday season; EPCOT Holidays; US school winter; UK christmas; Brazil summer,,rules,2026-09-13T06:17:30+00:00
2023-12-27,Wed,2,WEEKDAY,0,52,12,Dec,27,361,4,2023,CHRISTMAS_PEAK,,,0,0,0,0,0,CHRISTMAS,2,5,New Year's Day,2,Christmas Day,HOLIDAY_SEASON,"SEA_CHRISTMAS,UOR_HOLIDAY,WDW_HOLIDAY",HOLIDAYS,WINTER,"NE,SOUTH,MIDWEST,WEST,FL",0,CHRISTMAS,SUMMER,christmas peak; holiday season; EPCOT Holidays; US school winter; UK christmas; Brazil summer,,rules,2026-09-13T06:17:30+00:00
2023-12-28,Thu,3,WEEKDAY,0,52,12,Dec,28,362,4,2023,CHRISTMAS_PEAK,,,0,0,0,0,0,CHRISTMAS,3,4,New Year's Day,3,Christmas Day,HOLIDAY_SEASON,"SEA_CHRISTMAS,UOR_HOLIDAY,WDW_HOLIDAY",HOLIDAYS,WINTER,"NE,SOUTH,MIDWEST,WEST,FL",0,CHRISTMAS,SUMMER,christmas peak; holiday season; EPCOT Holidays; US school winter; UK christmas; Brazil summer,,rules,2026-09-13T06:17:30+00:00
2023-12-29,Fri,4,FRI,0,52,12,Dec,29,363,4,2023,NYE,,,0,0,0,1,0,NEW_YEAR,-3,3,New Year's Day,4,Christmas Day,HOLIDAY_SEASON,"SEA_CHRISTMAS,UOR_HOLIDAY,WDW_HOLIDAY",HOLIDAYS,WINTER,"NE,SOUTH,MIDWEST,WEST,FL",0,CHRISTMAS,SUMMER,long weekend; nye; holiday season; EPCOT Holidays; US school winter; UK christmas; Brazil summer,,rules,2026-09-13T06:17:30+00:00
2023-12-30,Sat,5,SAT,1,52,12,Dec,30,364,4,2023,NYE,,,0,0,0,1,0,NEW_YEAR,-2,2,New Year's Day,5,Christmas Day,HOLIDAY_SEASON,"SEA_CHRISTMAS,UOR_HOLIDAY,WDW_HOLIDAY",HOLIDAYS,WINTER,"NE,SOUTH,MIDWEST,WEST,FL",0,CHRISTMAS,SUMMER,long weekend; nye; holiday season; EPCOT Holidays; US school winter; UK christmas; Brazil summer,,rules,2026-09-13T06:17:30+00:00
2023-12-31,Sun,6,SUN,1,52,12,Dec,31,365,4,2023,NYE,,,0,1,0,1,0,NEW_YEAR,-1,1,New Year's Day,6,Christmas Day,HOLIDAY_SEASON,"SEA_CHRISTMAS,UOR_HOLIDAY,WDW_HOLIDAY",,WINTER,"NE,SOUTH,MIDWEST,WEST,FL",0,CHRISTMAS,SUMMER,long weekend; nye; holiday season; US school winter; UK christmas; Brazil summer,,rules,2026-09-13T06:17:30+00:00
2024-01-01,Mon,0,WEEKDAY,0,1,1,Jan,1,1,1,2024,NYE,New Year's Day,federal,1,0,0,1,0,NEW_YEAR,0,14,Martin Luther King Jr. Day,7,Christmas Day,HOLIDAY_SEASON,UOR_HOLIDAY,,WINTER,"NE,SOUTH,MIDWEST,WEST,FL",0,CHRISTMAS,SUMMER,New Year's Day; nye; holiday season; US school winter; UK christmas; Brazil summer,,rules,2026-09-13T06:17:30+00:00
2024-01-02,Tue,1,WEEKDAY,0,1,1,Jan,2,2,1,2024,REGULAR,,,0,0,1,0,0,NEW_YEAR,1,13,Martin Luther King Jr. Day,1,New Year's Day,HOLIDAY_SEASON,UOR_HOLIDAY,,WINTER,"NE,SOUTH,MIDWEST,WEST,FL",0,CHRISTMAS,SUMMER,holiday season; US school winter; UK christmas; Brazil summer,,rules,2026-09-13T06:17:30+00:00
2024-01-03,Wed,2,WEEKDAY,0,1,1,Jan,3,3,1,2024,REGULAR,,,0,0,0,0,0,NEW_YEAR,2,12,Martin Luther King Jr. Day,2,New Year's Day,HOLIDAY_SEASON,UOR_HOLIDAY,,WINTER,"NE,SOUTH,MIDWEST,WEST,FL",0,,SUMMER,holiday season; US school winter; Brazil summer,,rules,2026-09-13T06:17:30+00:00
2024-01-04,Thu,3,WEEKDAY,0,1,1,Jan,4,4,1,2024,REGULAR,,,0,0,0,0,0,NEW_YEAR,3,11,Martin Luther King Jr. Day,3,New Year's Day,HOLIDAY_SEASON,UOR_HOLIDAY,,,,0,,SUMMER,holiday season; Brazil summer,,rules,2026-09-13T06:17:30+00:00
2024-01-05,Fri,4,FRI,0,1,1,Jan,5,5,1,2024,REGULAR,,,0,0,0,0,0,NEW_YEAR,4,10,Martin Luther King Jr. Day,4,New Year's Day,,WDW_AFTERHOURS,,,,0,,SUMMER,Brazil summer,,rules,2026-09-13T06:17:30+00:00
2024-01-06,Sat,5,SAT,1,1,1,Jan,6,6,1,2024,JAN_LULL,,,0,0,0,0,0,NEW_YEAR,5,9,Martin Luther King Jr. Day,5,New Year's Day,,WDW_AFTERHOURS,,,,0,,SUMMER,jan lull; Brazil summer,,rules,2026-09-13T06:17:30+00:00
2024-01-07,Sun,6,SUN,1,1,1,Jan,7,7,1,2024,JAN_LULL,,,0,0,0,0,0,NEW_YEAR,6,8,Martin Luther King Jr. Day,6,New Year's Day,,WDW_AFTERHOURS,,,,0,,SUMMER,jan lull; Brazil summer,,rules,2026-09-13T06:17:30+00:00
2024-01-08,Mon,0,WEEKDAY,0,2,1,Jan,8,8,1,2024,JAN_LULL,,,0,0,0,0,0,NEW_YEAR,7,7,Martin Luther King Jr. Day,7,New Year's Day,,WDW_AFTERHOURS,,,,0,,SUMMER,jan lull; Brazil summer,,rules,2026-09-13T06:17:30+00:00
2024-01-09,Tue,1,WEEKDAY,0,2,1,Jan,9,9,1,2024,JAN_LULL,,,0,0,0,0,0,MLK,-6,6,Martin Luther King Jr. Day,8,New Year's Day,,WDW_AFTERHOURS,,,,0,,SUMMER,jan lull; Brazil summer,,rules,2026-09-13T06:17:30+00:00
2024-01-10,Wed,2,WEEKDAY,0,2,1,Jan,10,10,1,2024,JAN_LULL,,,0,0,0,0,0,MLK,-5,5,Martin Luther King Jr. Day,9,New Year's Day,,WDW_AFTERHOURS,,,,0,,SUMMER,jan lull; Brazil summer,,rules,2026-09-13T06:17:30+00:00
2024-01-11,Thu,3,WEEKDAY,0,2,1,Jan,11,11,1,2024,JAN_LULL,,,0,0,0,0,0,MLK,-4,4,Martin Luther King Jr. Day,10,New Year's Day,,WDW_AFTERHOURS,,,,0,,SUMMER,jan lull; Brazil summer,,rules,2026-09-13T06:17:30+00:00
2024-01-12,Fri,4,FRI,0,2,1,Jan,12,12,1,2024,MLK_WKND,,,0,0,0,1,0,MLK,-3,3,Martin Luther King Jr. Day,11,New Year's Day,,WDW_AFTERHOURS,,,,0,,SUMMER,long weekend; mlk wknd; Brazil summer,,rules,2026-09-13T06:17:30+00:00
2024-01-13,Sat,5,SAT,1,2,1,Jan,13,13,1,2024,MLK_WKND,,,0,0,0,1,0,MLK,-2,2,Martin Luther King Jr. Day,12,New Year's Day,,WDW_AFTERHOURS,,,,0,,SUMMER,long weekend; mlk wknd; Brazil summer,,rules,2026-09-13T06:17:30+00:00
2024-01-14,Sun,6,SUN,1,2,1,Jan,14,14,1,2024,MLK_WKND,,,0,1,0,1,0,MLK,-1,1,Martin Luther King Jr. Day,13,New Year's Day,,WDW_AFTERHOURS,ARTS,,,0,,SUMMER,long weekend; mlk wknd; EPCOT Arts; Brazil summer,,rules,2026-09-13T06:17:30+00:00
2024-01-15,Mon,0,WEEKDAY,0,3,1,Jan,15,15,1,2024,MLK_WKND,Martin Luther King Jr. Day,federal,1,0,0,1,0,MLK,0,35,Washington's Birthday,14,New Year's Day,,WDW_AFTERHOURS,ARTS,,,0,,SUMMER,Martin Luther King Jr. Day; mlk wknd; EPCOT Arts; Brazil summer,,rules,2026-09-13T06:17:30+00:00
2024-01-16,Tue,1,WEEKDAY,0,3,1,Jan,16,16,1,2024,JAN_LULL,,,0,0,1,0,0,MLK,1,34,Washington's Birthday,1,Martin Luther King Jr. Day,,WDW_AFTERHOURS,ARTS,,,0,,SUMMER,jan lull; EPCOT Arts; Brazil summer,,rules,2026-09-13T06:17:30+00:00
2024-01-17,Wed,2,WEEKDAY,0,3,1,Jan,17,17,1,2024,JAN_LULL,,,0,0,0,0,0,MLK,2,33,Washington's Birthday,2,Martin Luther King Jr. Day,,WDW_AFTERHOURS,ARTS,,,0,,SUMMER,jan lull; EPCOT Arts; Brazil summer,,rules,2026-09-13T06:17:30+00:00
2024-01-18,Thu,3,WEEKDAY,0,3,1,Jan,18,18,1,2024,JAN_LULL,,,0,0,0,0,0,MLK,3,32,Washington's Birthday,3,Martin Luther King Jr. Day,,WDW_AFTERHOURS,ARTS,,,0,,SUMMER,jan lull; EPCOT Arts; Brazil summer,,rules,2026-09-13T06:17:30+00:00
2024-01-19,Fri,4,FRI,0,3,1,Jan,19,19,1,2024,JAN_LULL,,,0,0,0,0,0,MLK,4,31,Washington's Birthday,4,Martin Luther King Jr. Day,,WDW_AFTERHOURS,ARTS,,,0,,SUMMER,jan lull; EPCOT Arts; Brazil summer,,rules,2026-09-13T06:17:30+00:00
2024-01-20,Sat,5,SAT,1,3,1,Jan,20,20,1,2024,JAN_LULL,,,0,0,0,0,0,MLK,5,30,Washington's Birthday,5,Martin Luther King Jr. Day,,WDW_AFTERHOURS,ARTS,,,0,,SUMMER,jan lull; EPCOT Arts; Brazil summer,,rules,2026-09-13T06:17:30+00:00
2024-01-21,Sun,6,SUN,1,3,1,Jan,21,21,1,2024,JAN_LULL,,,0,0,0,0,0,MLK,6,29,Washington's Birthday,6,Martin Luther King Jr. Day,,WDW_AFTERHOURS,ARTS,,,0,,SUMMER,jan lull; EPCOT Arts; Brazil summer,,rules,2026-09-13T06:17:30+00:00
2024-01-22,Mon,0,WEEKDAY,0,4,1,Jan,22,22,1,2024,JAN_LULL,,,0,0,0,0,0,MLK,7,28,Washington's Birthday,7,Martin Luther King Jr. Day,,WDW_AFTERHOURS,ARTS,,,0,,SUMMER,jan lull; EPCOT Arts; Brazil summer,,rules,2026-09-13T06:17:30+00:00
2024-01-23,Tue,1,WEEKDAY,0,4,1,Jan,23,23,1,2024,JAN_LULL,,,0,0,0,0,0,MLK,8,27,Washington's Birthday,8,Martin Luther King Jr. Day,,WDW_AFTERHOURS,ARTS,,,0,,SUMMER,jan lull; EPCOT Arts; Brazil summer,,rules,2026-09-13T06:17:30+00:00
2024-01-24,Wed,2,WEEKDAY,0,4,1,Jan,24,24,1,2024,JAN_LULL,,,0,0,0,0,0,MLK,9,26,Washington's Birthday,9,Martin Luther King Jr. Day,,WDW_AFTERHOURS,ARTS,,,0,,SUMMER,jan lull; EPCOT Arts; Brazil summer,,rules,2026-09-13T06:17:30+00:00
2024-01-25,Thu,3,WEEKDAY,0,4,1,Jan,25,25,1,2024,JAN_LULL,,,0,0,0,0,0,MLK,10,25,Washington's Birthday,10,Martin Luther King Jr. Day,,WDW_AFTERHOURS,ARTS,,,0,,SUMMER,jan lull; EPCOT Arts; Brazil summer,,rules,2026-09-13T06:17:30+00:00
2024-01-26,Fri,4,FRI,0,4,1,Jan,26,26,1,2024,JAN_LULL,,,0,0,0,0,0,,,24,Washington's Birthday,11,Martin Luther King Jr. Day,,WDW_AFTERHOURS,ARTS,,,0,,SUMMER,jan lull; EPCOT Arts; Brazil summer,,rules,2026-09-13T06:17:30+00:00
2024-01-27,Sat,5,SAT,1,4,1,Jan,27,27,1,2024,JAN_LULL,,,0,0,0,0,0,,,23,Washington's Birthday,12,Martin Luther King Jr. Day,,WDW_AFTERHOURS,ARTS,,,0,,SUMMER,jan lull; EPCOT Arts; Brazil summer,,rules,2026-09-13T06:17:30+00:00
2024-01-28,Sun,6,SUN,1,4,1,Jan,28,28,1,2024,JAN_LULL,,,0,0,0,0,0,,,22,Washington's Birthday,13,Martin Luther King Jr. Day,,WDW_AFTERHOURS,ARTS,,,0,,SUMMER,jan lull; EPCOT Arts; Brazil summer,,rules,2026-09-13T06:17:30+00:00
2024-01-29,Mon,0,WEEKDAY,0,5,1,Jan,29,29,1,2024,JAN_LULL,,,0,0,0,0,0,,,21,Washington's Birthday,14,Martin Luther King Jr. Day,,WDW_AFTERHOURS,ARTS,,,0,,SUMMER,jan lull; EPCOT Arts; Brazil summer,,rules,2026-09-13T06:17:30+00:00
2024-01-30,Tue,1,WEEKDAY,0,5,1,Jan,30,30,1,2024,JAN_LULL,,,0,0,0,0,0,,,20,Washington's Birthday,15,Martin Luther King Jr. Day,,WDW_AFTERHOURS,ARTS,,,0,,SUMMER,jan lull; EPCOT Arts; Brazil summer,,rules,2026-09-13T06:17:30+00:00
2024-01-31,Wed,2,WEEKDAY,0,5,1,Jan,31,31,1,2024,JAN_LULL,,,0,0,0,0,0,,,19,Washington's Birthday,16,Martin Luther King Jr. Day,,WDW_AFTERHOURS,ARTS,,,0,,SUMMER,jan lull; EPCOT Arts; Brazil summer,,rules,2026-09-13T06:17:30+00:00
2024-02-01,Thu,3,WEEKDAY,0,5,2,Feb,1,32,1,2024,JAN_LULL,,,0,0,0,0,0,,,18,Washington's Birthday,17,Martin Luther King Jr. Day,,WDW_AFTERHOURS,ARTS,,,0,,SUMMER,jan lull; EPCOT Arts; Brazil summer,,rules,2026-09-13T06:17:30+00:00
2024-02-02,Fri,4,FRI,0,5,2,Feb,2,33,1,2024,JAN_LULL,,,0,0,0,0,0,,,17,Washington's Birthday,18,Martin Luther King Jr. Day,,WDW_AFTERHOURS,ARTS,,,0,,,jan lull; EPCOT Arts,,rules,2026-09-13T06:17:30+00:00
2024-02-03,Sat,5,SAT,1,5,2,Feb,3,34,1,2024,JAN_LULL,,,0,0,0,0,0,,,16,Washington's Birthday,19,Martin Luther King Jr. Day,,WDW_AFTERHOURS,ARTS,,,0,,,jan lull; EPCOT Arts,,rules,2026-09-13T06:17:30+00:00
2024-02-04,Sun,6,SUN,1,5,2,Feb,4,35,1,2024,JAN_LULL,,,0,0,0,0,0,,,15,Washington's Birthday,20,Martin Luther King Jr. Day,,WDW_AFTERHOURS,ARTS,,,0,,,jan lull; EPCOT Arts,,rules,2026-09-13T06:17:30+00:00
2024-02-05,Mon,0,WEEKDAY,0,6,2,Feb,5,36,1,2024,JAN_LULL,,,0,0,0,0,0,,,14,Washington's Birthday,21,Martin Luther King Jr. Day,,WDW_AFTERHOURS,ARTS,,,0,,,jan lull; EPCOT Arts,,rules,2026-09-13T06:17:30+00:00
2024-02-06,Tue,1,WEEKDAY,0,6,2,Feb,6,37,1,2024,JAN_LULL,,,0,0,0,0,0,,,13,Washington's Birthday,22,Martin Luther King Jr. Day,,WDW_AFTERHOURS,ARTS,,,0,,,jan lull; EPCOT Arts,,rules,2026-09-13T06:17:30+00:00
2024-02-07,Wed,2,WEEKDAY,0,6,2,Feb,7,38,1,2024,JAN_LULL,,,0,0,0,0,0,,,12,Washington's Birthday,23,Martin Luther King Jr. Day,,WDW_AFTERHOURS,ARTS,,,0,,,jan lull; EPCOT Arts,,rules,2026-09-13T06:17:30+00:00
2024-02-08,Thu,3,WEEKDAY,0,6,2,Feb,8,39,1,2024,JAN_LULL,,,0,0,0,0,0,,,11,Washington's Birthday,24,Martin Luther King Jr. Day,,WDW_AFTERHOURS,ARTS,,,0,,,jan lull; EPCOT Arts,,rules,2026-09-13T06:17:30+00:00
2024-02-09,Fri,4,FRI,0,6,2,Feb,9,40,1,2024,REGULAR,,,0,0,0,0,0,PRESIDENTS,-10,10,Washington's Birthday,25,Martin Luther King Jr. Day,,WDW_AFTERHOURS,ARTS,,,0,,CARNIVAL,EPCOT Arts; Brazil carnival,,rules,2026-09-13T06:17:30+00:00
2024-02-10,Sat,5,SAT,1,6,2,Feb,10,41,1,2024,REGULAR,,,0,0,0,0,0,PRESIDENTS,-9,9,Washington's Birthday,26,Martin Luther King Jr. Day,,WDW_AFTERHOURS,ARTS,,,0,,CARNIVAL,EPCOT Arts; Brazil carnival,,rules,2026-09-13T06:17:30+00:00
2024-02-11,Sun,6,SUN,1,6,2,Feb,11,42,1,2024,REGULAR,,,0,0,0,0,0,PRESIDENTS,-8,8,Washington's Birthday,27,Martin Luther King Jr. Day,,WDW_AFTERHOURS,ARTS,,,0,,CARNIVAL,EPCOT Arts; Brazil carnival,,rules,2026-09-13T06:17:30+00:00
2024-02-12,Mon,0,WEEKDAY,0,7,2,Feb,12,43,1,2024,REGULAR,,,0,0,0,0,0,PRESIDENTS,-7,7,Washington's Birthday,28,Martin Luther King Jr. Day,,WDW_AFTERHOURS,ARTS,,,0,,CARNIVAL,EPCOT Arts; Brazil carnival,,rules,2026-09-13T06:17:30+00:00
2024-02-13,Tue,1,WEEKDAY,0,7,2,Feb,13,44,1,2024,REGULAR,,,0,0,0,0,0,PRESIDENTS,-6,6,Washington's Birthday,29,Martin Luther King Jr. Day,,WDW_AFTERHOURS,ARTS,,,0,,CARNIVAL,EPCOT Arts; Brazil carnival,,rules,2026-09-13T06:17:30+00:00
2024-02-14,Wed,2,WEEKDAY,0,7,2,Feb,14,45,1,2024,REGULAR,,,0,0,0,0,0,PRESIDENTS,-5,5,Washington's Birthday,30,Martin Luther King Jr. Day,,WDW_AFTERHOURS,ARTS,,,0,,CARNIVAL,EPCOT Arts; Brazil carnival,,rules,2026-09-13T06:17:30+00:00
2024-02-15,Thu,3,WEEKDAY,0,7,2,Feb,15,46,1,2024,REGULAR,,,0,0,0,0,0,PRESIDENTS,-4,4,Washington's Birthday,31,Martin Luther King Jr. Day,,WDW_AFTERHOURS,ARTS,,,0,,CARNIVAL,EPCOT Arts; Brazil carnival,,rules,2026-09-13T06:17:30+00:00
2024-02-16,Fri,4,FRI,0,7,2,Feb,16,47,1,2024,PRESIDENTS_WK,,,0,0,0,1,0,PRESIDENTS,-3,3,Washington's Birthday,32,Martin Luther King Jr. Day,,WDW_AFTERHOURS,ARTS,,,0,,CARNIVAL,long weekend; presidents wk; EPCOT Arts; Brazil carnival,,rules,2026-09-13T06:17:30+00:00
2024-02-17,Sat,5,SAT,1,7,2,Feb,17,48,1,2024,PRESIDENTS_WK,,,0,0,0,1,0,PRESIDENTS,-2,2,Washington's Birthday,33,Martin Luther King Jr. Day,,WDW_AFTERHOURS,ARTS,,,0,,,long weekend; presidents wk; EPCOT Arts,,rules,2026-09-13T06:17:30+00:00
2024-02-18,Sun,6,SUN,1,7,2,Feb,18,49,1,2024,PRESIDENTS_WK,,,0,1,0,1,0,PRESIDENTS,-1,1,Washington's Birthday,34,Martin Luther King Jr. Day,,WDW_AFTERHOURS,ARTS,,,0,,,long weekend; presidents wk; EPCOT Arts,,rules,2026-09-13T06:17:30+00:00
2024-02-19,Mon,0,WEEKDAY,0,8,2,Feb,19,50,1,2024,PRESIDENTS_WK,Washington's Birthday,federal,1,0,0,1,0,PRESIDENTS,0,98,Memorial Day,35,Martin Luther King Jr. Day,,WDW_AFTERHOURS,ARTS,PRESIDENTS,NE,1,FEB_HALF_TERM,,Washington's Birthday; presidents wk; EPCOT Arts; US school presidents; UK feb half term,,rules,2026-09-13T06:17:30+00:00
2024-02-20,Tue,1,WEEKDAY,0,8,2,Feb,20,51,1,2024,PRESIDENTS_WK,,,0,0,1,0,0,PRESIDENTS,1,97,Memorial Day,1,Washington's Birthday,,WDW_AFTERHOURS,ARTS,PRESIDENTS,NE,1,FEB_HALF_TERM,,presidents wk; EPCOT Arts; US school presidents; UK feb half term,,rules,2026-09-13T06:17:30+00:00
2024-02-21,Wed,2,WEEKDAY,0,8,2,Feb,21,52,1,2024,PRESIDENTS_WK,,,0,0,0,0,0,PRESIDENTS,2,96,Memorial Day,2,Washington's Birthday,,WDW_AFTERHOURS,ARTS,PRESIDENTS,NE,1,FEB_HALF_TERM,,presidents wk; EPCOT Arts; US school presidents; UK feb half term,,rules,2026-09-13T06:17:30+00:00
2024-02-22,Thu,3,WEEKDAY,0,8,2,Feb,22,53,1,2024,PRESIDENTS_WK,,,0,0,0,0,0,PRESIDENTS,3,95,Memorial Day,3,Washington's Birthday,,WDW_AFTERHOURS,ARTS,PRESIDENTS,NE,1,FEB_HALF_TERM,,presidents wk; EPCOT Arts; US school presidents; UK feb half term,,rules,2026-09-13T06:17:30+00:00
2024-02-23,Fri,4,FRI,0,8,2,Feb,23,54,1,2024,PRESIDENTS_WK,,,0,0,0,0,0,PRESIDENTS,4,94,Memorial Day,4,Washington's Birthday,,WDW_AFTERHOURS,ARTS,PRESIDENTS,NE,1,FEB_HALF_TERM,,presidents wk; EPCOT Arts; US school presidents; UK feb half term,,rules,2026-09-13T06:17:30+00:00
2024-02-24,Sat,5,SAT,1,8,2,Feb,24,55,1,2024,PRESIDENTS_WK,,,0,0,0,0,0,PRESIDENTS,5,93,Memorial Day,5,Washington's Birthday,,WDW_AFTERHOURS,,,,0,,,presidents wk,,rules,2026-09-13T06:17:30+00:00
2024-02-25,Sun,6,SUN,1,8,2,Feb,25,56,1,2024,SPRING_SHOULDER,,,0,0,0,0,0,PRESIDENTS,6,92,Memorial Day,6,Washington's Birthday,,WDW_AFTERHOURS,FLOWER_AND_GARDEN,,,0,,,spring shoulder; EPCOT Flower And Garden,,rules,2026-09-13T06:17:30+00:00
2024-02-26,Mon,0,WEEKDAY,0,9,2,Feb,26,57,1,2024,SPRING_SHOULDER,,,0,0,0,0,0,PRESIDENTS,7,91,Memorial Day,7,Washington's Birthday,,WDW_AFTERHOURS,FLOWER_AND_GARDEN,,,0,,,spring shoulder; EPCOT Flower And Garden,,rules,2026-09-13T06:17:30+00:00
2024-02-27,Tue,1,WEEKDAY,0,9,2,Feb,27,58,1,2024,SPRING_SHOULDER,,,0,0,0,0,0,PRESIDENTS,8,90,Memorial Day,8,Washington's Birthday,,WDW_AFTERHOURS,FLOWER_AND_GARDEN,,,0,,,spring shoulder; EPCOT Flower And Garden,,rules,2026-09-13T06:17:30+00:00
2024-02-28,Wed,2,WEEKDAY,0,9,2,Feb,28,59,1,2024,SPRING_SHOULDER,,,0,0,0,0,0,PRESIDENTS,9,89,Memorial Day,9,Washington's Birthday,,WDW_AFTERHOURS,FLOWER_AND_GARDEN,,,0,,,spring shoulder; EPCOT Flower And Garden,,rules,2026-09-13T06:17:30+00:00
2024-02-29,Thu,3,WEEKDAY,0,9,2,Feb,29,60,1,2024,SPRING_SHOULDER,,,0,0,0,0,0,PRESIDENTS,10,88,Memorial Day,10,Washington's Birthday,,WDW_AFTERHOURS,FLOWER_AND_GARDEN,,,0,,,spring shoulder; EPCOT Flower And Garden,,rules,2026-09-13T06:17:30+00:00
2024-03-01,Fri,4,FRI,0,9,3,Mar,1,61,1,2024,SPRING_SHOULDER,,,0,0,0,0,0,,,87,Memorial Day,11,Washington's Birthday,,WDW_AFTERHOURS,FLOWER_AND_GARDEN,,,0,,,spring shoulder; EPCOT Flower And Garden,,rules,2026-09-13T06:17:30+00:00
2024-03-02,Sat,5,SAT,1,9,3,Mar,2,62,1,2024,SPRING_SHOULDER,,,0,0,0,0,0,,,86,Memorial Day,12,Washington's Birthday,,WDW_AFTERHOURS,FLOWER_AND_GARDEN,,,0,,,spring shoulder; EPCOT Flower And Garden,,rules,2026-09-13T06:17:30+00:00
2024-03-03,Sun,6,SUN,1,9,3,Mar,3,63,1,2024,SPRING_SHOULDER,,,0,0,0,0,0,,,85,Memorial Day,13,Washington's Birthday,,WDW_AFTERHOURS,FLOWER_AND_GARDEN,,,0,,,spring shoulder; EPCOT Flower And Garden,,rules,2026-09-13T06:17:30+00:00
2024-03-04,Mon,0,WEEKDAY,0,10,3,Mar,4,64,1,2024,SPRING_SHOULDER,,,0,0,0,0,0,,,84,Memorial Day,14,Washington's Birthday,,WDW_AFTERHOURS,FLOWER_AND_GARDEN,,,0,,,spring shoulder; EPCOT Flower And Garden,,rules,2026-09-13T06:17:30+00:00
2024-03-05,Tue,1,WEEKDAY,0,10,3,Mar,5,65,1,2024,SPRING_SHOULDER,,,0,0,0,0,0,,,83,Memorial Day,15,Washington's Birthday,,WDW_AFTERHOURS,FLOWER_AND_GARDEN,,,0,,,spring shoulder; EPCOT Flower And Garden,,rules,2026-09-13T06:17:30+00:00
2024-03-06,Wed,2,WEEKDAY,0,10,3,Mar,6,66,1,2024,SPRING_SHOULDER,,,0,0,0,0,0,,,82,Memorial Day,16,Washington's Birthday,,WDW_AFTERHOURS,FLOWER_AND_GARDEN,,,0,,,spring shoulder; EPCOT Flower And Garden,,rules,2026-09-13T06:17:30+00:00
2024-03-07,Thu,3,WEEKDAY,0,10,3,Mar,7,67,1,2024,SPRING_SHOULDER,,,0,0,0,0,0,,,81,Memorial Day,17,Washington's Birthday,,WDW_AFTERHOURS,FLOWER_AND_GARDEN,,,0,,,spring shoulder; EPCOT Flower And Garden,,rules,2026-09-13T06:17:30+00:00
2024-03-08,Fri,4,FRI,0,10,3,Mar,8,68,1,2024,SPRING_SHOULDER,,,0,0,0,0,0,,,80,Memorial Day,18,Washington's Birthday,,WDW_AFTERHOURS,FLOWER_AND_GARDEN,,,0,,,spring shoulder; EPCOT Flower And Garden,,rules,2026-09-13T06:17:30+00:00
2024-03-09,Sat,5,SAT,1,10,3,Mar,9,69,1,2024,SPRING_SHOULDER,,,0,0,0,0,0,,,79,Memorial Day,19,Washington's Birthday,,WDW_AFTERHOURS,FLOWER_AND_GARDEN,SPRING,"SOUTH,FL",0,,,spring shoulder; EPCOT Flower And Garden; US school spring,,rules,2026-09-13T06:17:30+00:00
2024-03-10,Sun,6,SUN,1,10,3,Mar,10,70,1,2024,SPRING_SHOULDER,,,0,0,0,0,0,,,78,Memorial Day,20,Washington's Birthday,,WDW_AFTERHOURS,FLOWER_AND_GARDEN,SPRING,"SOUTH,FL",0,,,spring shoulder; EPCOT Flower And Garden; US school spring,,rules,2026-09-13T06:17:30+00:00
2024-03-11,Mon,0,WEEKDAY,0,11,3,Mar,11,71,1,2024,SPRING_SHOULDER,,,0,0,0,0,0,,,77,Memorial Day,21,Washington's Birthday,,WDW_AFTERHOURS,FLOWER_AND_GARDEN,SPRING,"SOUTH,FL",0,,,spring shoulder; EPCOT Flower And Garden; US school spring,,rules,2026-09-13T06:17:30+00:00
2024-03-12,Tue,1,WEEKDAY,0,11,3,Mar,12,72,1,2024,SPRING_SHOULDER,,,0,0,0,0,0,,,76,Memorial Day,22,Washington's Birthday,,WDW_AFTERHOURS,FLOWER_AND_GARDEN,SPRING,"SOUTH,FL",0,,,spring shoulder; EPCOT Flower And Garden; US school spring,,rules,2026-09-13T06:17:30+00:00
2024-03-13,Wed,2,WEEKDAY,0,11,3,Mar,13,73,1,2024,SPRING_SHOULDER,,,0,0,0,0,0,,,75,Memorial Day,23,Washington's Birthday,,WDW_AFTERHOURS,FLOWER_AND_GARDEN,SPRING,"SOUTH,FL",0,,,spring shoulder; EPCOT Flower And Garden; US school spring,,rules,2026-09-13T06:17:30+00:00
2024-03-14,Thu,3,WEEKDAY,0,11,3,Mar,14,74,1,2024,SPRING_SHOULDER,,,0,0,0,0,0,,,74,Memorial Day,24,Washington's Birthday,,WDW_AFTERHOURS,FLOWER_AND_GARDEN,SPRING,"SOUTH,FL",0,,,spring shoulder; EPCOT Flower And Garden; US school spring,,rules,2026-09-13T06:17:30+00:00
2024-03-15,Fri,4,FRI,0,11,3,Mar,15,75,1,2024,SPRING_SHOULDER,,,0,0,0,0,0,,,73,Memorial Day,25,Washington's Birthday,,WDW_AFTERHOURS,FLOWER_AND_GARDEN,SPRING,"SOUTH,FL",0,,,spring shoulder; EPCOT Flower And Garden; US school spring,,rules,2026-09-13T06:17:30+00:00
2024-03-16,Sat,5,SAT,1,11,3,Mar,16,76,1,2024,SPRING_SHOULDER,,,0,0,0,0,0,,,72,Memorial Day,26,Washington's Birthday,,WDW_AFTERHOURS,FLOWER_AND_GARDEN,SPRING,"SOUTH,FL",0,,,spring shoulder; EPCOT Flower And Garden; US school spring,,rules,2026-09-13T06:17:30+00:00
2024-03-17,Sun,6,SUN,1,11,3,Mar,17,77,1,2024,SPRING_SHOULDER,,,0,0,0,0,0,,,71,Memorial Day,27,Washington's Birthday,,WDW_AFTERHOURS,FLOWER_AND_GARDEN,SPRING,"SOUTH,FL",0,,,spring shoulder; EPCOT Flower And Garden; US school spring,,rules,2026-09-13T06:17:30+00:00
2024-03-18,Mon,0,WEEKDAY,0,12,3,Mar,18,78,1,2024,SPRING_SHOULDER,,,0,0,0,0,0,,,70,Memorial Day,28,Washington's Birthday,,WDW_AFTERHOURS,FLOWER_AND_GARDEN,SPRING,"SOUTH,FL",0,,,spring shoulder; EPCOT Flower And Garden; US school spring,,rules,2026-09-13T06:17:30+00:00
2024-03-19,Tue,1,WEEKDAY,0,12,3,Mar,19,79,1,2024,SPRING_SHOULDER,,,0,0,0,0,0,GOOD_FRIDAY,-10,69,Memorial Day,29,Washington's Birthday,,WDW_AFTERHOURS,FLOWER_AND_GARDEN,SPRING,"SOUTH,FL,NE,MIDWEST,WEST",0,,,spring shoulder; EPCOT Flower And Garden; US school spring,,rules,2026-09-13T06:17:30+00:00
2024-03-20,Wed,2,WEEKDAY,0,12,3,Mar,20,80,1,2024,SPRING_SHOULDER,,,0,0,0,0,0,GOOD_FRIDAY,-9,68,Memorial Day,30,Washington's Birthday,,WDW_AFTERHOURS,FLOWER_AND_GARDEN,SPRING,"SOUTH,FL,NE,MIDWEST,WEST",0,EASTER,,spring shoulder; EPCOT Flower And Garden; US school spring; UK easter,,rules,2026-09-13T06:17:30+00:00
2024-03-21,Thu,3,WEEKDAY,0,12,3,Mar,21,81,1,2024,SPRING_SHOULDER,,,0,0,0,0,0,GOOD_FRIDAY,-8,67,Memorial Day,31,Washington's Birthday,,WDW_AFTERHOURS,FLOWER_AND_GARDEN,SPRING,"SOUTH,FL,NE,MIDWEST,WEST",0,EASTER,,spring shoulder; EPCOT Flower And Garden; US school spring; UK easter,,rules,2026-09-13T06:17:30+00:00
2024-03-22,Fri,4,FRI,0,12,3,Mar,22,82,1,2024,SPRING_SHOULDER,,,0,0,0,0,0,GOOD_FRIDAY,-7,66,Memorial Day,32,Washington's Birthday,,WDW_AFTERHOURS,FLOWER_AND_GARDEN,SPRING,"SOUTH,FL,NE,MIDWEST,WEST",0,EASTER,,spring shoulder; EPCOT Flower And Garden; US school spring; UK easter,,rules,2026-09-13T06:17:30+00:00
2024-03-23,Sat,5,SAT,1,12,3,Mar,23,83,1,2024,EASTER_WK,,,0,0,0,0,0,GOOD_FRIDAY,-6,65,Memorial Day,33,Washington's Birthday,,WDW_AFTERHOURS,FLOWER_AND_GARDEN,SPRING,"NE,SOUTH,MIDWEST,WEST,FL",0,EASTER,,easter wk; EPCOT Flower And Garden; US school spring; UK easter,,rules,2026-09-13T06:17:30+00:00
2024-03-24,Sun,6,SUN,1,12,3,Mar,24,84,1,2024,EASTER_WK,,,0,0,0,0,0,GOOD_FRIDAY,-5,64,Memorial Day,34,Washington's Birthday,,WDW_AFTERHOURS,FLOWER_AND_GARDEN,SPRING,"NE,SOUTH,MIDWEST,WEST,FL",0,EASTER,,easter wk; EPCOT Flower And Garden; US school spring; UK easter,,rules,2026-09-13T06:17:30+00:00
2024-03-25,Mon,0,WEEKDAY,0,13,3,Mar,25,85,1,2024,EASTER_WK,,,0,0,0,0,0,GOOD_FRIDAY,-4,63,Memorial Day,35,Washington's Birthday,,WDW_AFTERHOURS,FLOWER_AND_GARDEN,SPRING,"NE,SOUTH,MIDWEST,WEST,FL",0,EASTER,,easter wk; EPCOT Flower And Garden; US school spring; UK easter,,rules,2026-09-13T06:17:30+00:00
2024-03-26,Tue,1,WEEKDAY,0,13,3,Mar,26,86,1,2024,EASTER_WK,,,0,0,0,0,0,GOOD_FRIDAY,-3,62,Memorial Day,36,Washington's Birthday,,WDW_AFTERHOURS,FLOWER_AND_GARDEN,SPRING,"NE,SOUTH,MIDWEST,WEST,FL",0,EASTER,,easter wk; EPCOT Flower And Garden; US school spring; UK easter,,rules,2026-09-13T06:17:30+00:00
2024-03-27,Wed,2,WEEKDAY,0,13,3,Mar,27,87,1,2024,EASTER_WK,,,0,0,0,0,0,GOOD_FRIDAY,-2,61,Memorial Day,37,Washington's Birthday,,WDW_AFTERHOURS,FLOWER_AND_GARDEN,SPRING,"NE,SOUTH,MIDWEST,WEST,FL",0,EASTER,,easter wk; EPCOT Flower And Garden; US school spring; UK easter,,rules,2026-09-13T06:17:30+00:00
2024-03-28,Thu,3,WEEKDAY,0,13,3,Mar,28,88,1,2024,EASTER_WK,,,0,0,0,0,0,GOOD_FRIDAY,-1,60,Memorial Day,38,Washington's Birthday,,WDW_AFTERHOURS,FLOWER_AND_GARDEN,SPRING,"NE,SOUTH,MIDWEST,WEST,FL",0,EASTER,,easter wk; EPCOT Flower And Garden; US school spring; UK easter,,rules,2026-09-13T06:17:30+00:00
2024-03-29,Fri,4,FRI,0,13,3,Mar,29,89,1,2024,EASTER_WK,,,0,0,0,0,0,GOOD_FRIDAY,0,59,Memorial Day,39,Washington's Birthday,,WDW_AFTERHOURS,FLOWER_AND_GARDEN,SPRING,"NE,SOUTH,MIDWEST,WEST,FL",0,EASTER,,easter wk; EPCOT Flower And Garden; US school spring; UK easter,,rules,2026-09-13T06:17:30+00:00
2024-03-30,Sat,5,SAT,1,13,3,Mar,30,90,1,2024,EASTER_WK,,,0,0,0,0,0,EASTER,-1,58,Memorial Day,40,Washington's Birthday,,WDW_AFTERHOURS,FLOWER_AND_GARDEN,SPRING,"NE,SOUTH,MIDWEST,WEST,FL",0,EASTER,,easter wk; EPCOT Flower And Garden; US school spring; UK easter,,rules,2026-09-13T06:17:30+00:00
2024-03-31,Sun,6,SUN,1,13,3,Mar,31,91,1,2024,EASTER_WK,,,0,0,0,0,0,EASTER,0,57,Memorial Day,41,Washington's Birthday,,WDW_AFTERHOURS,FLOWER_AND_GARDEN,SPRING,"NE,SOUTH,MIDWEST,WEST,FL",0,EASTER,,easter wk; EPCOT Flower And Garden; US school spring; UK easter,,rules,2026-09-13T06:17:30+00:00
2024-04-01,Mon,0,WEEKDAY,0,14,4,Apr,1,92,2,2024,EASTER_WK,,,0,0,0,0,0,EASTER,1,56,Memorial Day,42,Washington's Birthday,,WDW_AFTERHOURS,FLOWER_AND_GARDEN,SPRING,"NE,SOUTH,MIDWEST,WEST,FL",0,EASTER,,easter wk; EPCOT Flower And Garden; US school spring; UK easter,,rules,2026-09-13T06:17:30+00:00
2024-04-02,Tue,1,WEEKDAY,0,14,4,Apr,2,93,2,2024,EASTER_WK,,,0,0,0,0,0,EASTER,2,55,Memorial Day,43,Washington's Birthday,,WDW_AFTERHOURS,FLOWER_AND_GARDEN,SPRING,"NE,SOUTH,MIDWEST,WEST,FL",0,EASTER,,easter wk; EPCOT Flower And Garden; US school spring; UK easter,,rules,2026-09-13T06:17:30+00:00
2024-04-03,Wed,2,WEEKDAY,0,14,4,Apr,3,94,2,2024,EASTER_WK,,,0,0,0,0,0,EASTER,3,54,Memorial Day,44,Washington's Birthday,,WDW_AFTERHOURS,FLOWER_AND_GARDEN,SPRING,"NE,SOUTH,MIDWEST,WEST,FL",0,EASTER,,easter wk; EPCOT Flower And Garden; US school spring; UK easter,,rules,2026-09-13T06:17:30+00:00
2024-04-04,Thu,3,WEEKDAY,0,14,4,Apr,4,95,2,2024,EASTER_WK,,,0,0,0,0,0,EASTER,4,53,Memorial Day,45,Washington's Birthday,,WDW_AFTERHOURS,FLOWER_AND_GARDEN,SPRING,"NE,SOUTH,MIDWEST,WEST,FL",0,EASTER,,easter wk; EPCOT Flower And Garden; US school spring; UK easter,,rules,2026-09-13T06:17:30+00:00
2024-04-05,Fri,4,FRI,0,14,4,Apr,5,96,2,2024,EASTER_WK,,,0,0,0,0,0,EASTER,5,52,Memorial Day,46,Washington's Birthday,,WDW_AFTERHOURS,FLOWER_AND_GARDEN,SPRING,"NE,SOUTH,MIDWEST,WEST,FL",0,EASTER,,easter wk; EPCOT Flower And Garden; US school spring; UK easter,,rules,2026-09-13T06:17:30+00:00
2024-04-06,Sat,5,SAT,1,14,4,Apr,6,97,2,2024,EASTER_WK,,,0,0,0,0,0,EASTER,6,51,Memorial Day,47,Washington's Birthday,,WDW_AFTERHOURS,FLOWER_AND_GARDEN,SPRING,"NE,SOUTH,MIDWEST,WEST,FL",0,EASTER,,easter wk; EPCOT Flower And Garden; US school spring; UK easter,,rules,2026-09-13T06:17:30+00:00
2024-04-07,Sun,6,SUN,1,14,4,Apr,7,98,2,2024,EASTER_WK,,,0,0,0,0,0,EASTER,7,50,Memorial Day,48,Washington's Birthday,,WDW_AFTERHOURS,FLOWER_AND_GARDEN,,,0,EASTER,,easter wk; EPCOT Flower And Garden; UK easter,,rules,2026-09-13T06:17:30+00:00
2024-04-08,Mon,0,WEEKDAY,0,15,4,Apr,8,99,2,2024,EASTER_WK,,,0,0,0,0,0,EASTER,8,49,Memorial Day,49,Washington's Birthday,,WDW_AFTERHOURS,FLOWER_AND_GARDEN,,,0,EASTER,,easter wk; EPCOT Flower And Garden; UK easter,,rules,2026-09-13T06:17:30+00:00
2024-04-09,Tue,1,WEEKDAY,0,15,4,Apr,9,100,2,2024,SPRING_SHOULDER,,,0,0,0,0,0,EASTER,9,48,Memorial Day,50,Washington's Birthday,,WDW_AFTERHOURS,FLOWER_AND_GARDEN,,,0,EASTER,,spring shoulder; EPCOT Flower And Garden; UK easter,,rules,2026-09-13T06:17:30+00:00
2024-04-10,Wed,2,WEEKDAY,0,15,4,Apr,10,101,2,2024,SPRING_SHOULDER,,,0,0,0,0,0,EASTER,10,47,Memorial Day,51,Washington's Birthday,,WDW_AFTERHOURS,FLOWER_AND_GARDEN,,,0,EASTER,,spring shoulder; EPCOT Flower And Garden; UK easter,,rules,2026-09-13T06:17:30+00:00
2024-04-11,Thu,3,WEEKDAY,0,15,4,Apr,11,102,2,2024,SPRING_SHOULDER,,,0,0,0,0,0,,,46,Memorial Day,52,Washington's Birthday,,WDW_AFTERHOURS,FLOWER_AND_GARDEN,,,0,EASTER,,spring shoulder; EPCOT Flower And Garden; UK easter,,rules,2026-09-13T06:17:30+00:00
2024-04-12,Fri,4,FRI,0,15,4,Apr,12,103,2,2024,SPRING_SHOULDER,,,0,0,0,0,0,,,45,Memorial Day,53,Washington's Birthday,,WDW_AFTERHOURS,FLOWER_AND_GARDEN,,,0,,,spring shoulder; EPCOT Flower And Garden,,rules,2026-09-13T06:17:30+00:00
2024-04-13,Sat,5,SAT,1,15,4,Apr,13,104,2,2024,SPRING_SHOULDER,,,0,0,0,0,0,,,44,Memorial Day,54,Washington's Birthday,,WDW_AFTERHOURS,FLOWER_AND_GARDEN,,,0,,,spring shoulder; EPCOT Flower And Garden,,rules,2026-09-13T06:17:30+00:00
2024-04-14,Sun,6,SUN,1,15,4,Apr,14,105,2,2024,SPRING_SHOULDER,,,0,0,0,0,0,,,43,Memorial Day,55,Washington's Birthday,,WDW_AFTERHOURS,FLOWER_AND_GARDEN,,,0,,,spring shoulder; EPCOT Flower And Garden,,rules,2026-09-13T06:17:30+00:00
2024-04-15,Mon,0,WEEKDAY,0,16,4,Apr,15,106,2,2024,SPRING_SHOULDER,,,0,0,0,0,0,,,42,Memorial Day,56,Washington's Birthday,,WDW_AFTERHOURS,FLOWER_AND_GARDEN,,,0,,,spring shoulder; EPCOT Flower And Garden,,rules,2026-09-13T06:17:30+00:00
2024-04-16,Tue,1,WEEKDAY,0,16,4,Apr,16,107,2,2024,SPRING_SHOULDER,,,0,0,0,0,0,,,41,Memorial Day,57,Washington's Birthday,,WDW_AFTERHOURS,FLOWER_AND_GARDEN,,,0,,,spring shoulder; EPCOT Flower And Garden,,rules,2026-09-13T06:17:30+00:00
2024-04-17,Wed,2,WEEKDAY,0,16,4,Apr,17,108,2,2024,SPRING_SHOULDER,,,0,0,0,0,0,,,40,Memorial Day,58,Washington's Birthday,,WDW_AFTERHOURS,FLOWER_AND_GARDEN,,,0,,,spring shoulder; EPCOT Flower And Garden,,rules,2026-09-13T06:17:30+00:00
2024-04-18,Thu,3,WEEKDAY,0,16,4,Apr,18,109,2,2024,SPRING_SHOULDER,,,0,0,0,0,0,,,39,Memorial Day,59,Washington's Birthday,,WDW_AFTERHOURS,FLOWER_AND_GARDEN,,,0,,,spring shoulder; EPCOT Flower And Garden,,rules,2026-09-13T06:17:30+00:00
2024-04-19,Fri,4,FRI,0,16,4,Apr,19,110,2,2024,SPRING_SHOULDER,,,0,0,0,0,0,,,38,Memorial Day,60,Washington's Birthday,,WDW_AFTERHOURS,FLOWER_AND_GARDEN,,,0,,,spring shoulder; EPCOT Flower And Garden,,rules,2026-09-13T06:17:30+00:00
2024-04-20,Sat,5,SAT,1,16,4,Apr,20,111,2,2024,SPRING_SHOULDER,,,0,0,0,0,0,,,37,Memorial Day,61,Washington's Birthday,,WDW_AFTERHOURS,FLOWER_AND_GARDEN,,,0,,,spring shoulder; EPCOT Flower And Garden,,rules,2026-09-13T06:17:30+00:00
2024-04-21,Sun,6,SUN,1,16,4,Apr,21,112,2,2024,SPRING_SHOULDER,,,0,0,0,0,0,,,36,Memorial Day,62,Washington's Birthday,,WDW_AFTERHOURS,FLOWER_AND_GARDEN,,,0,,,spring shoulder; EPCOT Flower And Garden,,rules,2026-09-13T06:17:30+00:00
2024-04-22,Mon,0,WEEKDAY,0,17,4,Apr,22,113,2,2024,SPRING_SHOULDER,,,0,0,0,0,0,,,35,Memorial Day,63,Washington's Birthday,,WDW_AFTERHOURS,FLOWER_AND_GARDEN,,,0,,,spring shoulder; EPCOT Flower And Garden,,rules,2026-09-13T06:17:30+00:00
2024-04-23,Tue,1,WEEKDAY,0,17,4,Apr,23,114,2,2024,SPRING_SHOULDER,,,0,0,0,0,0,,,34,Memorial Day,64,Washington's Birthday,,WDW_AFTERHOURS,FLOWER_AND_GARDEN,,,0,,,spring shoulder; EPCOT Flower And Garden,,rules,2026-09-13T06:17:30+00:00
2024-04-24,Wed,2,WEEKDAY,0,17,4,Apr,24,115,2,2024,SPRING_SHOULDER,,,0,0,0,0,0,,,33,Memorial Day,65,Washington's Birthday,,WDW_AFTERHOURS,FLOWER_AND_GARDEN,,,0,,,spring shoulder; EPCOT Flower And Garden,,rules,2026-09-13T06:17:30+00:00
2024-04-25,Thu,3,WEEKDAY,0,17,4,Apr,25,116,2,2024,SPRING_SHOULDER,,,0,0,0,0,0,,,32,Memorial Day,66,Washington's Birthday,,WDW_AFTERHOURS,FLOWER_AND_GARDEN,,,0,,,spring shoulder; EPCOT Flower And Garden,,rules,2026-09-13T06:17:30+00:00
2024-04-26,Fri,4,FRI,0,17,4,Apr,26,117,2,2024,REGULAR,,,0,0,0,0,0,,,31,Memorial Day,67,Washington's Birthday,,WDW_AFTERHOURS,FLOWER_AND_GARDEN,,,0,,,EPCOT Flower And Garden,,rules,2026-09-13T06:17:30+00:00
2024-04-27,Sat,5,SAT,1,17,4,Apr,27,118,2,2024,REGULAR,,,0,0,0,0,0,,,30,Memorial Day,68,Washington's Birthday,,WDW_AFTERHOURS,FLOWER_AND_GARDEN,,,0,,,EPCOT Flower And Garden,,rules,2026-09-13T06:17:30+00:00
2024-04-28,Sun,6,SUN,1,17,4,Apr,28,119,2,2024,REGULAR,,,0,0,0,0,0,,,29,Memorial Day,69,Washington's Birthday,,WDW_AFTERHOURS,FLOWER_AND_GARDEN,,,0,,,EPCOT Flower And Garden,,rules,2026-09-13T06:17:30+00:00
2024-04-29,Mon,0,WEEKDAY,0,18,4,Apr,29,120,2,2024,REGULAR,,,0,0,0,0,0,,,28,Memorial Day,70,Washington's Birthday,,WDW_AFTERHOURS,FLOWER_AND_GARDEN,,,0,,,EPCOT Flower And Garden,,rules,2026-09-13T06:17:30+00:00
2024-04-30,Tue,1,WEEKDAY,0,18,4,Apr,30,121,2,2024,REGULAR,,,0,0,0,0,0,,,27,Memorial Day,71,Washington's Birthday,,WDW_AFTERHOURS,FLOWER_AND_GARDEN,,,0,,,EPCOT Flower And Garden,,rules,2026-09-13T06:17:30+00:00
2024-05-01,Wed,2,WEEKDAY,0,18,5,May,1,122,2,2024,REGULAR,,,0,0,0,0,0,,,26,Memorial Day,72,Washington's Birthday,,WDW_AFTERHOURS,FLOWER_AND_GARDEN,,,0,,,EPCOT Flower And Garden,,rules,2026-09-13T06:17:30+00:00
2024-05-02,Thu,3,WEEKDAY,0,18,5,May,2,123,2,2024,REGULAR,,,0,0,0,0,0,,,25,Memorial Day,73,Washington's Birthday,,WDW_AFTERHOURS,FLOWER_AND_GARDEN,,,0,,,EPCOT Flower And Garden,,rules,2026-09-13T06:17:30+00:00
2024-05-03,Fri,4,FRI,0,18,5,May,3,124,2,2024,REGULAR,,,0,0,0,0,0,,,24,Memorial Day,74,Washington's Birthday,,WDW_AFTERHOURS,FLOWER_AND_GARDEN,,,0,,,EPCOT Flower And Garden,,rules,2026-09-13T06:17:30+00:00
2024-05-04,Sat,5,SAT,1,18,5,May,4,125,2,2024,REGULAR,,,0,0,0,0,0,,,23,Memorial Day,75,Washington's Birthday,,WDW_AFTERHOURS,FLOWER_AND_GARDEN,,,0,,,EPCOT Flower And Garden,,rules,2026-09-13T06:17:30+00:00
2024-05-05,Sun,6,SUN,1,18,5,May,5,126,2,2024,REGULAR,,,0,0,0,0,0,,,22,Memorial Day,76,Washington's Birthday,,WDW_AFTERHOURS,FLOWER_AND_GARDEN,,,0,,,EPCOT Flower And Garden,,rules,2026-09-13T06:17:30+00:00
2024-05-06,Mon,0,WEEKDAY,0,19,5,May,6,127,2,2024,REGULAR,,,0,0,0,0,0,,,21,Memorial Day,77,Washington's Birthday,,WDW_AFTERHOURS,FLOWER_AND_GARDEN,,,0,,,EPCOT Flower And Garden,,rules,2026-09-13T06:17:30+00:00
2024-05-07,Tue,1,WEEKDAY,0,19,5,May,7,128,2,2024,REGULAR,,,0,0,0,0,0,,,20,Memorial Day,78,Washington's Birthday,,WDW_AFTERHOURS,FLOWER_AND_GARDEN,,,0,,,EPCOT Flower And Garden,,rules,2026-09-13T06:17:30+00:00
2024-05-08,Wed,2,WEEKDAY,0,19,5,May,8,129,2,2024,REGULAR,,,0,0,0,0,0,,,19,Memorial Day,79,Washington's Birthday,,WDW_AFTERHOURS,FLOWER_AND_GARDEN,,,0,,,EPCOT Flower And Garden,,rules,2026-09-13T06:17:30+00:00
2024-05-09,Thu,3,WEEKDAY,0,19,5,May,9,130,2,2024,REGULAR,,,0,0,0,0,0,,,18,Memorial Day,80,Washington's Birthday,,WDW_AFTERHOURS,FLOWER_AND_GARDEN,,,0,,,EPCOT Flower And Garden,,rules,2026-09-13T06:17:30+00:00
2024-05-10,Fri,4,FRI,0,19,5,May,10,131,2,2024,REGULAR,,,0,0,0,0,0,,,17,Memorial Day,81,Washington's Birthday,,WDW_AFTERHOURS,FLOWER_AND_GARDEN,,,0,,,EPCOT Flower And Garden,,rules,2026-09-13T06:17:30+00:00
2024-05-11,Sat,5,SAT,1,19,5,May,11,132,2,2024,REGULAR,,,0,0,0,0,0,,,16,Memorial Day,82,Washington's Birthday,,WDW_AFTERHOURS,FLOWER_AND_GARDEN,,,0,,,EPCOT Flower And Garden,,rules,2026-09-13T06:17:30+00:00
2024-05-12,Sun,6,SUN,1,19,5,May,12,133,2,2024,REGULAR,,,0,0,0,0,0,,,15,Memorial Day,83,Washington's Birthday,,WDW_AFTERHOURS,FLOWER_AND_GARDEN,,,0,,,EPCOT Flower And Garden,,rules,2026-09-13T06:17:30+00:00
2024-05-13,Mon,0,WEEKDAY,0,20,5,May,13,134,2,2024,REGULAR,,,0,0,0,0,0,,,14,Memorial Day,84,Washington's Birthday,,WDW_AFTERHOURS,FLOWER_AND_GARDEN,,,0,,,EPCOT Flower And Garden,,rules,2026-09-13T06:17:30+00:00
2024-05-14,Tue,1,WEEKDAY,0,20,5,May,14,135,2,2024,REGULAR,,,0,0,0,0,0,,,13,Memorial Day,85,Washington's Birthday,,WDW_AFTERHOURS,FLOWER_AND_GARDEN,,,0,,,EPCOT Flower And Garden,,rules,2026-09-13T06:17:30+00:00
2024-05-15,Wed,2,WEEKDAY,0,20,5,May,15,136,2,2024,REGULAR,,,0,0,0,0,0,,,12,Memorial Day,86,Washington's Birthday,,WDW_AFTERHOURS,FLOWER_AND_GARDEN,,,0,,,EPCOT Flower And Garden,,rules,2026-09-13T06:17:30+00:00
2024-05-16,Thu,3,WEEKDAY,0,20,5,May,16,137,2,2024,REGULAR,,,0,0,0,0,0,,,11,Memorial Day,87,Washington's Birthday,,,FLOWER_AND_GARDEN,,,0,,,EPCOT Flower And Garden,,rules,2026-09-13T06:17:30+00:00
2024-05-17,Fri,4,FRI,0,20,5,May,17,138,2,2024,REGULAR,,,0,0,0,0,0,MEMORIAL,-10,10,Memorial Day,88,Washington's Birthday,,,FLOWER_AND_GARDEN,,,0,,,EPCOT Flower And Garden,,rules,2026-09-13T06:17:30+00:00
2024-05-18,Sat,5,SAT,1,20,5,May,18,139,2,2024,REGULAR,,,0,0,0,0,0,MEMORIAL,-9,9,Memorial Day,89,Washington's Birthday,,,FLOWER_AND_GARDEN,,,0,,,EPCOT Flower And Garden,,rules,2026-09-13T06:17:30+00:00
2024-05-19,Sun,6,SUN,1,20,5,May,19,140,2,2024,REGULAR,,,0,0,0,0,0,MEMORIAL,-8,8,Memorial Day,90,Washington's Birthday,,,FLOWER_AND_GARDEN,,,0,,,EPCOT Flower And Garden,,rules,2026-09-13T06:17:30+00:00
2024-05-20,Mon,0,WEEKDAY,0,21,5,May,20,141,2,2024,REGULAR,,,0,0,0,0,0,MEMORIAL,-7,7,Memorial Day,91,Washington's Birthday,,,FLOWER_AND_GARDEN,,,0,,,EPCOT Flower And Garden,,rules,2026-09-13T06:17:30+00:00
2024-05-21,Tue,1,WEEKDAY,0,21,5,May,21,142,2,2024,REGULAR,,,0,0,0,0,0,MEMORIAL,-6,6,Memorial Day,92,Washington's Birthday,,,FLOWER_AND_GARDEN,,,0,,,EPCOT Flower And Garden,,rules,2026-09-13T06:17:30+00:00
2024-05-22,Wed,2,WEEKDAY,0,21,5,May,22,143,2,2024,REGULAR,,,0,0,0,0,0,MEMORIAL,-5,5,Memorial Day,93,Washington's Birthday,,,FLOWER_AND_GARDEN,,,0,,,EPCOT Flower And Garden,,rules,2026-09-13T06:17:30+00:00
2024-05-23,Thu,3,WEEKDAY,0,21,5,May,23,144,2,2024,REGULAR,,,0,0,0,0,0,MEMORIAL,-4,4,Memorial Day,94,Washington's Birthday,,,FLOWER_AND_GARDEN,,,0,,,EPCOT Flower And Garden,,rules,2026-09-13T06:17:30+00:00
2024-05-24,Fri,4,FRI,0,21,5,May,24,145,2,2024,MEMORIAL_WKND,,,0,0,0,1,0,MEMORIAL,-3,3,Memorial Day,95,Washington's Birthday,,,FLOWER_AND_GARDEN,,,0,,,long weekend; memorial wknd; EPCOT Flower And Garden,,rules,2026-09-13T06:17:30+00:00
2024-05-25,Sat,5,SAT,1,21,5,May,25,146,2,2024,MEMORIAL_WKND,,,0,0,0,1,0,MEMORIAL,-2,2,Memorial Day,96,Washington's Birthday,,,FLOWER_AND_GARDEN,,,0,,,long weekend; memorial wknd; EPCOT Flower And Garden,,rules,2026-09-13T06:17:30+00:00
2024-05-26,Sun,6,SUN,1,21,5,May,26,147,2,2024,MEMORIAL_WKND,,,0,1,0,1,0,MEMORIAL,-1,1,Memorial Day,97,Washington's Birthday,,,FLOWER_AND_GARDEN,,,0,,,long weekend; memorial wknd; EPCOT Flower And Garden,,rules,2026-09-13T06:17:30+00:00
2024-05-27,Mon,0,WEEKDAY,0,22,5,May,27,148,2,2024,MEMORIAL_WKND,Memorial Day,federal,1,0,0,1,0,MEMORIAL,0,23,Juneteenth National Independence Day,98,Washington's Birthday,,,FLOWER_AND_GARDEN,,,0,MAY_HALF_TERM,,Memorial Day; memorial wknd; EPCOT Flower And Garden; UK may half term,,rules,2026-09-13T06:17:30+00:00
2024-05-28,Tue,1,WEEKDAY,0,22,5,May,28,149,2,2024,MEMORIAL_WKND,,,0,0,1,0,0,MEMORIAL,1,22,Juneteenth National Independence Day,1,Memorial Day,,,FLOWER_AND_GARDEN,,,0,MAY_HALF_TERM,,memorial wknd; EPCOT Flower And Garden; UK may half term,,rules,2026-09-13T06:17:30+00:00
2024-05-29,Wed,2,WEEKDAY,0,22,5,May,29,150,2,2024,REGULAR,,,0,0,0,0,0,MEMORIAL,2,21,Juneteenth National Independence Day,2,Memorial Day,,,FLOWER_AND_GARDEN,,,0,MAY_HALF_TERM,,EPCOT Flower And Garden; UK may half term,,rules,2026-09-13T06:17:30+00:00
2024-05-30,Thu,3,WEEKDAY,0,22,5,May,30,151,2,2024,REGULAR,,,0,0,0,0,0,MEMORIAL,3,20,Juneteenth National Independence Day,3,Memorial Day,,,FLOWER_AND_GARDEN,,,0,MAY_HALF_TERM,,EPCOT Flower And Garden; UK may half term,,rules,2026-09-13T06:17:30+00:00
2024-05-31,Fri,4,FRI,0,22,5,May,31,152,2,2024,REGULAR,,,0,0,0,0,0,MEMORIAL,4,19,Juneteenth National Independence Day,4,Memorial Day,,,FLOWER_AND_GARDEN,,,0,MAY_HALF_TERM,,EPCOT Flower And Garden; UK may half term,,rules,2026-09-13T06:17:30+00:00
2024-06-01,Sat,5,SAT,1,22,6,Jun,1,153,2,2024,REGULAR,,,0,0,0,0,0,MEMORIAL,5,18,Juneteenth National Independence Day,5,Memorial Day,,,FLOWER_AND_GARDEN,,,0,,,EPCOT Flower And Garden,,rules,2026-09-13T06:17:30+00:00
2024-06-02,Sun,6,SUN,1,22,6,Jun,2,154,2,2024,REGULAR,,,0,0,0,0,0,MEMORIAL,6,17,Juneteenth National Independence Day,6,Memorial Day,,,FLOWER_AND_GARDEN,,,0,,,EPCOT Flower And Garden,,rules,2026-09-13T06:17:30+00:00
2024-06-03,Mon,0,WEEKDAY,0,23,6,Jun,3,155,2,2024,REGULAR,,,0,0,0,0,0,MEMORIAL,7,16,Juneteenth National Independence Day,7,Memorial Day,,,FLOWER_AND_GARDEN,,,0,,,EPCOT Flower And Garden,,rules,2026-09-13T06:17:30+00:00
2024-06-04,Tue,1,WEEKDAY,0,23,6,Jun,4,156,2,2024,REGULAR,,,0,0,0,0,0,MEMORIAL,8,15,Juneteenth National Independence Day,8,Memorial Day,,,FLOWER_AND_GARDEN,,,0,,,EPCOT Flower And Garden,,rules,2026-09-13T06:17:30+00:00
2024-06-05,Wed,2,WEEKDAY,0,23,6,Jun,5,157,2,2024,REGULAR,,,0,0,0,0,0,MEMORIAL,9,14,Juneteenth National Independence Day,9,Memorial Day,,,FLOWER_AND_GARDEN,,,0,,,EPCOT Flower And Garden,,rules,2026-09-13T06:17:30+00:00
2024-06-06,Thu,3,WEEKDAY,0,23,6,Jun,6,158,2,2024,REGULAR,,,0,0,0,0,0,MEMORIAL,10,13,Juneteenth National Independence Day,10,Memorial Day,,,FLOWER_AND_GARDEN,,,0,,,EPCOT Flower And Garden,,rules,2026-09-13T06:17:30+00:00
2024-06-07,Fri,4,FRI,0,23,6,Jun,7,159,2,2024,REGULAR,,,0,0,0,0,0,,,12,Juneteenth National Independence Day,11,Memorial Day,,,FLOWER_AND_GARDEN,,,0,,,EPCOT Flower And Garden,,rules,2026-09-13T06:17:30+00:00
2024-06-08,Sat,5,SAT,1,23,6,Jun,8,160,2,2024,SUMMER_PEAK,,,0,0,0,0,0,,,11,Juneteenth National Independence Day,12,Memorial Day,,,FLOWER_AND_GARDEN,SUMMER,"NE,SOUTH,MIDWEST,WEST,FL",0,,,summer peak; EPCOT Flower And Garden; US school summer,,rules,2026-09-13T06:17:30+00:00
2024-06-09,Sun,6,SUN,1,23,6,Jun,9,161,2,2024,SUMMER_PEAK,,,0,0,0,0,0,,,10,Juneteenth National Independence Day,13,Memorial Day,,,FLOWER_AND_GARDEN,SUMMER,"NE,SOUTH,MIDWEST,WEST,FL",0,,,summer peak; EPCOT Flower And Garden; US school summer,,rules,2026-09-13T06:17:30+00:00
2024-06-10,Mon,0,WEEKDAY,0,24,6,Jun,10,162,2,2024,SUMMER_PEAK,,,0,0,0,0,0,,,9,Juneteenth National Independence Day,14,Memorial Day,,,FLOWER_AND_GARDEN,SUMMER,"NE,SOUTH,MIDWEST,WEST,FL",0,,,summer peak; EPCOT Flower And Garden; US school summer,,rules,2026-09-13T06:17:30+00:00
2024-06-11,Tue,1,WEEKDAY,0,24,6,Jun,11,163,2,2024,SUMMER_PEAK,,,0,0,0,0,0,,,8,Juneteenth National Independence Day,15,Memorial Day,,,FLOWER_AND_GARDEN,SUMMER,"NE,SOUTH,MIDWEST,WEST,FL",0,,,summer peak; EPCOT Flower And Garden; US school summer,,rules,2026-09-13T06:17:30+00:00
2024-06-12,Wed,2,WEEKDAY,0,24,6,Jun,12,164,2,2024,SUMMER_PEAK,,,0,0,0,0,0,,,7,Juneteenth National Independence Day,16,Memorial Day,,,FLOWER_AND_GARDEN,SUMMER,"NE,SOUTH,MIDWEST,WEST,FL",0,,,summer peak; EPCOT Flower And Garden; US school summer,,rules,2026-09-13T06:17:30+00:00
2024-06-13,Thu,3,WEEKDAY,0,24,6,Jun,13,165,2,2024,SUMMER_PEAK,,,0,0,0,0,0,,,6,Juneteenth National Independence Day,17,Memorial Day,,,FLOWER_AND_GARDEN,SUMMER,"NE,SOUTH,MIDWEST,WEST,FL",0,,,summer peak; EPCOT Flower And Garden; US school summer,,rules,2026-09-13T06:17:30+00:00
2024-06-14,Fri,4,FRI,0,24,6,Jun,14,166,2,2024,SUMMER_PEAK,,,0,0,0,0,0,,,5,Juneteenth National Independence Day,18,Memorial Day,,,FLOWER_AND_GARDEN,SUMMER,"NE,SOUTH,MIDWEST,WEST,FL",0,,,summer peak; EPCOT Flower And Garden; US school summer,,rules,2026-09-13T06:17:30+00:00
2024-06-15,Sat,5,SAT,1,24,6,Jun,15,167,2,2024,SUMMER_PEAK,,,0,0,0,0,0,,,4,Juneteenth National Independence Day,19,Memorial Day,,,FLOWER_AND_GARDEN,SUMMER,"NE,SOUTH,MIDWEST,WEST,FL",0,,,summer peak; EPCOT Flower And Garden; US school summer,,rules,2026-09-13T06:17:30+00:00
2024-06-16,Sun,6,SUN,1,24,6,Jun,16,168,2,2024,SUMMER_PEAK,,,0,0,0,0,0,,,3,Juneteenth National Independence Day,20,Memorial Day,,,FLOWER_AND_GARDEN,SUMMER,"NE,SOUTH,MIDWEST,WEST,FL",0,,,summer peak; EPCOT Flower And Garden; US school summer,,rules,2026-09-13T06:17:30+00:00
2024-06-17,Mon,0,WEEKDAY,0,25,6,Jun,17,169,2,2024,SUMMER_PEAK,,,0,0,0,0,0,,,2,Juneteenth National Independence Day,21,Memorial Day,,,FLOWER_AND_GARDEN,SUMMER,"NE,SOUTH,MIDWEST,WEST,FL",0,,,summer peak; EPCOT Flower And Garden; US school summer,,rules,2026-09-13T06:17:30+00:00
2024-06-18,Tue,1,WEEKDAY,0,25,6,Jun,18,170,2,2024,SUMMER_PEAK,,,0,1,0,0,0,,,1,Juneteenth National Independence Day,22,Memorial Day,,,FLOWER_AND_GARDEN,SUMMER,"NE,SOUTH,MIDWEST,WEST,FL",0,,,summer peak; EPCOT Flower And Garden; US school summer,,rules,2026-09-13T06:17:30+00:00
2024-06-19,Wed,2,WEEKDAY,0,25,6,Jun,19,171,2,2024,SUMMER_PEAK,Juneteenth National Independence Day,federal,1,0,0,0,0,,,15,Independence Day,23,Memorial Day,,,FLOWER_AND_GARDEN,SUMMER,"NE,SOUTH,MIDWEST,WEST,FL",0,,,Juneteenth National Independence Day; summer peak; EPCOT Flower And Garden; US school summer,,rules,2026-09-13T06:17:30+00:00
2024-06-20,Thu,3,WEEKDAY,0,25,6,Jun,20,172,2,2024,SUMMER_PEAK,,,0,0,1,0,0,,,14,Independence Day,1,Juneteenth National Independence Day,,,FLOWER_AND_GARDEN,SUMMER,"NE,SOUTH,MIDWEST,WEST,FL",0,,,summer peak; EPCOT Flower And Garden; US school summer,,rules,2026-09-13T06:17:30+00:00
2024-06-21,Fri,4,FRI,0,25,6,Jun,21,173,2,2024,SUMMER_PEAK,,,0,0,0,0,0,,,13,Independence Day,2,Juneteenth National Independence Day,,,FLOWER_AND_GARDEN,SUMMER,"NE,SOUTH,MIDWEST,WEST,FL",0,,,summer peak; EPCOT Flower And Garden; US school summer,,rules,2026-09-13T06:17:30+00:00
2024-06-22,Sat,5,SAT,1,25,6,Jun,22,174,2,2024,SUMMER_PEAK,,,0,0,0,0,0,,,12,Independence Day,3,Juneteenth National Independence Day,,,FLOWER_AND_GARDEN,SUMMER,"NE,SOUTH,MIDWEST,WEST,FL",0,,,summer peak; EPCOT Flower And Garden; US school summer,,rules,2026-09-13T06:17:30+00:00
2024-06-23,Sun,6,SUN,1,25,6,Jun,23,175,2,2024,SUMMER_PEAK,,,0,0,0,0,0,,,11,Independence Day,4,Juneteenth National Independence Day,,,FLOWER_AND_GARDEN,SUMMER,"NE,SOUTH,MIDWEST,WEST,FL",0,,,summer peak; EPCOT Flower And Garden; US school summer,,rules,2026-09-13T06:17:30+00:00
2024-06-24,Mon,0,WEEKDAY,0,26,6,Jun,24,176,2,2024,SUMMER_PEAK,,,0,0,0,0,0,JULY4,-10,10,Independence Day,5,Juneteenth National Independence Day,,,FLOWER_AND_GARDEN,SUMMER,"NE,SOUTH,MIDWEST,WEST,FL",0,,,summer peak; EPCOT Flower And Garden; US school summer,,rules,2026-09-13T06:17:30+00:00
2024-06-25,Tue,1,WEEKDAY,0,26,6,Jun,25,177,2,2024,SUMMER_PEAK,,,0,0,0,0,0,JULY4,-9,9,Independence Day,6,Juneteenth National Independence Day,,,FLOWER_AND_GARDEN,SUMMER,"NE,SOUTH,MIDWEST,WEST,FL",0,,,summer peak; EPCOT Flower And Garden; US school summer,,rules,2026-09-13T06:17:30+00:00
2024-06-26,Wed,2,WEEKDAY,0,26,6,Jun,26,178,2,2024,SUMMER_PEAK,,,0,0,0,0,0,JULY4,-8,8,Independence Day,7,Juneteenth National Independence Day,,,FLOWER_AND_GARDEN,SUMMER,"NE,SOUTH,MIDWEST,WEST,FL",0,,,summer peak; EPCOT Flower And Garden; US school summer,,rules,2026-09-13T06:17:30+00:00
2024-06-27,Thu,3,WEEKDAY,0,26,6,Jun,27,179,2,2024,SUMMER_PEAK,,,0,0,0,0,0,JULY4,-7,7,Independence Day,8,Juneteenth National Independence Day,,,FLOWER_AND_GARDEN,SUMMER,"NE,SOUTH,MIDWEST,WEST,FL",0,,,summer peak; EPCOT Flower And Garden; US school summer,,rules,2026-09-13T06:17:30+00:00
2024-06-28,Fri,4,FRI,0,26,6,Jun,28,180,2,2024,SUMMER_PEAK,,,0,0,0,0,0,JULY4,-6,6,Independence Day,9,Juneteenth National Independence Day,,,FLOWER_AND_GARDEN,SUMMER,"NE,SOUTH,MIDWEST,WEST,FL",0,,,summer peak; EPCOT Flower And Garden; US school summer,,rules,2026-09-13T06:17:30+00:00
2024-06-29,Sat,5,SAT,1,26,6,Jun,29,181,2,2024,SUMMER_PEAK,,,0,0,0,0,0,JULY4,-5,5,Independence Day,10,Juneteenth National Independence Day,,,FLOWER_AND_GARDEN,SUMMER,"NE,SOUTH,MIDWEST,WEST,FL",0,,,summer peak; EPCOT Flower And Garden; US school summer,,rules,2026-09-13T06:17:30+00:00
2024-06-30,Sun,6,SUN,1,26,6,Jun,30,182,2,2024,SUMMER_PEAK,,,0,0,0,0,0,JULY4,-4,4,Independence Day,11,Juneteenth National Independence Day,,,FLOWER_AND_GARDEN,SUMMER,"NE,SOUTH,MIDWEST,WEST,FL",0,,,summer peak; EPCOT Flower And Garden; US school summer,,rules,2026-09-13T06:17:30+00:00
2024-07-01,Mon,0,WEEKDAY,0,27,7,Jul,1,183,3,2024,JULY4_WK,,,0,0,0,0,0,JULY4,-3,3,Independence Day,12,Juneteenth National Independence Day,,,FLOWER_AND_GARDEN,SUMMER,"NE,SOUTH,MIDWEST,WEST,FL",0,,WINTER,july4 wk; EPCOT Flower And Garden; US school summer; Brazil winter,,rules,2026-09-13T06:17:30+00:00
2024-07-02,Tue,1,WEEKDAY,0,27,7,Jul,2,184,3,2024,JULY4_WK,,,0,0,0,0,0,JULY4,-2,2,Independence Day,13,Juneteenth National Independence Day,,,FLOWER_AND_GARDEN,SUMMER,"NE,SOUTH,MIDWEST,WEST,FL",0,,WINTER,july4 wk; EPCOT Flower And Garden; US school summer; Brazil winter,,rules,2026-09-13T06:17:30+00:00
2024-07-03,Wed,2,WEEKDAY,0,27,7,Jul,3,185,3,2024,JULY4_WK,,,0,1,0,0,0,JULY4,-1,1,Independence Day,14,Juneteenth National Independence Day,,,FLOWER_AND_GARDEN,SUMMER,"NE,SOUTH,MIDWEST,WEST,FL",0,,WINTER,july4 wk; EPCOT Flower And Garden; US school summer; Brazil winter,,rules,2026-09-13T06:17:30+00:00
2024-07-04,Thu,3,WEEKDAY,0,27,7,Jul,4,186,3,2024,JULY4_WK,Independence Day,federal,1,0,0,0,0,JULY4,0,60,Labor Day,15,Juneteenth National Independence Day,,,FLOWER_AND_GARDEN,SUMMER,"NE,SOUTH,MIDWEST,WEST,FL",0,,WINTER,Independence Day; july4 wk; EPCOT Flower And Garden; US school summer; Brazil winter,,rules,2026-09-13T06:17:30+00:00
2024-07-05,Fri,4,FRI,0,27,7,Jul,5,187,3,2024,JULY4_WK,,,0,0,1,0,1,JULY4,1,59,Labor Day,1,Independence Day,,,FLOWER_AND_GARDEN,SUMMER,"NE,SOUTH,MIDWEST,WEST,FL",0,,WINTER,july4 wk; EPCOT Flower And Garden; US school summer; Brazil winter,,rules,2026-09-13T06:17:30+00:00
2024-07-06,Sat,5,SAT,1,27,7,Jul,6,188,3,2024,JULY4_WK,,,0,0,0,0,0,JULY4,2,58,Labor Day,2,Independence Day,,,FLOWER_AND_GARDEN,SUMMER,"NE,SOUTH,MIDWEST,WEST,FL",0,,WINTER,july4 wk; EPCOT Flower And Garden; US school summer; Brazil winter,,rules,2026-09-13T06:17:30+00:00
2024-07-07,Sun,6,SUN,1,27,7,Jul,7,189,3,2024,JULY4_WK,,,0,0,0,0,0,JULY4,3,57,Labor Day,3,Independence Day,,,,SUMMER,"NE,SOUTH,MIDWEST,WEST,FL",0,,WINTER,july4 wk; US school summer; Brazil winter,,rules,2026-09-13T06:17:30+00:00
2024-07-08,Mon,0,WEEKDAY,0,28,7,Jul,8,190,3,2024,SUMMER_PEAK,,,0,0,0,0,0,JULY4,4,56,Labor Day,4,Independence Day,,,,SUMMER,"NE,SOUTH,MIDWEST,WEST,FL",0,,WINTER,summer peak; US school summer; Brazil winter,,rules,2026-09-13T06:17:30+00:00
2024-07-09,Tue,1,WEEKDAY,0,28,7,Jul,9,191,3,2024,SUMMER_PEAK,,,0,0,0,0,0,JULY4,5,55,Labor Day,5,Independence Day,,,,SUMMER,"NE,SOUTH,MIDWEST,WEST,FL",0,,WINTER,summer peak; US school summer; Brazil winter,,rules,2026-09-13T06:17:30+00:00
2024-07-10,Wed,2,WEEKDAY,0,28,7,Jul,10,192,3,2024,SUMMER_PEAK,,,0,0,0,0,0,JULY4,6,54,Labor Day,6,Independence Day,,,,SUMMER,"NE,SOUTH,MIDWEST,WEST,FL",0,,WINTER,summer peak; US school summer; Brazil winter,,rules,2026-09-13T06:17:30+00:00
2024-07-11,Thu,3,WEEKDAY,0,28,7,Jul,11,193,3,2024,SUMMER_PEAK,,,0,0,0,0,0,JULY4,7,53,Labor Day,7,Independence Day,,,,SUMMER,"NE,SOUTH,MIDWEST,WEST,FL",0,,WINTER,summer peak; US school summer; Brazil winter,,rules,2026-09-13T06:17:30+00:00
2024-07-12,Fri,4,FRI,0,28,7,Jul,12,194,3,2024,SUMMER_PEAK,,,0,0,0,0,0,JULY4,8,52,Labor Day,8,Independence Day,,,,SUMMER,"NE,SOUTH,MIDWEST,WEST,FL",0,,WINTER,summer peak; US school summer; Brazil winter,,rules,2026-09-13T06:17:30+00:00
2024-07-13,Sat,5,SAT,1,28,7,Jul,13,195,3,2024,SUMMER_PEAK,,,0,0,0,0,0,JULY4,9,51,Labor Day,9,Independence Day,,,,SUMMER,"NE,SOUTH,MIDWEST,WEST,FL",0,,WINTER,summer peak; US school summer; Brazil winter,,rules,2026-09-13T06:17:30+00:00
2024-07-14,Sun,6,SUN,1,28,7,Jul,14,196,3,2024,SUMMER_PEAK,,,0,0,0,0,0,JULY4,10,50,Labor Day,10,Independence Day,,,,SUMMER,"NE,SOUTH,MIDWEST,WEST,FL",0,,WINTER,summer peak; US school summer; Brazil winter,,rules,2026-09-13T06:17:30+00:00
2024-07-15,Mon,0,WEEKDAY,0,29,7,Jul,15,197,3,2024,SUMMER_PEAK,,,0,0,0,0,0,,,49,Labor Day,11,Independence Day,,,,SUMMER,"NE,SOUTH,MIDWEST,WEST,FL",0,,WINTER,summer peak; US school summer; Brazil winter,,rules,2026-09-13T06:17:30+00:00
2024-07-16,Tue,1,WEEKDAY,0,29,7,Jul,16,198,3,2024,SUMMER_PEAK,,,0,0,0,0,0,,,48,Labor Day,12,Independence Day,,,,SUMMER,"NE,SOUTH,MIDWEST,WEST,FL",0,,WINTER,summer peak; US school summer; Brazil winter,,rules,2026-09-13T06:17:30+00:00
2024-07-17,Wed,2,WEEKDAY,0,29,7,Jul,17,199,3,2024,SUMMER_PEAK,,,0,0,0,0,0,,,47,Labor Day,13,Independence Day,,,,SUMMER,"NE,SOUTH,MIDWEST,WEST,FL",0,,WINTER,summer peak; US school summer; Brazil winter,,rules,2026-09-13T06:17:30+00:00
2024-07-18,Thu,3,WEEKDAY,0,29,7,Jul,18,200,3,2024,SUMMER_PEAK,,,0,0,0,0,0,,,46,Labor Day,14,Independence Day,,,,SUMMER,"NE,SOUTH,MIDWEST,WEST,FL",0,,WINTER,summer peak; US school summer; Brazil winter,,rules,2026-09-13T06:17:30+00:00
2024-07-19,Fri,4,FRI,0,29,7,Jul,19,201,3,2024,SUMMER_PEAK,,,0,0,0,0,0,,,45,Labor Day,15,Independence Day,,,,SUMMER,"NE,SOUTH,MIDWEST,WEST,FL",0,,WINTER,summer peak; US school summer; Brazil winter,,rules,2026-09-13T06:17:30+00:00
2024-07-20,Sat,5,SAT,1,29,7,Jul,20,202,3,2024,SUMMER_PEAK,,,0,0,0,0,0,,,44,Labor Day,16,Independence Day,,,,SUMMER,"NE,SOUTH,MIDWEST,WEST,FL",0,,WINTER,summer peak; US school summer; Brazil winter,,rules,2026-09-13T06:17:30+00:00
2024-07-21,Sun,6,SUN,1,29,7,Jul,21,203,3,2024,SUMMER_PEAK,,,0,0,0,0,0,,,43,Labor Day,17,Independence Day,,,,SUMMER,"NE,SOUTH,MIDWEST,WEST,FL",0,,WINTER,summer peak; US school summer; Brazil winter,,rules,2026-09-13T06:17:30+00:00
2024-07-22,Mon,0,WEEKDAY,0,30,7,Jul,22,204,3,2024,SUMMER_PEAK,,,0,0,0,0,0,,,42,Labor Day,18,Independence Day,,,,SUMMER,"NE,SOUTH,MIDWEST,WEST,FL",0,,WINTER,summer peak; US school summer; Brazil winter,,rules,2026-09-13T06:17:30+00:00
2024-07-23,Tue,1,WEEKDAY,0,30,7,Jul,23,205,3,2024,SUMMER_PEAK,,,0,0,0,0,0,,,41,Labor Day,19,Independence Day,,,,SUMMER,"NE,SOUTH,MIDWEST,WEST,FL",0,SUMMER,WINTER,summer peak; US school summer; UK summer; Brazil winter,,rules,2026-09-13T06:17:30+00:00
2024-07-24,Wed,2,WEEKDAY,0,30,7,Jul,24,206,3,2024,SUMMER_PEAK,,,0,0,0,0,0,,,40,Labor Day,20,Independence Day,,,,SUMMER,"NE,SOUTH,MIDWEST,WEST,FL",0,SUMMER,WINTER,summer peak; US school summer; UK summer; Brazil winter,,rules,2026-09-13T06:17:30+00:00
2024-07-25,Thu,3,WEEKDAY,0,30,7,Jul,25,207,3,2024,SUMMER_PEAK,,,0,0,0,0,0,,,39,Labor Day,21,Independence Day,,,,SUMMER,"NE,SOUTH,MIDWEST,WEST,FL",0,SUMMER,WINTER,summer peak; US school summer; UK summer; Brazil winter,,rules,2026-09-13T06:17:30+00:00
2024-07-26,Fri,4,FRI,0,30,7,Jul,26,208,3,2024,SUMMER_PEAK,,,0,0,0,0,0,,,38,Labor Day,22,Independence Day,,,,SUMMER,"NE,SOUTH,MIDWEST,WEST,FL",0,SUMMER,WINTER,summer peak; US school summer; UK summer; Brazil winter,,rules,2026-09-13T06:17:30+00:00
2024-07-27,Sat,5,SAT,1,30,7,Jul,27,209,3,2024,SUMMER_PEAK,,,0,0,0,0,0,,,37,Labor Day,23,Independence Day,,,,SUMMER,"NE,SOUTH,MIDWEST,WEST,FL",0,SUMMER,WINTER,summer peak; US school summer; UK summer; Brazil winter,,rules,2026-09-13T06:17:30+00:00
2024-07-28,Sun,6,SUN,1,30,7,Jul,28,210,3,2024,SUMMER_PEAK,,,0,0,0,0,0,,,36,Labor Day,24,Independence Day,,,,SUMMER,"NE,SOUTH,MIDWEST,WEST,FL",0,SUMMER,WINTER,summer peak; US school summer; UK summer; Brazil winter,,rules,2026-09-13T06:17:30+00:00
2024-07-29,Mon,0,WEEKDAY,0,31,7,Jul,29,211,3,2024,SUMMER_PEAK,,,0,0,0,0,0,,,35,Labor Day,25,Independence Day,,,,SUMMER,"NE,SOUTH,MIDWEST,WEST,FL",0,SUMMER,WINTER,summer peak; US school summer; UK summer; Brazil winter,,rules,2026-09-13T06:17:30+00:00
2024-07-30,Tue,1,WEEKDAY,0,31,7,Jul,30,212,3,2024,SUMMER_PEAK,,,0,0,0,0,0,,,34,Labor Day,26,Independence Day,,,,SUMMER,"NE,SOUTH,MIDWEST,WEST,FL",0,SUMMER,WINTER,summer peak; US school summer; UK summer; Brazil winter,,rules,2026-09-13T06:17:30+00:00
2024-07-31,Wed,2,WEEKDAY,0,31,7,Jul,31,213,3,2024,SUMMER_PEAK,,,0,0,0,0,0,,,33,Labor Day,27,Independence Day,,,,SUMMER,"NE,SOUTH,MIDWEST,WEST,FL",0,SUMMER,WINTER,summer peak; US school summer; UK summer; Brazil winter,,rules,2026-09-13T06:17:30+00:00
2024-08-01,Thu,3,WEEKDAY,0,31,8,Aug,1,214,3,2024,SUMMER_PEAK,,,0,0,0,0,0,,,32,Labor Day,28,Independence Day,,,,SUMMER,"NE,SOUTH,MIDWEST,WEST,FL",0,SUMMER,,summer peak; US school summer; UK summer,,rules,2026-09-13T06:17:30+00:00
2024-08-02,Fri,4,FRI,0,31,8,Aug,2,215,3,2024,SUMMER_PEAK,,,0,0,0,0,0,,,31,Labor Day,29,Independence Day,,,,SUMMER,"NE,SOUTH,MIDWEST,WEST,FL",0,SUMMER,,summer peak; US school summer; UK summer,,rules,2026-09-13T06:17:30+00:00
2024-08-03,Sat,5,SAT,1,31,8,Aug,3,216,3,2024,SUMMER_PEAK,,,0,0,0,0,0,,,30,Labor Day,30,Independence Day,,,,SUMMER,"NE,SOUTH,MIDWEST,WEST,FL",0,SUMMER,,summer peak; US school summer; UK summer,,rules,2026-09-13T06:17:30+00:00
2024-08-04,Sun,6,SUN,1,31,8,Aug,4,217,3,2024,SUMMER_PEAK,,,0,0,0,0,0,,,29,Labor Day,31,Independence Day,,,,SUMMER,"NE,SOUTH,MIDWEST,WEST,FL",0,SUMMER,,summer peak; US school summer; UK summer,,rules,2026-09-13T06:17:30+00:00
2024-08-05,Mon,0,WEEKDAY,0,32,8,Aug,5,218,3,2024,SUMMER_PEAK,,,0,0,0,0,0,,,28,Labor Day,32,Independence Day,,,,SUMMER,"NE,SOUTH,MIDWEST,WEST,FL",0,SUMMER,,summer peak; US school summer; UK summer,,rules,2026-09-13T06:17:30+00:00
2024-08-06,Tue,1,WEEKDAY,0,32,8,Aug,6,219,3,2024,SUMMER_PEAK,,,0,0,0,0,0,,,27,Labor Day,33,Independence Day,,,,SUMMER,"NE,SOUTH,MIDWEST,WEST,FL",0,SUMMER,,summer peak; US school summer; UK summer,,rules,2026-09-13T06:17:30+00:00
2024-08-07,Wed,2,WEEKDAY,0,32,8,Aug,7,220,3,2024,SUMMER_PEAK,,,0,0,0,0,0,,,26,Labor Day,34,Independence Day,,,,SUMMER,"NE,SOUTH,MIDWEST,WEST,FL",0,SUMMER,,summer peak; US school summer; UK summer,,rules,2026-09-13T06:17:30+00:00
2024-08-08,Thu,3,WEEKDAY,0,32,8,Aug,8,221,3,2024,SUMMER_PEAK,,,0,0,0,0,0,,,25,Labor Day,35,Independence Day,,WDW_HALLOWEEN,,SUMMER,"NE,SOUTH,MIDWEST,WEST,FL",0,SUMMER,,summer peak; US school summer; UK summer,,rules,2026-09-13T06:17:30+00:00
2024-08-09,Fri,4,FRI,0,32,8,Aug,9,222,3,2024,SUMMER_PEAK,,,0,0,0,0,0,,,24,Labor Day,36,Independence Day,,WDW_HALLOWEEN,,SUMMER,"NE,SOUTH,MIDWEST,WEST,FL",0,SUMMER,,summer peak; US school summer; UK summer,,rules,2026-09-13T06:17:30+00:00
2024-08-10,Sat,5,SAT,1,32,8,Aug,10,223,3,2024,SUMMER_PEAK,,,0,0,0,0,0,,,23,Labor Day,37,Independence Day,,WDW_HALLOWEEN,,SUMMER,"NE,SOUTH,MIDWEST,WEST,FL",0,SUMMER,,summer peak; US school summer; UK summer,,rules,2026-09-13T06:17:30+00:00
2024-08-11,Sun,6,SUN,1,32,8,Aug,11,224,3,2024,LATE_SUMMER,,,0,0,0,0,0,,,22,Labor Day,38,Independence Day,,WDW_HALLOWEEN,,SUMMER,"NE,SOUTH,MIDWEST,WEST,FL",0,SUMMER,,late summer; US school summer; UK summer,,rules,2026-09-13T06:17:30+00:00
2024-08-12,Mon,0,WEEKDAY,0,33,8,Aug,12,225,3,2024,LATE_SUMMER,,,0,0,0,0,0,,,21,Labor Day,39,Independence Day,,WDW_HALLOWEEN,,SUMMER,"NE,SOUTH,MIDWEST,WEST,FL",0,SUMMER,,late summer; US school summer; UK summer,,rules,2026-09-13T06:17:30+00:00
2024-08-13,Tue,1,WEEKDAY,0,33,8,Aug,13,226,3,2024,LATE_SUMMER,,,0,0,0,0,0,,,20,Labor Day,40,Independence Day,,WDW_HALLOWEEN,,SUMMER,"NE,SOUTH,MIDWEST,WEST,FL",0,SUMMER,,late summer; US school summer; UK summer,,rules,2026-09-13T06:17:30+00:00
2024-08-14,Wed,2,WEEKDAY,0,33,8,Aug,14,227,3,2024,LATE_SUMMER,,,0,0,0,0,0,,,19,Labor Day,41,Independence Day,,WDW_HALLOWEEN,,SUMMER,"NE,SOUTH,MIDWEST,WEST,FL",0,SUMMER,,late summer; US school summer; UK summer,,rules,2026-09-13T06:17:30+00:00
2024-08-15,Thu,3,WEEKDAY,0,33,8,Aug,15,228,3,2024,LATE_SUMMER,,,0,0,0,0,0,,,18,Labor Day,42,Independence Day,HALLOWEEN_SEASON,WDW_HALLOWEEN,,SUMMER,"NE,SOUTH,MIDWEST,WEST,FL",0,SUMMER,,late summer; halloween season; US school summer; UK summer,,rules,2026-09-13T06:17:30+00:00
2024-08-16,Fri,4,FRI,0,33,8,Aug,16,229,3,2024,LATE_SUMMER,,,0,0,0,0,0,,,17,Labor Day,43,Independence Day,HALLOWEEN_SEASON,WDW_HALLOWEEN,,SUMMER,"NE,SOUTH,MIDWEST,WEST,FL",0,SUMMER,,late summer; halloween season; US school summer; UK summer,,rules,2026-09-13T06:17:30+00:00
2024-08-17,Sat,5,SAT,1,33,8,Aug,17,230,3,2024,LATE_SUMMER,,,0,0,0,0,0,,,16,Labor Day,44,Independence Day,HALLOWEEN_SEASON,WDW_HALLOWEEN,,,,0,SUMMER,,late summer; halloween season; UK summer,,rules,2026-09-13T06:17:30+00:00
2024-08-18,Sun,6,SUN,1,33,8,Aug,18,231,3,2024,LATE_SUMMER,,,0,0,0,0,0,,,15,Labor Day,45,Independence Day,HALLOWEEN_SEASON,WDW_HALLOWEEN,,,,0,SUMMER,,late summer; halloween season; UK summer,,rules,2026-09-13T06:17:30+00:00
2024-08-19,Mon,0,WEEKDAY,0,34,8,Aug,19,232,3,2024,LATE_SUMMER,,,0,0,0,0,0,,,14,Labor Day,46,Independence Day,HALLOWEEN_SEASON,WDW_HALLOWEEN,,,,0,SUMMER,,late summer; halloween season; UK summer,,rules,2026-09-13T06:17:30+00:00
2024-08-20,Tue,1,WEEKDAY,0,34,8,Aug,20,233,3,2024,LATE_SUMMER,,,0,0,0,0,0,,,13,Labor Day,47,Independence Day,HALLOWEEN_SEASON,WDW_HALLOWEEN,,,,0,SUMMER,,late summer; halloween season; UK summer,,rules,2026-09-13T06:17:30+00:00
2024-08-21,Wed,2,WEEKDAY,0,34,8,Aug,21,234,3,2024,LATE_SUMMER,,,0,0,0,0,0,,,12,Labor Day,48,Independence Day,HALLOWEEN_SEASON,WDW_HALLOWEEN,,,,0,SUMMER,,late summer; halloween season; UK summer,,rules,2026-09-13T06:17:30+00:00
2024-08-22,Thu,3,WEEKDAY,0,34,8,Aug,22,235,3,2024,LATE_SUMMER,,,0,0,0,0,0,,,11,Labor Day,49,Independence Day,HALLOWEEN_SEASON,WDW_HALLOWEEN,,,,0,SUMMER,,late summer; halloween season; UK summer,,rules,2026-09-13T06:17:30+00:00
2024-08-23,Fri,4,FRI,0,34,8,Aug,23,236,3,2024,LATE_SUMMER,,,0,0,0,0,0,LABOR,-10,10,Labor Day,50,Independence Day,HALLOWEEN_SEASON,WDW_HALLOWEEN,,,,0,SUMMER,,late summer; halloween season; UK summer,,rules,2026-09-13T06:17:30+00:00
2024-08-24,Sat,5,SAT,1,34,8,Aug,24,237,3,2024,LATE_SUMMER,,,0,0,0,0,0,LABOR,-9,9,Labor Day,51,Independence Day,HALLOWEEN_SEASON,WDW_HALLOWEEN,,,,0,SUMMER,,late summer; halloween season; UK summer,,rules,2026-09-13T06:17:30+00:00
2024-08-25,Sun,6,SUN,1,34,8,Aug,25,238,3,2024,LATE_SUMMER,,,0,0,0,0,0,LABOR,-8,8,Labor Day,52,Independence Day,HALLOWEEN_SEASON,WDW_HALLOWEEN,,,,0,SUMMER,,late summer; halloween season; UK summer,,rules,2026-09-13T06:17:30+00:00
2024-08-26,Mon,0,WEEKDAY,0,35,8,Aug,26,239,3,2024,LATE_SUMMER,,,0,0,0,0,0,LABOR,-7,7,Labor Day,53,Independence Day,HALLOWEEN_SEASON,WDW_HALLOWEEN,,,,0,SUMMER,,late summer; halloween season; UK summer,,rules,2026-09-13T06:17:30+00:00
2024-08-27,Tue,1,WEEKDAY,0,35,8,Aug,27,240,3,2024,LATE_SUMMER,,,0,0,0,0,0,LABOR,-6,6,Labor Day,54,Independence Day,HALLOWEEN_SEASON,WDW_HALLOWEEN,FOOD_AND_WINE,,,0,SUMMER,,late summer; halloween season; EPCOT Food And Wine; UK summer,,rules,2026-09-13T06:17:30+00:00
2024-08-28,Wed,2,WEEKDAY,0,35,8,Aug,28,241,3,2024,LATE_SUMMER,,,0,0,0,0,0,LABOR,-5,5,Labor Day,55,Independence Day,HALLOWEEN_SEASON,WDW_HALLOWEEN,FOOD_AND_WINE,,,0,SUMMER,,late summer; halloween season; EPCOT Food And Wine; UK summer,,rules,2026-09-13T06:17:30+00:00
2024-08-29,Thu,3,WEEKDAY,0,35,8,Aug,29,242,3,2024,LATE_SUMMER,,,0,0,0,0,0,LABOR,-4,4,Labor Day,56,Independence Day,HALLOWEEN_SEASON,"UOR_HHN,WDW_HALLOWEEN",FOOD_AND_WINE,,,0,SUMMER,,late summer; halloween season; EPCOT Food And Wine; UK summer,,rules,2026-09-13T06:17:30+00:00
2024-08-30,Fri,4,FRI,0,35,8,Aug,30,243,3,2024,LABOR_WKND,,,0,0,0,1,0,LABOR,-3,3,Labor Day,57,Independence Day,HALLOWEEN_SEASON,"UOR_HHN,WDW_HALLOWEEN",FOOD_AND_WINE,,,0,SUMMER,,long weekend; labor wknd; halloween season; EPCOT Food And Wine; UK summer,,rules,2026-09-13T06:17:30+00:00
2024-08-31,Sat,5,SAT,1,35,8,Aug,31,244,3,2024,LABOR_WKND,,,0,0,0,1,0,LABOR,-2,2,Labor Day,58,Independence Day,HALLOWEEN_SEASON,"UOR_HHN,WDW_HALLOWEEN",FOOD_AND_WINE,,,0,SUMMER,,long weekend; labor wknd; halloween season; EPCOT Food And Wine; UK summer,,rules,2026-09-13T06:17:30+00:00
2024-09-01,Sun,6,SUN,1,35,9,Sep,1,245,3,2024,LABOR_WKND,,,0,1,0,1,0,LABOR,-1,1,Labor Day,59,Independence Day,HALLOWEEN_SEASON,"UOR_HHN,WDW_HALLOWEEN",FOOD_AND_WINE,,,0,SUMMER,,long weekend; labor wknd; halloween season; EPCOT Food And Wine; UK summer,,rules,2026-09-13T06:17:30+00:00
2024-09-02,Mon,0,WEEKDAY,0,36,9,Sep,2,246,3,2024,LABOR_WKND,Labor Day,federal,1,0,0,1,0,LABOR,0,42,Columbus Day,60,Independence Day,HALLOWEEN_SEASON,"UOR_HHN,WDW_HALLOWEEN",FOOD_AND_WINE,,,0,,,Labor Day; labor wknd; halloween season; EPCOT Food And Wine,,rules,2026-09-13T06:17:30+00:00
2024-09-03,Tue,1,WEEKDAY,0,36,9,Sep,3,247,3,2024,LABOR_WKND,,,0,0,1,0,0,LABOR,1,41,Columbus Day,1,Labor Day,HALLOWEEN_SEASON,"UOR_HHN,WDW_HALLOWEEN",FOOD_AND_WINE,,,0,,,labor wknd; halloween season; EPCOT Food And Wine,,rules,2026-09-13T06:17:30+00:00
2024-09-04,Wed,2,WEEKDAY,0,36,9,Sep,4,248,3,2024,FALL_OFFPEAK,,,0,0,0,0,0,LABOR,2,40,Columbus Day,2,Labor Day,HALLOWEEN_SEASON,"UOR_HHN,WDW_HALLOWEEN",FOOD_AND_WINE,,,0,,,fall offpeak; halloween season; EPCOT Food And Wine,,rules,2026-09-13T06:17:30+00:00
2024-09-05,Thu,3,WEEKDAY,0,36,9,Sep,5,249,3,2024,FALL_OFFPEAK,,,0,0,0,0,0,LABOR,3,39,Columbus Day,3,Labor Day,HALLOWEEN_SEASON,"SEA_HOS,UOR_HHN,WDW_HALLOWEEN",FOOD_AND_WINE,,,0,,,fall offpeak; halloween season; EPCOT Food And Wine,,rules,2026-09-13T06:17:30+00:00
2024-09-06,Fri,4,FRI,0,36,9,Sep,6,250,3,2024,FALL_OFFPEAK,,,0,0,0,0,0,LABOR,4,38,Columbus Day,4,Labor Day,HALLOWEEN_SEASON,"SEA_HOS,UOR_HHN,WDW_HALLOWEEN",FOOD_AND_WINE,,,0,,,fall offpeak; halloween season; EPCOT Food And Wine,,rules,2026-09-13T06:17:30+00:00
2024-09-07,Sat,5,SAT,1,36,9,Sep,7,251,3,2024,FALL_OFFPEAK,,,0,0,0,0,0,LABOR,5,37,Columbus Day,5,Labor Day,HALLOWEEN_SEASON,"SEA_HOS,UOR_HHN,WDW_HALLOWEEN",FOOD_AND_WINE,,,0,,,fall offpeak; halloween season; EPCOT Food And Wine,,rules,2026-09-13T06:17:30+00:00
2024-09-08,Sun,6,SUN,1,36,9,Sep,8,252,3,2024,FALL_OFFPEAK,,,0,0,0,0,0,LABOR,6,36,Columbus Day,6,Labor Day,HALLOWEEN_SEASON,"SEA_HOS,UOR_HHN,WDW_HALLOWEEN",FOOD_AND_WINE,,,0,,,fall offpeak; halloween season; EPCOT Food And Wine,,rules,2026-09-13T06:17:30+00:00
2024-09-09,Mon,0,WEEKDAY,0,37,9,Sep,9,253,3,2024,FALL_OFFPEAK,,,0,0,0,0,0,LABOR,7,35,Columbus Day,7,Labor Day,HALLOWEEN_SEASON,"SEA_HOS,UOR_HHN,WDW_HALLOWEEN",FOOD_AND_WINE,,,0,,,fall offpeak; halloween season; EPCOT Food And Wine,,rules,2026-09-13T06:17:30+00:00
2024-09-10,Tue,1,WEEKDAY,0,37,9,Sep,10,254,3,2024,FALL_OFFPEAK,,,0,0,0,0,0,LABOR,8,34,Columbus Day,8,Labor Day,HALLOWEEN_SEASON,"SEA_HOS,UOR_HHN,WDW_HALLOWEEN",FOOD_AND_WINE,,,0,,,fall offpeak; halloween season; EPCOT Food And Wine,,rules,2026-09-13T06:17:30+00:00
2024-09-11,Wed,2,WEEKDAY,0,37,9,Sep,11,255,3,2024,FALL_OFFPEAK,,,0,0,0,0,0,LABOR,9,33,Columbus Day,9,Labor Day,HALLOWEEN_SEASON,"SEA_HOS,UOR_HHN,WDW_HALLOWEEN",FOOD_AND_WINE,,,0,,,fall offpeak; halloween season; EPCOT Food And Wine,,rules,2026-09-13T06:17:30+00:00
2024-09-12,Thu,3,WEEKDAY,0,37,9,Sep,12,256,3,2024,FALL_OFFPEAK,,,0,0,0,0,0,LABOR,10,32,Columbus Day,10,Labor Day,HALLOWEEN_SEASON,"SEA_HOS,UOR_HHN,WDW_HALLOWEEN",FOOD_AND_WINE,,,0,,,fall offpeak; halloween season; EPCOT Food And Wine,,rules,2026-09-13T06:17:30+00:00
2024-09-13,Fri,4,FRI,0,37,9,Sep,13,257,3,2024,FALL_OFFPEAK,,,0,0,0,0,0,,,31,Columbus Day,11,Labor Day,HALLOWEEN_SEASON,"SEA_HOS,UOR_HHN,WDW_HALLOWEEN",FOOD_AND_WINE,,,0,,,fall offpeak; halloween season; EPCOT Food And Wine,,rules,2026-09-13T06:17:30+00:00
2024-09-14,Sat,5,SAT,1,37,9,Sep,14,258,3,2024,FALL_OFFPEAK,,,0,0,0,0,0,,,30,Columbus Day,12,Labor Day,HALLOWEEN_SEASON,"SEA_HOS,UOR_HHN,WDW_HALLOWEEN",FOOD_AND_WINE,,,0,,,fall offpeak; halloween season; EPCOT Food And Wine,,rules,2026-09-13T06:17:30+00:00
2024-09-15,Sun,6,SUN,1,37,9,Sep,15,259,3,2024,FALL_OFFPEAK,,,0,0,0,0,0,,,29,Columbus Day,13,Labor Day,HALLOWEEN_SEASON,"SEA_HOS,UOR_HHN,WDW_HALLOWEEN",FOOD_AND_WINE,,,0,,,fall offpeak; halloween season; EPCOT Food And Wine,,rules,2026-09-13T06:17:30+00:00
2024-09-16,Mon,0,WEEKDAY,0,38,9,Sep,16,260,3,2024,FALL_OFFPEAK,,,0,0,0,0,0,,,28,Columbus Day,14,Labor Day,HALLOWEEN_SEASON,"SEA_HOS,UOR_HHN,WDW_HALLOWEEN",FOOD_AND_WINE,,,0,,,fall offpeak; halloween season; EPCOT Food And Wine,,rules,2026-09-13T06:17:30+00:00
2024-09-17,Tue,1,WEEKDAY,0,38,9,Sep,17,261,3,2024,FALL_OFFPEAK,,,0,0,0,0,0,,,27,Columbus Day,15,Labor Day,HALLOWEEN_SEASON,"SEA_HOS,UOR_HHN,WDW_HALLOWEEN",FOOD_AND_WINE,,,0,,,fall offpeak; halloween season; EPCOT Food And Wine,,rules,2026-09-13T06:17:30+00:00
2024-09-18,Wed,2,WEEKDAY,0,38,9,Sep,18,262,3,2024,FALL_OFFPEAK,,,0,0,0,0,0,,,26,Columbus Day,16,Labor Day,HALLOWEEN_SEASON,"SEA_HOS,UOR_HHN,WDW_HALLOWEEN",FOOD_AND_WINE,,,0,,,fall offpeak; halloween season; EPCOT Food And Wine,,rules,2026-09-13T06:17:30+00:00
2024-09-19,Thu,3,WEEKDAY,0,38,9,Sep,19,263,3,2024,FALL_OFFPEAK,,,0,0,0,0,0,,,25,Columbus Day,17,Labor Day,HALLOWEEN_SEASON,"SEA_HOS,UOR_HHN,WDW_HALLOWEEN",FOOD_AND_WINE,,,0,,,fall offpeak; halloween season; EPCOT Food And Wine,,rules,2026-09-13T06:17:30+00:00
2024-09-20,Fri,4,FRI,0,38,9,Sep,20,264,3,2024,FALL_OFFPEAK,,,0,0,0,0,0,,,24,Columbus Day,18,Labor Day,HALLOWEEN_SEASON,"SEA_HOS,UOR_HHN,WDW_HALLOWEEN",FOOD_AND_WINE,,,0,,,fall offpeak; halloween season; EPCOT Food And Wine,,rules,2026-09-13T06:17:30+00:00
2024-09-21,Sat,5,SAT,1,38,9,Sep,21,265,3,2024,FALL_OFFPEAK,,,0,0,0,0,0,,,23,Columbus Day,19,Labor Day,HALLOWEEN_SEASON,"SEA_HOS,UOR_HHN,WDW_HALLOWEEN",FOOD_AND_WINE,,,0,,,fall offpeak; halloween season; EPCOT Food And Wine,,rules,2026-09-13T06:17:30+00:00
2024-09-22,Sun,6,SUN,1,38,9,Sep,22,266,3,2024,FALL_OFFPEAK,,,0,0,0,0,0,,,22,Columbus Day,20,Labor Day,HALLOWEEN_SEASON,"SEA_HOS,UOR_HHN,WDW_HALLOWEEN",FOOD_AND_WINE,,,0,,,fall offpeak; halloween season; EPCOT Food And Wine,,rules,2026-09-13T06:17:30+00:00
2024-09-23,Mon,0,WEEKDAY,0,39,9,Sep,23,267,3,2024,FALL_OFFPEAK,,,0,0,0,0,0,,,21,Columbus Day,21,Labor Day,HALLOWEEN_SEASON,"SEA_HOS,UOR_HHN,WDW_HALLOWEEN",FOOD_AND_WINE,,,0,,,fall offpeak; halloween season; EPCOT Food And Wine,,rules,2026-09-13T06:17:30+00:00
2024-09-24,Tue,1,WEEKDAY,0,39,9,Sep,24,268,3,2024,FALL_OFFPEAK,,,0,0,0,0,0,,,20,Columbus Day,22,Labor Day,HALLOWEEN_SEASON,"SEA_HOS,UOR_HHN,WDW_HALLOWEEN",FOOD_AND_WINE,,,0,,,fall offpeak; halloween season; EPCOT Food And Wine,,rules,2026-09-13T06:17:30+00:00
2024-09-25,Wed,2,WEEKDAY,0,39,9,Sep,25,269,3,2024,FALL_OFFPEAK,,,0,0,0,0,0,,,19,Columbus Day,23,Labor Day,HALLOWEEN_SEASON,"SEA_HOS,UOR_HHN,WDW_HALLOWEEN",FOOD_AND_WINE,,,0,,,fall offpeak; halloween season; EPCOT Food And Wine,,rules,2026-09-13T06:17:30+00:00
2024-09-26,Thu,3,WEEKDAY,0,39,9,Sep,26,270,3,2024,FALL_OFFPEAK,,,0,0,0,0,0,,,18,Columbus Day,24,Labor Day,HALLOWEEN_SEASON,"SEA_HOS,UOR_HHN,WDW_HALLOWEEN",FOOD_AND_WINE,,,0,,,fall offpeak; halloween season; EPCOT Food And Wine,,rules,2026-09-13T06:17:30+00:00
2024-09-27,Fri,4,FRI,0,39,9,Sep,27,271,3,2024,FALL_OFFPEAK,,,0,0,0,0,0,,,17,Columbus Day,25,Labor Day,HALLOWEEN_SEASON,"SEA_HOS,UOR_HHN,WDW_HALLOWEEN",FOOD_AND_WINE,,,0,,,fall offpeak; halloween season; EPCOT Food And Wine,,rules,2026-09-13T06:17:30+00:00
2024-09-28,Sat,5,SAT,1,39,9,Sep,28,272,3,2024,FALL_OFFPEAK,,,0,0,0,0,0,,,16,Columbus Day,26,Labor Day,HALLOWEEN_SEASON,"SEA_HOS,UOR_HHN,WDW_HALLOWEEN",FOOD_AND_WINE,,,0,,,fall offpeak; halloween season; EPCOT Food And Wine,,rules,2026-09-13T06:17:30+00:00
2024-09-29,Sun,6,SUN,1,39,9,Sep,29,273,3,2024,FALL_OFFPEAK,,,0,0,0,0,0,,,15,Columbus Day,27,Labor Day,HALLOWEEN_SEASON,"SEA_HOS,UOR_HHN,WDW_HALLOWEEN",FOOD_AND_WINE,,,0,,,fall offpeak; halloween season; EPCOT Food And Wine,,rules,2026-09-13T06:17:30+00:00
2024-09-30,Mon,0,WEEKDAY,0,40,9,Sep,30,274,3,2024,FALL_OFFPEAK,,,0,0,0,0,0,,,14,Columbus Day,28,Labor Day,HALLOWEEN_SEASON,"SEA_HOS,UOR_HHN,WDW_HALLOWEEN",FOOD_AND_WINE,,,0,,,fall offpeak; halloween season; EPCOT Food And Wine,,rules,2026-09-13T06:17:30+00:00
2024-10-01,Tue,1,WEEKDAY,0,40,10,Oct,1,275,4,2024,FALL_OFFPEAK,,,0,0,0,0,0,,,13,Columbus Day,29,Labor Day,HALLOWEEN_SEASON,"SEA_HOS,UOR_HHN,WDW_HALLOWEEN",FOOD_AND_WINE,,,0,,,fall offpeak; halloween season; EPCOT Food And Wine,,rules,2026-09-13T06:17:30+00:00
2024-10-02,Wed,2,WEEKDAY,0,40,10,Oct,2,276,4,2024,FALL_OFFPEAK,,,0,0,0,0,0,,,12,Columbus Day,30,Labor Day,HALLOWEEN_SEASON,"SEA_HOS,UOR_HHN,WDW_HALLOWEEN",FOOD_AND_WINE,,,0,,,fall offpeak; halloween season; EPCOT Food And Wine,,rules,2026-09-13T06:17:30+00:00
2024-10-03,Thu,3,WEEKDAY,0,40,10,Oct,3,277,4,2024,FALL_OFFPEAK,,,0,0,0,0,0,,,11,Columbus Day,31,Labor Day,HALLOWEEN_SEASON,"SEA_HOS,UOR_HHN,WDW_HALLOWEEN",FOOD_AND_WINE,,,0,,,fall offpeak; halloween season; EPCOT Food And Wine,,rules,2026-09-13T06:17:30+00:00
2024-10-04,Fri,4,FRI,0,40,10,Oct,4,278,4,2024,FALL_OFFPEAK,,,0,0,0,0,0,COLUMBUS,-10,10,Columbus Day,32,Labor Day,HALLOWEEN_SEASON,"SEA_HOS,UOR_HHN,WDW_HALLOWEEN",FOOD_AND_WINE,,,0,,,fall offpeak; halloween season; EPCOT Food And Wine,,rules,2026-09-13T06:17:30+00:00
2024-10-05,Sat,5,SAT,1,40,10,Oct,5,279,4,2024,FALL_OFFPEAK,,,0,0,0,0,0,COLUMBUS,-9,9,Columbus Day,33,Labor Day,HALLOWEEN_SEASON,"SEA_HOS,UOR_HHN,WDW_HALLOWEEN",FOOD_AND_WINE,,,0,,,fall offpeak; halloween season; EPCOT Food And Wine,,rules,2026-09-13T06:17:30+00:00
2024-10-06,Sun,6,SUN,1,40,10,Oct,6,280,4,2024,FALL_OFFPEAK,,,0,0,0,0,0,COLUMBUS,-8,8,Columbus Day,34,Labor Day,HALLOWEEN_SEASON,"SEA_HOS,UOR_HHN,WDW_HALLOWEEN",FOOD_AND_WINE,,,0,,,fall offpeak; halloween season; EPCOT Food And Wine,,rules,2026-09-13T06:17:30+00:00
2024-10-07,Mon,0,WEEKDAY,0,41,10,Oct,7,281,4,2024,FALL_OFFPEAK,,,0,0,0,0,0,COLUMBUS,-7,7,Columbus Day,35,Labor Day,HALLOWEEN_SEASON,"SEA_HOS,UOR_HHN,WDW_HALLOWEEN",FOOD_AND_WINE,,,0,,,fall offpeak; halloween season; EPCOT Food And Wine,,rules,2026-09-13T06:17:30+00:00
2024-10-08,Tue,1,WEEKDAY,0,41,10,Oct,8,282,4,2024,FALL_OFFPEAK,,,0,0,0,0,0,COLUMBUS,-6,6,Columbus Day,36,Labor Day,HALLOWEEN_SEASON,"SEA_HOS,UOR_HHN,WDW_HALLOWEEN",FOOD_AND_WINE,,,0,,,fall offpeak; halloween season; EPCOT Food And Wine,,rules,2026-09-13T06:17:30+00:00
2024-10-09,Wed,2,WEEKDAY,0,41,10,Oct,9,283,4,2024,FALL_OFFPEAK,,,0,0,0,0,0,COLUMBUS,-5,5,Columbus Day,37,Labor Day,HALLOWEEN_SEASON,"SEA_HOS,UOR_HHN,WDW_HALLOWEEN",FOOD_AND_WINE,,,0,,,fall offpeak; halloween season; EPCOT Food And Wine,,rules,2026-09-13T06:17:30+00:00
2024-10-10,Thu,3,WEEKDAY,0,41,10,Oct,10,284,4,2024,FALL_OFFPEAK,,,0,0,0,0,0,COLUMBUS,-4,4,Columbus Day,38,Labor Day,HALLOWEEN_SEASON,"SEA_HOS,UOR_HHN,WDW_HALLOWEEN",FOOD_AND_WINE,,,0,,,fall offpeak; halloween season; EPCOT Food And Wine,,rules,2026-09-13T06:17:30+00:00
2024-10-11,Fri,4,FRI,0,41,10,Oct,11,285,4,2024,FALL_OFFPEAK,,,0,0,0,1,0,COLUMBUS,-3,3,Columbus Day,39,Labor Day,HALLOWEEN_SEASON,"SEA_HOS,UOR_HHN,WDW_HALLOWEEN",FOOD_AND_WINE,,,0,,,long weekend; fall offpeak; halloween season; EPCOT Food And Wine,,rules,2026-09-13T06:17:30+00:00
2024-10-12,Sat,5,SAT,1,41,10,Oct,12,286,4,2024,FALL_OFFPEAK,,,0,0,0,1,0,COLUMBUS,-2,2,Columbus Day,40,Labor Day,HALLOWEEN_SEASON,"SEA_HOS,UOR_HHN,WDW_HALLOWEEN",FOOD_AND_WINE,,,0,,,long weekend; fall offpeak; halloween season; EPCOT Food And Wine,,rules,2026-09-13T06:17:30+00:00
2024-10-13,Sun,6,SUN,1,41,10,Oct,13,287,4,2024,FALL_OFFPEAK,,,0,1,0,1,0,COLUMBUS,-1,1,Columbus Day,41,Labor Day,HALLOWEEN_SEASON,"SEA_HOS,UOR_HHN,WDW_HALLOWEEN",FOOD_AND_WINE,,,0,,,long weekend; fall offpeak; halloween season; EPCOT Food And Wine,,rules,2026-09-13T06:17:30+00:00
2024-10-14,Mon,0,WEEKDAY,0,42,10,Oct,14,288,4,2024,FALL_OFFPEAK,Columbus Day,federal,1,0,0,1,0,COLUMBUS,0,28,Veterans Day,42,Labor Day,HALLOWEEN_SEASON,"SEA_HOS,UOR_HHN,WDW_HALLOWEEN",FOOD_AND_WINE,,,0,,,Columbus Day; fall offpeak; halloween season; EPCOT Food And Wine,,rules,2026-09-13T06:17:30+00:00
2024-10-15,Tue,1,WEEKDAY,0,42,10,Oct,15,289,4,2024,FALL_OFFPEAK,,,0,0,1,0,0,COLUMBUS,1,27,Veterans Day,1,Columbus Day,HALLOWEEN_SEASON,"SEA_HOS,UOR_HHN,WDW_HALLOWEEN",FOOD_AND_WINE,,,0,,,fall offpeak; halloween season; EPCOT Food And Wine,,rules,2026-09-13T06:17:30+00:00
2024-10-16,Wed,2,WEEKDAY,0,42,10,Oct,16,290,4,2024,FALL_OFFPEAK,,,0,0,0,0,0,COLUMBUS,2,26,Veterans Day,2,Columbus Day,HALLOWEEN_SEASON,"SEA_HOS,UOR_HHN,WDW_HALLOWEEN",FOOD_AND_WINE,,,0,,,fall offpeak; halloween season; EPCOT Food And Wine,,rules,2026-09-13T06:17:30+00:00
2024-10-17,Thu,3,WEEKDAY,0,42,10,Oct,17,291,4,2024,FALL_OFFPEAK,,,0,0,0,0,0,COLUMBUS,3,25,Veterans Day,3,Columbus Day,HALLOWEEN_SEASON,"SEA_HOS,UOR_HHN,WDW_HALLOWEEN",FOOD_AND_WINE,,,0,,,fall offpeak; halloween season; EPCOT Food And Wine,,rules,2026-09-13T06:17:30+00:00
2024-10-18,Fri,4,FRI,0,42,10,Oct,18,292,4,2024,FALL_OFFPEAK,,,0,0,0,0,0,COLUMBUS,4,24,Veterans Day,4,Columbus Day,HALLOWEEN_SEASON,"SEA_HOS,UOR_HHN,WDW_HALLOWEEN",FOOD_AND_WINE,,,0,,,fall offpeak; halloween season; EPCOT Food And Wine,,rules,2026-09-13T06:17:30+00:00
2024-10-19,Sat,5,SAT,1,42,10,Oct,19,293,4,2024,FALL_OFFPEAK,,,0,0,0,0,0,COLUMBUS,5,23,Veterans Day,5,Columbus Day,HALLOWEEN_SEASON,"SEA_HOS,UOR_HHN,WDW_HALLOWEEN",FOOD_AND_WINE,,,0,,,fall offpeak; halloween season; EPCOT Food And Wine,,rules,2026-09-13T06:17:30+00:00
2024-10-20,Sun,6,SUN,1,42,10,Oct,20,294,4,2024,FALL_OFFPEAK,,,0,0,0,0,0,COLUMBUS,6,22,Veterans Day,6,Columbus Day,HALLOWEEN_SEASON,"SEA_HOS,UOR_HHN,WDW_HALLOWEEN",FOOD_AND_WINE,,,0,,,fall offpeak; halloween season; EPCOT Food And Wine,,rules,2026-09-13T06:17:30+00:00
2024-10-21,Mon,0,WEEKDAY,0,43,10,Oct,21,295,4,2024,FALL_OFFPEAK,,,0,0,0,0,0,COLUMBUS,7,21,Veterans Day,7,Columbus Day,HALLOWEEN_SEASON,"SEA_HOS,UOR_HHN,WDW_HALLOWEEN",FOOD_AND_WINE,,,0,,,fall offpeak; halloween season; EPCOT Food And Wine,,rules,2026-09-13T06:17:30+00:00
2024-10-22,Tue,1,WEEKDAY,0,43,10,Oct,22,296,4,2024,FALL_OFFPEAK,,,0,0,0,0,0,COLUMBUS,8,20,Veterans Day,8,Columbus Day,HALLOWEEN_SEASON,"SEA_HOS,UOR_HHN,WDW_HALLOWEEN",FOOD_AND_WINE,,,0,,,fall offpeak; halloween season; EPCOT Food And Wine,,rules,2026-09-13T06:17:30+00:00
2024-10-23,Wed,2,WEEKDAY,0,43,10,Oct,23,297,4,2024,FALL_OFFPEAK,,,0,0,0,0,0,HALLOWEEN,-8,19,Veterans Day,9,Columbus Day,HALLOWEEN_SEASON,"SEA_HOS,UOR_HHN,WDW_HALLOWEEN",FOOD_AND_WINE,,,0,,,fall offpeak; halloween season; EPCOT Food And Wine,,rules,2026-09-13T06:17:30+00:00
2024-10-24,Thu,3,WEEKDAY,0,43,10,Oct,24,298,4,2024,FALL_OFFPEAK,,,0,0,0,0,0,HALLOWEEN,-7,18,Veterans Day,10,Columbus Day,HALLOWEEN_SEASON,"SEA_HOS,UOR_HHN,WDW_HALLOWEEN",FOOD_AND_WINE,,,0,OCT_HALF_TERM,,fall offpeak; halloween season; EPCOT Food And Wine; UK oct half term,,rules,2026-09-13T06:17:30+00:00
2024-10-25,Fri,4,FRI,0,43,10,Oct,25,299,4,2024,FALL_OFFPEAK,,,0,0,0,0,0,HALLOWEEN,-6,17,Veterans Day,11,Columbus Day,HALLOWEEN_SEASON,"SEA_HOS,UOR_HHN,WDW_HALLOWEEN",FOOD_AND_WINE,,,0,OCT_HALF_TERM,,fall offpeak; halloween season; EPCOT Food And Wine; UK oct half term,,rules,2026-09-13T06:17:30+00:00
2024-10-26,Sat,5,SAT,1,43,10,Oct,26,300,4,2024,FALL_OFFPEAK,,,0,0,0,0,0,HALLOWEEN,-5,16,Veterans Day,12,Columbus Day,HALLOWEEN_SEASON,"SEA_HOS,UOR_HHN,WDW_HALLOWEEN",FOOD_AND_WINE,,,0,OCT_HALF_TERM,,fall offpeak; halloween season; EPCOT Food And Wine; UK oct half term,,rules,2026-09-13T06:17:30+00:00
2024-10-27,Sun,6,SUN,1,43,10,Oct,27,301,4,2024,FALL_OFFPEAK,,,0,0,0,0,0,HALLOWEEN,-4,15,Veterans Day,13,Columbus Day,HALLOWEEN_SEASON,"SEA_HOS,UOR_HHN,WDW_HALLOWEEN",FOOD_AND_WINE,,,0,OCT_HALF_TERM,,fall offpeak; halloween season; EPCOT Food And Wine; UK oct half term,,rules,2026-09-13T06:17:30+00:00
2024-10-28,Mon,0,WEEKDAY,0,44,10,Oct,28,302,4,2024,FALL_OFFPEAK,,,0,0,0,0,0,HALLOWEEN,-3,14,Veterans Day,14,Columbus Day,HALLOWEEN_SEASON,"SEA_HOS,UOR_HHN,WDW_HALLOWEEN",FOOD_AND_WINE,,,0,OCT_HALF_TERM,,fall offpeak; halloween season; EPCOT Food And Wine; UK oct half term,,rules,2026-09-13T06:17:30+00:00
2024-10-29,Tue,1,WEEKDAY,0,44,10,Oct,29,303,4,2024,FALL_OFFPEAK,,,0,0,0,0,0,HALLOWEEN,-2,13,Veterans Day,15,Columbus Day,HALLOWEEN_SEASON,"SEA_HOS,UOR_HHN,WDW_HALLOWEEN",FOOD_AND_WINE,,,0,OCT_HALF_TERM,,fall offpeak; halloween season; EPCOT Food And Wine; UK oct half term,,rules,2026-09-13T06:17:30+00:00
2024-10-30,Wed,2,WEEKDAY,0,44,10,Oct,30,304,4,2024,FALL_OFFPEAK,,,0,0,0,0,0,HALLOWEEN,-1,12,Veterans Day,16,Columbus Day,HALLOWEEN_SEASON,"SEA_HOS,UOR_HHN,WDW_HALLOWEEN",FOOD_AND_WINE,,,0,OCT_HALF_TERM,,fall offpeak; halloween season; EPCOT Food And Wine; UK oct half term,,rules,2026-09-13T06:17:30+00:00
2024-10-31,Thu,3,WEEKDAY,0,44,10,Oct,31,305,4,2024,FALL_OFFPEAK,,,0,0,0,0,0,HALLOWEEN,0,11,Veterans Day,17,Columbus Day,HALLOWEEN_SEASON,"SEA_HOS,UOR_HHN,WDW_HALLOWEEN",FOOD_AND_WINE,,,0,OCT_HALF_TERM,,fall offpeak; halloween season; EPCOT Food And Wine; UK oct half term,,rules,2026-09-13T06:17:30+00:00
2024-11-01,Fri,4,FRI,0,44,11,Nov,1,306,4,2024,FALL_OFFPEAK,,,0,0,0,0,0,HALLOWEEN,1,10,Veterans Day,18,Columbus Day,,"SEA_HOS,UOR_HHN",FOOD_AND_WINE,,,0,,,fall offpeak; EPCOT Food And Wine,,rules,2026-09-13T06:17:30+00:00
2024-11-02,Sat,5,SAT,1,44,11,Nov,2,307,4,2024,FALL_OFFPEAK,,,0,0,0,0,0,HALLOWEEN,2,9,Veterans Day,19,Columbus Day,,"SEA_HOS,UOR_HHN",FOOD_AND_WINE,,,0,,,fall offpeak; EPCOT Food And Wine,,rules,2026-09-13T06:17:30+00:00
2024-11-03,Sun,6,SUN,1,44,11,Nov,3,308,4,2024,FALL_OFFPEAK,,,0,0,0,0,0,HALLOWEEN,3,8,Veterans Day,20,Columbus Day,,,FOOD_AND_WINE,,,0,,,fall offpeak; EPCOT Food And Wine,,rules,2026-09-13T06:17:30+00:00
2024-11-04,Mon,0,WEEKDAY,0,45,11,Nov,4,309,4,2024,FALL_OFFPEAK,,,0,0,0,0,0,HALLOWEEN,4,7,Veterans Day,21,Columbus Day,,,FOOD_AND_WINE,,,0,,,fall offpeak; EPCOT Food And Wine,,rules,2026-09-13T06:17:30+00:00
2024-11-05,Tue,1,WEEKDAY,0,45,11,Nov,5,310,4,2024,JERSEY_WEEK,,,0,0,0,0,0,HALLOWEEN,5,6,Veterans Day,22,Columbus Day,,,FOOD_AND_WINE,,,0,,,jersey week; EPCOT Food And Wine,,rules,2026-09-13T06:17:30+00:00
2024-11-06,Wed,2,WEEKDAY,0,45,11,Nov,6,311,4,2024,JERSEY_WEEK,,,0,0,0,0,0,HALLOWEEN,6,5,Veterans Day,23,Columbus Day,,,FOOD_AND_WINE,,,0,,,jersey week; EPCOT Food And Wine,,rules,2026-09-13T06:17:30+00:00
2024-11-07,Thu,3,WEEKDAY,0,45,11,Nov,7,312,4,2024,JERSEY_WEEK,,,0,0,0,0,0,HALLOWEEN,7,4,Veterans Day,24,Columbus Day,,,FOOD_AND_WINE,,,0,,,jersey week; EPCOT Food And Wine,,rules,2026-09-13T06:17:30+00:00
2024-11-08,Fri,4,FRI,0,45,11,Nov,8,313,4,2024,JERSEY_WEEK,,,0,0,0,1,0,HALLOWEEN,8,3,Veterans Day,25,Columbus Day,HOLIDAY_SEASON,WDW_HOLIDAY,FOOD_AND_WINE,,,0,,,long weekend; jersey week; holiday season; EPCOT Food And Wine,,rules,2026-09-13T06:17:30+00:00
2024-11-09,Sat,5,SAT,1,45,11,Nov,9,314,4,2024,JERSEY_WEEK,,,0,0,0,1,0,HALLOWEEN,9,2,Veterans Day,26,Columbus Day,HOLIDAY_SEASON,WDW_HOLIDAY,FOOD_AND_WINE,,,0,,,long weekend; jersey week; holiday season; EPCOT Food And Wine,,rules,2026-09-13T06:17:30+00:00
2024-11-10,Sun,6,SUN,1,45,11,Nov,10,315,4,2024,JERSEY_WEEK,,,0,1,0,1,0,HALLOWEEN,10,1,Veterans Day,27,Columbus Day,HOLIDAY_SEASON,WDW_HOLIDAY,FOOD_AND_WINE,,,0,,,long weekend; jersey week; holiday season; EPCOT Food And Wine,,rules,2026-09-13T06:17:30+00:00
2024-11-11,Mon,0,WEEKDAY,0,46,11,Nov,11,316,4,2024,JERSEY_WEEK,Veterans Day,federal,1,0,0,1,0,,,17,Thanksgiving Day,28,Columbus Day,HOLIDAY_SEASON,WDW_HOLIDAY,FOOD_AND_WINE,,,0,,,Veterans Day; jersey week; holiday season; EPCOT Food And Wine,,rules,2026-09-13T06:17:30+00:00
2024-11-12,Tue,1,WEEKDAY,0,46,11,Nov,12,317,4,2024,JERSEY_WEEK,,,0,0,1,0,0,,,16,Thanksgiving Day,1,Veterans Day,HOLIDAY_SEASON,WDW_HOLIDAY,FOOD_AND_WINE,,,0,,,jersey week; holiday season; EPCOT Food And Wine,,rules,2026-09-13T06:17:30+00:00
2024-11-13,Wed,2,WEEKDAY,0,46,11,Nov,13,318,4,2024,JERSEY_WEEK,,,0,0,0,0,0,,,15,Thanksgiving Day,2,Veterans Day,HOLIDAY_SEASON,WDW_HOLIDAY,FOOD_AND_WINE,,,0,,,jersey week; holiday season; EPCOT Food And Wine,,rules,2026-09-13T06:17:30+00:00
2024-11-14,Thu,3,WEEKDAY,0,46,11,Nov,14,319,4,2024,JERSEY_WEEK,,,0,0,0,0,0,,,14,Thanksgiving Day,3,Veterans Day,HOLIDAY_SEASON,"SEA_CHRISTMAS,WDW_HOLIDAY",FOOD_AND_WINE,,,0,,,jersey week; holiday season; EPCOT Food And Wine,,rules,2026-09-13T06:17:30+00:00
2024-11-15,Fri,4,FRI,0,46,11,Nov,15,320,4,2024,REGULAR,,,0,0,0,0,0,,,13,Thanksgiving Day,4,Veterans Day,HOLIDAY_SEASON,"SEA_CHRISTMAS,UOR_HOLIDAY,WDW_HOLIDAY",FOOD_AND_WINE,,,0,,,holiday season; EPCOT Food And Wine,,rules,2026-09-13T06:17:30+00:00
2024-11-16,Sat,5,SAT,1,46,11,Nov,16,321,4,2024,REGULAR,,,0,0,0,0,0,,,12,Thanksgiving Day,5,Veterans Day,HOLIDAY_SEASON,"SEA_CHRISTMAS,UOR_HOLIDAY,WDW_HOLIDAY",FOOD_AND_WINE,,,0,,,holiday season; EPCOT Food And Wine,,rules,2026-09-13T06:17:30+00:00
2024-11-17,Sun,6,SUN,1,46,11,Nov,17,322,4,2024,REGULAR,,,0,0,0,0,0,,,11,Thanksgiving Day,6,Veterans Day,HOLIDAY_SEASON,"SEA_CHRISTMAS,UOR_HOLIDAY,WDW_HOLIDAY",FOOD_AND_WINE,,,0,,,holiday season; EPCOT Food And Wine,,rules,2026-09-13T06:17:30+00:00
2024-11-18,Mon,0,WEEKDAY,0,47,11,Nov,18,323,4,2024,REGULAR,,,0,0,0,0,0,THANKSGIVING,-10,10,Thanksgiving Day,7,Veterans Day,HOLIDAY_SEASON,"SEA_CHRISTMAS,UOR_HOLIDAY,WDW_HOLIDAY",FOOD_AND_WINE,,,0,,,holiday season; EPCOT Food And Wine,,rules,2026-09-13T06:17:30+00:00
2024-11-19,Tue,1,WEEKDAY,0,47,11,Nov,19,324,4,2024,REGULAR,,,0,0,0,0,0,THANKSGIVING,-9,9,Thanksgiving Day,8,Veterans Day,HOLIDAY_SEASON,"SEA_CHRISTMAS,UOR_HOLIDAY,WDW_HOLIDAY",FOOD_AND_WINE,,,0,,,holiday season; EPCOT Food And Wine,,rules,2026-09-13T06:17:30+00:00
2024-11-20,Wed,2,WEEKDAY,0,47,11,Nov,20,325,4,2024,REGULAR,,,0,0,0,0,0,THANKSGIVING,-8,8,Thanksgiving Day,9,Veterans Day,HOLIDAY_SEASON,"SEA_CHRISTMAS,UOR_HOLIDAY,WDW_HOLIDAY",FOOD_AND_WINE,,,0,,,holiday season; EPCOT Food And Wine,,rules,2026-09-13T06:17:30+00:00
2024-11-21,Thu,3,WEEKDAY,0,47,11,Nov,21,326,4,2024,REGULAR,,,0,0,0,0,0,THANKSGIVING,-7,7,Thanksgiving Day,10,Veterans Day,HOLIDAY_SEASON,"SEA_CHRISTMAS,UOR_HOLIDAY,WDW_HOLIDAY",FOOD_AND_WINE,,,0,,,holiday season; EPCOT Food And Wine,,rules,2026-09-13T06:17:30+00:00
2024-11-22,Fri,4,FRI,0,47,11,Nov,22,327,4,2024,REGULAR,,,0,0,0,0,0,THANKSGIVING,-6,6,Thanksgiving Day,11,Veterans Day,HOLIDAY_SEASON,"SEA_CHRISTMAS,UOR_HOLIDAY,WDW_HOLIDAY",FOOD_AND_WINE,,,0,,,holiday season; EPCOT Food And Wine,,rules,2026-09-13T06:17:30+00:00
2024-11-23,Sat,5,SAT,1,47,11,Nov,23,328,4,2024,REGULAR,,,0,0,0,0,0,THANKSGIVING,-5,5,Thanksgiving Day,12,Veterans Day,HOLIDAY_SEASON,"SEA_CHRISTMAS,UOR_HOLIDAY,WDW_HOLIDAY",,,,0,,,holiday season,,rules,2026-09-13T06:17:30+00:00
2024-11-24,Sun,6,SUN,1,47,11,Nov,24,329,4,2024,REGULAR,,,0,0,0,0,0,THANKSGIVING,-4,4,Thanksgiving Day,13,Veterans Day,HOLIDAY_SEASON,"SEA_CHRISTMAS,UOR_HOLIDAY,WDW_HOLIDAY",,,,0,,,holiday season,,rules,2026-09-13T06:17:30+00:00
2024-11-25,Mon,0,WEEKDAY,0,48,11,Nov,25,330,4,2024,REGULAR,,,0,0,0,0,0,THANKSGIVING,-3,3,Thanksgiving Day,14,Veterans Day,HOLIDAY_SEASON,"SEA_CHRISTMAS,UOR_HOLIDAY,WDW_HOLIDAY",,,,0,,,holiday season,,rules,2026-09-13T06:17:30+00:00
2024-11-26,Tue,1,WEEKDAY,0,48,11,Nov,26,331,4,2024,THANKSGIVING_WK,,,0,0,0,0,0,THANKSGIVING,-2,2,Thanksgiving Day,15,Veterans Day,HOLIDAY_SEASON,"SEA_CHRISTMAS,UOR_HOLIDAY,WDW_HOLIDAY",,,,0,,,thanksgiving wk; holiday season,,rules,2026-09-13T06:17:30+00:00
2024-11-27,Wed,2,WEEKDAY,0,48,11,Nov,27,332,4,2024,THANKSGIVING_WK,,,0,1,0,0,0,THANKSGIVING,-1,1,Thanksgiving Day,16,Veterans Day,HOLIDAY_SEASON,"SEA_CHRISTMAS,UOR_HOLIDAY,WDW_HOLIDAY",,THANKSGIVING,"NE,SOUTH,MIDWEST,WEST,FL",0,,,thanksgiving wk; holiday season; US school thanksgiving,,rules,2026-09-13T06:17:30+00:00
2024-11-28,Thu,3,WEEKDAY,0,48,11,Nov,28,333,4,2024,THANKSGIVING_WK,Thanksgiving Day,federal,1,0,0,1,0,THANKSGIVING,0,27,Christmas Day,17,Veterans Day,HOLIDAY_SEASON,"SEA_CHRISTMAS,UOR_HOLIDAY,WDW_HOLIDAY",HOLIDAYS,THANKSGIVING,"NE,SOUTH,MIDWEST,WEST,FL",0,,,Thanksgiving Day; thanksgiving wk; holiday season; EPCOT Holidays; US school thanksgiving,,rules,2026-09-13T06:17:30+00:00
2024-11-29,Fri,4,FRI,0,48,11,Nov,29,334,4,2024,THANKSGIVING_WK,,,0,0,1,1,1,THANKSGIVING,1,26,Christmas Day,1,Thanksgiving Day,HOLIDAY_SEASON,"SEA_CHRISTMAS,UOR_HOLIDAY,WDW_HOLIDAY",HOLIDAYS,THANKSGIVING,"NE,SOUTH,MIDWEST,WEST,FL",0,,,long weekend; thanksgiving wk; holiday season; EPCOT Holidays; US school thanksgiving,,rules,2026-09-13T06:17:30+00:00
2024-11-30,Sat,5,SAT,1,48,11,Nov,30,335,4,2024,THANKSGIVING_WK,,,0,0,0,1,0,THANKSGIVING,2,25,Christmas Day,2,Thanksgiving Day,HOLIDAY_SEASON,"SEA_CHRISTMAS,UOR_HOLIDAY,WDW_HOLIDAY",HOLIDAYS,THANKSGIVING,"NE,SOUTH,MIDWEST,WEST,FL",0,,,long weekend; thanksgiving wk; holiday season; EPCOT Holidays; US school thanksgiving,,rules,2026-09-13T06:17:30+00:00
2024-12-01,Sun,6,SUN,1,48,12,Dec,1,336,4,2024,EARLY_DEC,,,0,0,0,1,0,THANKSGIVING,3,24,Christmas Day,3,Thanksgiving Day,HOLIDAY_SEASON,"SEA_CHRISTMAS,UOR_HOLIDAY,WDW_HOLIDAY",HOLIDAYS,,,0,,,long weekend; early dec; holiday season; EPCOT Holidays,,rules,2026-09-13T06:17:30+00:00
2024-12-02,Mon,0,WEEKDAY,0,49,12,Dec,2,337,4,2024,EARLY_DEC,,,0,0,0,0,0,THANKSGIVING,4,23,Christmas Day,4,Thanksgiving Day,HOLIDAY_SEASON,"SEA_CHRISTMAS,UOR_HOLIDAY,WDW_HOLIDAY",HOLIDAYS,,,0,,,early dec; holiday season; EPCOT Holidays,,rules,2026-09-13T06:17:30+00:00
2024-12-03,Tue,1,WEEKDAY,0,49,12,Dec,3,338,4,2024,EARLY_DEC,,,0,0,0,0,0,THANKSGIVING,5,22,Christmas Day,5,Thanksgiving Day,HOLIDAY_SEASON,"SEA_CHRISTMAS,UOR_HOLIDAY,WDW_HOLIDAY",HOLIDAYS,,,0,,,early dec; holiday season; EPCOT Holidays,,rules,2026-09-13T06:17:30+00:00
2024-12-04,Wed,2,WEEKDAY,0,49,12,Dec,4,339,4,2024,EARLY_DEC,,,0,0,0,0,0,THANKSGIVING,6,21,Christmas Day,6,Thanksgiving Day,HOLIDAY_SEASON,"SEA_CHRISTMAS,UOR_HOLIDAY,WDW_HOLIDAY",HOLIDAYS,,,0,,,early dec; holiday season; EPCOT Holidays,,rules,2026-09-13T06:17:30+00:00
2024-12-05,Thu,3,WEEKDAY,0,49,12,Dec,5,340,4,2024,EARLY_DEC,,,0,0,0,0,0,THANKSGIVING,7,20,Christmas Day,7,Thanksgiving Day,HOLIDAY_SEASON,"SEA_CHRISTMAS,UOR_HOLIDAY,WDW_HOLIDAY",HOLIDAYS,,,0,,,early dec; holiday season; EPCOT Holidays,,rules,2026-09-13T06:17:30+00:00
2024-12-06,Fri,4,FRI,0,49,12,Dec,6,341,4,2024,EARLY_DEC,,,0,0,0,0,0,THANKSGIVING,8,19,Christmas Day,8,Thanksgiving Day,HOLIDAY_SEASON,"SEA_CHRISTMAS,UOR_HOLIDAY,WDW_HOLIDAY",HOLIDAYS,,,0,,,early dec; holiday season; EPCOT Holidays,,rules,2026-09-13T06:17:30+00:00
2024-12-07,Sat,5,SAT,1,49,12,Dec,7,342,4,2024,EARLY_DEC,,,0,0,0,0,0,THANKSGIVING,9,18,Christmas Day,9,Thanksgiving Day,HOLIDAY_SEASON,"SEA_CHRISTMAS,UOR_HOLIDAY,WDW_HOLIDAY",HOLIDAYS,,,0,,,early dec; holiday season; EPCOT Holidays,,rules,2026-09-13T06:17:30+00:00
2024-12-08,Sun,6,SUN,1,49,12,Dec,8,343,4,2024,EARLY_DEC,,,0,0,0,0,0,THANKSGIVING,10,17,Christmas Day,10,Thanksgiving Day,HOLIDAY_SEASON,"SEA_CHRISTMAS,UOR_HOLIDAY,WDW_HOLIDAY",HOLIDAYS,,,0,,,early dec; holiday season; EPCOT Holidays,,rules,2026-09-13T06:17:30+00:00
2024-12-09,Mon,0,WEEKDAY,0,50,12,Dec,9,344,4,2024,EARLY_DEC,,,0,0,0,0,0,,,16,Christmas Day,11,Thanksgiving Day,HOLIDAY_SEASON,"SEA_CHRISTMAS,UOR_HOLIDAY,WDW_HOLIDAY",HOLIDAYS,,,0,,,early dec; holiday season; EPCOT Holidays,,rules,2026-09-13T06:17:30+00:00
2024-12-10,Tue,1,WEEKDAY,0,50,12,Dec,10,345,4,2024,EARLY_DEC,,,0,0,0,0,0,,,15,Christmas Day,12,Thanksgiving Day,HOLIDAY_SEASON,"SEA_CHRISTMAS,UOR_HOLIDAY,WDW_HOLIDAY",HOLIDAYS,,,0,,,early dec; holiday season; EPCOT Holidays,,rules,2026-09-13T06:17:30+00:00
2024-12-11,Wed,2,WEEKDAY,0,50,12,Dec,11,346,4,2024,EARLY_DEC,,,0,0,0,0,0,,,14,Christmas Day,13,Thanksgiving Day,HOLIDAY_SEASON,"SEA_CHRISTMAS,UOR_HOLIDAY,WDW_HOLIDAY",HOLIDAYS,,,0,,,early dec; holiday season; EPCOT Holidays,,rules,2026-09-13T06:17:30+00:00
2024-12-12,Thu,3,WEEKDAY,0,50,12,Dec,12,347,4,2024,EARLY_DEC,,,0,0,0,0,0,,,13,Christmas Day,14,Thanksgiving Day,HOLIDAY_SEASON,"SEA_CHRISTMAS,UOR_HOLIDAY,WDW_HOLIDAY",HOLIDAYS,,,0,,,early dec; holiday season; EPCOT Holidays,,rules,2026-09-13T06:17:30+00:00
2024-12-13,Fri,4,FRI,0,50,12,Dec,13,348,4,2024,EARLY_DEC,,,0,0,0,0,0,,,12,Christmas Day,15,Thanksgiving Day,HOLIDAY_SEASON,"SEA_CHRISTMAS,UOR_HOLIDAY,WDW_HOLIDAY",HOLIDAYS,,,0,,SUMMER,early dec; holiday season; EPCOT Holidays; Brazil summer,,rules,2026-09-13T06:17:30+00:00
2024-12-14,Sat,5,SAT,1,50,12,Dec,14,349,4,2024,EARLY_DEC,,,0,0,0,0,0,,,11,Christmas Day,16,Thanksgiving Day,HOLIDAY_SEASON,"SEA_CHRISTMAS,UOR_HOLIDAY,WDW_HOLIDAY",HOLIDAYS,,,0,,SUMMER,early dec; holiday season; EPCOT Holidays; Brazil summer,,rules,2026-09-13T06:17:30+00:00
2024-12-15,Sun,6,SUN,1,50,12,Dec,15,350,4,2024,EARLY_DEC,,,0,0,0,0,0,CHRISTMAS,-10,10,Christmas Day,17,Thanksgiving Day,HOLIDAY_SEASON,"SEA_CHRISTMAS,UOR_HOLIDAY,WDW_HOLIDAY",HOLIDAYS,,,0,,SUMMER,early dec; holiday season; EPCOT Holidays; Brazil summer,,rules,2026-09-13T06:17:30+00:00
2024-12-16,Mon,0,WEEKDAY,0,51,12,Dec,16,351,4,2024,EARLY_DEC,,,0,0,0,0,0,CHRISTMAS,-9,9,Christmas Day,18,Thanksgiving Day,HOLIDAY_SEASON,"SEA_CHRISTMAS,UOR_HOLIDAY,WDW_HOLIDAY",HOLIDAYS,,,0,,SUMMER,early dec; holiday season; EPCOT Holidays; Brazil summer,,rules,2026-09-13T06:17:30+00:00
2024-12-17,Tue,1,WEEKDAY,0,51,12,Dec,17,352,4,2024,EARLY_DEC,,,0,0,0,0,0,CHRISTMAS,-8,8,Christmas Day,19,Thanksgiving Day,HOLIDAY_SEASON,"SEA_CHRISTMAS,UOR_HOLIDAY,WDW_HOLIDAY",HOLIDAYS,,,0,,SUMMER,early dec; holiday season; EPCOT Holidays; Brazil summer,,rules,2026-09-13T06:17:30+00:00
2024-12-18,Wed,2,WEEKDAY,0,51,12,Dec,18,353,4,2024,EARLY_DEC,,,0,0,0,0,0,CHRISTMAS,-7,7,Christmas Day,20,Thanksgiving Day,HOLIDAY_SEASON,"SEA_CHRISTMAS,UOR_HOLIDAY,WDW_HOLIDAY",HOLIDAYS,,,0,,SUMMER,early dec; holiday season; EPCOT Holidays; Brazil summer,,rules,2026-09-13T06:17:30+00:00
2024-12-19,Thu,3,WEEKDAY,0,51,12,Dec,19,354,4,2024,EARLY_DEC,,,0,0,0,0,0,CHRISTMAS,-6,6,Christmas Day,21,Thanksgiving Day,HOLIDAY_SEASON,"SEA_CHRISTMAS,UOR_HOLIDAY,WDW_HOLIDAY",HOLIDAYS,,,0,,SUMMER,early dec; holiday season; EPCOT Holidays; Brazil summer,,rules,2026-09-13T06:17:30+00:00
2024-12-20,Fri,4,FRI,0,51,12,Dec,20,355,4,2024,EARLY_DEC,,,0,0,0,0,0,CHRISTMAS,-5,5,Christmas Day,22,Thanksgiving Day,HOLIDAY_SEASON,"SEA_CHRISTMAS,UOR_HOLIDAY,WDW_HOLIDAY",HOLIDAYS,WINTER,"NE,SOUTH,MIDWEST,WEST,FL",0,CHRISTMAS,SUMMER,early dec; holiday season; EPCOT Holidays; US school winter; UK christmas; Brazil summer,,rules,2026-09-13T06:17:30+00:00
2024-12-21,Sat,5,SAT,1,51,12,Dec,21,356,4,2024,CHRISTMAS_PEAK,,,0,0,0,0,0,CHRISTMAS,-4,4,Christmas Day,23,Thanksgiving Day,HOLIDAY_SEASON,"SEA_CHRISTMAS,UOR_HOLIDAY,WDW_HOLIDAY",HOLIDAYS,WINTER,"NE,SOUTH,MIDWEST,WEST,FL",0,CHRISTMAS,SUMMER,christmas peak; holiday season; EPCOT Holidays; US school winter; UK christmas; Brazil summer,,rules,2026-09-13T06:17:30+00:00
2024-12-22,Sun,6,SUN,1,51,12,Dec,22,357,4,2024,CHRISTMAS_PEAK,,,0,0,0,0,0,CHRISTMAS,-3,3,Christmas Day,24,Thanksgiving Day,HOLIDAY_SEASON,"SEA_CHRISTMAS,UOR_HOLIDAY,WDW_HOLIDAY",HOLIDAYS,WINTER,"NE,SOUTH,MIDWEST,WEST,FL",0,CHRISTMAS,SUMMER,christmas peak; holiday season; EPCOT Holidays; US school winter; UK christmas; Brazil summer,,rules,2026-09-13T06:17:30+00:00
2024-12-23,Mon,0,WEEKDAY,0,52,12,Dec,23,358,4,2024,CHRISTMAS_PEAK,,,0,0,0,0,0,CHRISTMAS,-2,2,Christmas Day,25,Thanksgiving Day,HOLIDAY_SEASON,"SEA_CHRISTMAS,UOR_HOLIDAY,WDW_HOLIDAY",HOLIDAYS,WINTER,"NE,SOUTH,MIDWEST,WEST,FL",0,CHRISTMAS,SUMMER,christmas peak; holiday season; EPCOT Holidays; US school winter; UK christmas; Brazil summer,,rules,2026-09-13T06:17:30+00:00
2024-12-24,Tue,1,WEEKDAY,0,52,12,Dec,24,359,4,2024,CHRISTMAS_PEAK,,,0,1,0,0,0,CHRISTMAS,-1,1,Christmas Day,26,Thanksgiving Day,HOLIDAY_SEASON,"SEA_CHRISTMAS,UOR_HOLIDAY,WDW_HOLIDAY",HOLIDAYS,WINTER,"NE,SOUTH,MIDWEST,WEST,FL",0,CHRISTMAS,SUMMER,christmas peak; holiday season; EPCOT Holidays; US school winter; UK christmas; Brazil summer,,rules,2026-09-13T06:17:30+00:00
2024-12-25,Wed,2,WEEKDAY,0,52,12,Dec,25,360,4,2024,CHRISTMAS_PEAK,Christmas Day,federal,1,0,0,0,0,CHRISTMAS,0,7,New Year's Day,27,Thanksgiving Day,HOLIDAY_SEASON,"SEA_CHRISTMAS,UOR_HOLIDAY,WDW_HOLIDAY",HOLIDAYS,WINTER,"NE,SOUTH,MIDWEST,WEST,FL",0,CHRISTMAS,SUMMER,Christmas Day; christmas peak; holiday season; EPCOT Holidays; US school winter; UK christmas; Brazil summer,,rules,2026-09-13T06:17:30+00:00
2024-12-26,Thu,3,WEEKDAY,0,52,12,Dec,26,361,4,2024,CHRISTMAS_PEAK,,,0,0,1,0,0,CHRISTMAS,1,6,New Year's Day,1,Christmas Day,HOLIDAY_SEASON,"SEA_CHRISTMAS,UOR_HOLIDAY,WDW_HOLIDAY",HOLIDAYS,WINTER,"NE,SOUTH,MIDWEST,WEST,FL",0,CHRISTMAS,SUMMER,christmas peak; holiday season; EPCOT Holidays; US school winter; UK christmas; Brazil summer,,rules,2026-09-13T06:17:30+00:00
2024-12-27,Fri,4,FRI,0,52,12,Dec,27,362,4,2024,CHRISTMAS_PEAK,,,0,0,0,0,0,CHRISTMAS,2,5,New Year's Day,2,Christmas Day,HOLIDAY_SEASON,"SEA_CHRISTMAS,UOR_HOLIDAY,WDW_HOLIDAY",HOLIDAYS,WINTER,"NE,SOUTH,MIDWEST,WEST,FL",0,CHRISTMAS,SUMMER,christmas peak; holiday season; EPCOT Holidays; US school winter; UK christmas; Brazil summer,,rules,2026-09-13T06:17:30+00:00
2024-12-28,Sat,5,SAT,1,52,12,Dec,28,363,4,2024,CHRISTMAS_PEAK,,,0,0,0,0,0,CHRISTMAS,3,4,New Year's Day,3,Christmas Day,HOLIDAY_SEASON,"SEA_CHRISTMAS,UOR_HOLIDAY,WDW_HOLIDAY",HOLIDAYS,WINTER,"NE,SOUTH,MIDWEST,WEST,FL",0,CHRISTMAS,SUMMER,christmas peak; holiday season; EPCOT Holidays; US school winter; UK christmas; Brazil summer,,rules,2026-09-13T06:17:30+00:00
2024-12-29,Sun,6,SUN,1,52,12,Dec,29,364,4,2024,NYE,,,0,0,0,0,0,NEW_YEAR,-3,3,New Year's Day,4,Christmas Day,HOLIDAY_SEASON,"SEA_CHRISTMAS,UOR_HOLIDAY,WDW_HOLIDAY",HOLIDAYS,WINTER,"NE,SOUTH,MIDWEST,WEST,FL",0,CHRISTMAS,SUMMER,nye; holiday season; EPCOT Holidays; US school winter; UK christmas; Brazil summer,,rules,2026-09-13T06:17:30+00:00
2024-12-30,Mon,0,WEEKDAY,0,1,12,Dec,30,365,4,2024,NYE,,,0,0,0,0,0,NEW_YEAR,-2,2,New Year's Day,5,Christmas Day,HOLIDAY_SEASON,"SEA_CHRISTMAS,UOR_HOLIDAY,WDW_HOLIDAY",HOLIDAYS,WINTER,"NE,SOUTH,MIDWEST,WEST,FL",0,CHRISTMAS,SUMMER,nye; holiday season; EPCOT Holidays; US school winter; UK christmas; Brazil summer,,rules,2026-09-13T06:17:30+00:00
2024-12-31,Tue,1,WEEKDAY,0,1,12,Dec,31,366,4,2024,NYE,,,0,1,0,0,0,NEW_YEAR,-1,1,New Year's Day,6,Christmas Day,HOLIDAY_SEASON,"SEA_CHRISTMAS,UOR_HOLIDAY,WDW_HOLIDAY",,WINTER,"NE,SOUTH,MIDWEST,WEST,FL",0,CHRISTMAS,SUMMER,nye; holiday season; US school winter; UK christmas; Brazil summer,,rules,2026-09-13T06:17:30+00:00
2025-01-01,Wed,2,WEEKDAY,0,1,1,Jan,1,1,1,2025,NYE,New Year's Day,federal,1,0,0,0,0,NEW_YEAR,0,19,Martin Luther King Jr. Day,7,Christmas Day,HOLIDAY_SEASON,UOR_HOLIDAY,,WINTER,"NE,SOUTH,MIDWEST,WEST,FL",0,CHRISTMAS,SUMMER,New Year's Day; nye; holiday season; US school winter; UK christmas; Brazil summer,,rules,2026-09-13T06:17:30+00:00
2025-01-02,Thu,3,WEEKDAY,0,1,1,Jan,2,2,1,2025,REGULAR,,,0,0,1,0,0,NEW_YEAR,1,18,Martin Luther King Jr. Day,1,New Year's Day,HOLIDAY_SEASON,UOR_HOLIDAY,,WINTER,"NE,SOUTH,MIDWEST,WEST,FL",0,CHRISTMAS,SUMMER,holiday season; US school winter; UK christmas; Brazil summer,,rules,2026-09-13T06:17:30+00:00
2025-01-03,Fri,4,FRI,0,1,1,Jan,3,3,1,2025,REGULAR,,,0,0,0,0,0,NEW_YEAR,2,17,Martin Luther King Jr. Day,2,New Year's Day,HOLIDAY_SEASON,UOR_HOLIDAY,,WINTER,"NE,SOUTH,MIDWEST,WEST,FL",0,,SUMMER,holiday season; US school winter; Brazil summer,,rules,2026-09-13T06:17:30+00:00
2025-01-04,Sat,5,SAT,1,1,1,Jan,4,4,1,2025,REGULAR,,,0,0,0,0,0,NEW_YEAR,3,16,Martin Luther King Jr. Day,3,New Year's Day,HOLIDAY_SEASON,UOR_HOLIDAY,,,,0,,SUMMER,holiday season; Brazil summer,,rules,2026-09-13T06:17:30+00:00
2025-01-05,Sun,6,SUN,1,1,1,Jan,5,5,1,2025,REGULAR,,,0,0,0,0,0,NEW_YEAR,4,15,Martin Luther King Jr. Day,4,New Year's Day,,WDW_AFTERHOURS,,,,0,,SUMMER,Brazil summer,,rules,2026-09-13T06:17:30+00:00
2025-01-06,Mon,0,WEEKDAY,0,2,1,Jan,6,6,1,2025,JAN_LULL,,,0,0,0,0,0,NEW_YEAR,5,14,Martin Luther King Jr. Day,5,New Year's Day,,WDW_AFTERHOURS,,,,0,,SUMMER,jan lull; Brazil summer,,rules,2026-09-13T06:17:30+00:00
2025-01-07,Tue,1,WEEKDAY,0,2,1,Jan,7,7,1,2025,JAN_LULL,,,0,0,0,0,0,NEW_YEAR,6,13,Martin Luther King Jr. Day,6,New Year's Day,,WDW_AFTERHOURS,,,,0,,SUMMER,jan lull; Brazil summer,,rules,2026-09-13T06:17:30+00:00
2025-01-08,Wed,2,WEEKDAY,0,2,1,Jan,8,8,1,2025,JAN_LULL,,,0,0,0,0,0,NEW_YEAR,7,12,Martin Luther King Jr. Day,7,New Year's Day,,WDW_AFTERHOURS,,,,0,,SUMMER,jan lull; Brazil summer,,rules,2026-09-13T06:17:30+00:00
2025-01-09,Thu,3,WEEKDAY,0,2,1,Jan,9,9,1,2025,JAN_LULL,,,0,0,0,0,0,NEW_YEAR,8,11,Martin Luther King Jr. Day,8,New Year's Day,,WDW_AFTERHOURS,,,,0,,SUMMER,jan lull; Brazil summer,,rules,2026-09-13T06:17:30+00:00
2025-01-10,Fri,4,FRI,0,2,1,Jan,10,10,1,2025,JAN_LULL,,,0,0,0,0,0,NEW_YEAR,9,10,Martin Luther King Jr. Day,9,New Year's Day,,WDW_AFTERHOURS,,,,0,,SUMMER,jan lull; Brazil summer,,rules,2026-09-13T06:17:30+00:00
2025-01-11,Sat,5,SAT,1,2,1,Jan,11,11,1,2025,JAN_LULL,,,0,0,0,0,0,MLK,-9,9,Martin Luther King Jr. Day,10,New Year's Day,,WDW_AFTERHOURS,,,,0,,SUMMER,jan lull; Brazil summer,,rules,2026-09-13T06:17:30+00:00
2025-01-12,Sun,6,SUN,1,2,1,Jan,12,12,1,2025,JAN_LULL,,,0,0,0,0,0,MLK,-8,8,Martin Luther King Jr. Day,11,New Year's Day,,WDW_AFTERHOURS,,,,0,,SUMMER,jan lull; Brazil summer,,rules,2026-09-13T06:17:30+00:00
2025-01-13,Mon,0,WEEKDAY,0,3,1,Jan,13,13,1,2025,JAN_LULL,,,0,0,0,0,0,MLK,-7,7,Martin Luther King Jr. Day,12,New Year's Day,,WDW_AFTERHOURS,,,,0,,SUMMER,jan lull; Brazil summer,,rules,2026-09-13T06:17:30+00:00
2025-01-14,Tue,1,WEEKDAY,0,3,1,Jan,14,14,1,2025,JAN_LULL,,,0,0,0,0,0,MLK,-6,6,Martin Luther King Jr. Day,13,New Year's Day,,WDW_AFTERHOURS,ARTS,,,0,,SUMMER,jan lull; EPCOT Arts; Brazil summer,,rules,2026-09-13T06:17:30+00:00
2025-01-15,Wed,2,WEEKDAY,0,3,1,Jan,15,15,1,2025,JAN_LULL,,,0,0,0,0,0,MLK,-5,5,Martin Luther King Jr. Day,14,New Year's Day,,WDW_AFTERHOURS,ARTS,,,0,,SUMMER,jan lull; EPCOT Arts; Brazil summer,,rules,2026-09-13T06:17:30+00:00
2025-01-16,Thu,3,WEEKDAY,0,3,1,Jan,16,16,1,2025,JAN_LULL,,,0,0,0,0,0,MLK,-4,4,Martin Luther King Jr. Day,15,New Year's Day,,WDW_AFTERHOURS,ARTS,,,0,,SUMMER,jan lull; EPCOT Arts; Brazil summer,,rules,2026-09-13T06:17:30+00:00
2025-01-17,Fri,4,FRI,0,3,1,Jan,17,17,1,2025,MLK_WKND,,,0,0,0,1,0,MLK,-3,3,Martin Luther King Jr. Day,16,New Year's Day,,WDW_AFTERHOURS,ARTS,,,0,,SUMMER,long weekend; mlk wknd; EPCOT Arts; Brazil summer,,rules,2026-09-13T06:17:30+00:00
2025-01-18,Sat,5,SAT,1,3,1,Jan,18,18,1,2025,MLK_WKND,,,0,0,0,1,0,MLK,-2,2,Martin Luther King Jr. Day,17,New Year's Day,,WDW_AFTERHOURS,ARTS,,,0,,SUMMER,long weekend; mlk wknd; EPCOT Arts; Brazil summer,,rules,2026-09-13T06:17:30+00:00
2025-01-19,Sun,6,SUN,1,3,1,Jan,19,19,1,2025,MLK_WKND,,,0,1,0,1,0,MLK,-1,1,Martin Luther King Jr. Day,18,New Year's Day,,WDW_AFTERHOURS,ARTS,,,0,,SUMMER,long weekend; mlk wknd; EPCOT Arts; Brazil summer,,rules,2026-09-13T06:17:30+00:00
2025-01-20,Mon,0,WEEKDAY,0,4,1,Jan,20,20,1,2025,MLK_WKND,Martin Luther King Jr. Day,federal,1,0,0,1,0,MLK,0,28,Washington's Birthday,19,New Year's Day,,WDW_AFTERHOURS,ARTS,,,0,,SUMMER,Martin Luther King Jr. Day; mlk wknd; EPCOT Arts; Brazil summer,,rules,2026-09-13T06:17:30+00:00
2025-01-21,Tue,1,WEEKDAY,0,4,1,Jan,21,21,1,2025,JAN_LULL,,,0,0,1,0,0,MLK,1,27,Washington's Birthday,1,Martin Luther King Jr. Day,,WDW_AFTERHOURS,ARTS,,,0,,SUMMER,jan lull; EPCOT Arts; Brazil summer,,rules,2026-09-13T06:17:30+00:00
2025-01-22,Wed,2,WEEKDAY,0,4,1,Jan,22,22,1,2025,JAN_LULL,,,0,0,0,0,0,MLK,2,26,Washington's Birthday,2,Martin Luther King Jr. Day,,WDW_AFTERHOURS,ARTS,,,0,,SUMMER,jan lull; EPCOT Arts; Brazil summer,,rules,2026-09-13T06:17:30+00:00
2025-01-23,Thu,3,WEEKDAY,0,4,1,Jan,23,23,1,2025,JAN_LULL,,,0,0,0,0,0,MLK,3,25,Washington's Birthday,3,Martin Luther King Jr. Day,,WDW_AFTERHOURS,ARTS,,,0,,SUMMER,jan lull; EPCOT Arts; Brazil summer,,rules,2026-09-13T06:17:30+00:00
2025-01-24,Fri,4,FRI,0,4,1,Jan,24,24,1,2025,JAN_LULL,,,0,0,0,0,0,MLK,4,24,Washington's Birthday,4,Martin Luther King Jr. Day,,WDW_AFTERHOURS,ARTS,,,0,,SUMMER,jan lull; EPCOT Arts; Brazil summer,,rules,2026-09-13T06:17:30+00:00
2025-01-25,Sat,5,SAT,1,4,1,Jan,25,25,1,2025,JAN_LULL,,,0,0,0,0,0,MLK,5,23,Washington's Birthday,5,Martin Luther King Jr. Day,,WDW_AFTERHOURS,ARTS,,,0,,SUMMER,jan lull; EPCOT Arts; Brazil summer,,rules,2026-09-13T06:17:30+00:00
2025-01-26,Sun,6,SUN,1,4,1,Jan,26,26,1,2025,JAN_LULL,,,0,0,0,0,0,MLK,6,22,Washington's Birthday,6,Martin Luther King Jr. Day,,WDW_AFTERHOURS,ARTS,,,0,,SUMMER,jan lull; EPCOT Arts; Brazil summer,,rules,2026-09-13T06:17:30+00:00
2025-01-27,Mon,0,WEEKDAY,0,5,1,Jan,27,27,1,2025,JAN_LULL,,,0,0,0,0,0,MLK,7,21,Washington's Birthday,7,Martin Luther King Jr. Day,,WDW_AFTERHOURS,ARTS,,,0,,SUMMER,jan lull; EPCOT Arts; Brazil summer,,rules,2026-09-13T06:17:30+00:00
2025-01-28,Tue,1,WEEKDAY,0,5,1,Jan,28,28,1,2025,JAN_LULL,,,0,0,0,0,0,MLK,8,20,Washington's Birthday,8,Martin Luther King Jr. Day,,WDW_AFTERHOURS,ARTS,,,0,,SUMMER,jan lull; EPCOT Arts; Brazil summer,,rules,2026-09-13T06:17:30+00:00
2025-01-29,Wed,2,WEEKDAY,0,5,1,Jan,29,29,1,2025,JAN_LULL,,,0,0,0,0,0,MLK,9,19,Washington's Birthday,9,Martin Luther King Jr. Day,,WDW_AFTERHOURS,ARTS,,,0,,SUMMER,jan lull; EPCOT Arts; Brazil summer,,rules,2026-09-13T06:17:30+00:00
2025-01-30,Thu,3,WEEKDAY,0,5,1,Jan,30,30,1,2025,JAN_LULL,,,0,0,0,0,0,MLK,10,18,Washington's Birthday,10,Martin Luther King Jr. Day,,WDW_AFTERHOURS,ARTS,,,0,,SUMMER,jan lull; EPCOT Arts; Brazil summer,,rules,2026-09-13T06:17:30+00:00
2025-01-31,Fri,4,FRI,0,5,1,Jan,31,31,1,2025,JAN_LULL,,,0,0,0,0,0,,,17,Washington's Birthday,11,Martin Luther King Jr. Day,,WDW_AFTERHOURS,ARTS,,,0,,SUMMER,jan lull; EPCOT Arts; Brazil summer,,rules,2026-09-13T06:17:30+00:00
2025-02-01,Sat,5,SAT,1,5,2,Feb,1,32,1,2025,JAN_LULL,,,0,0,0,0,0,,,16,Washington's Birthday,12,Martin Luther King Jr. Day,,WDW_AFTERHOURS,ARTS,,,0,,SUMMER,jan lull; EPCOT Arts; Brazil summer,,rules,2026-09-13T06:17:30+00:00
2025-02-02,Sun,6,SUN,1,5,2,Feb,2,33,1,2025,JAN_LULL,,,0,0,0,0,0,,,15,Washington's Birthday,13,Martin Luther King Jr. Day,,WDW_AFTERHOURS,ARTS,,,0,,,jan lull; EPCOT Arts,,rules,2026-09-13T06:17:30+00:00
2025-02-03,Mon,0,WEEKDAY,0,6,2,Feb,3,34,1,2025,JAN_LULL,,,0,0,0,0,0,,,14,Washington's Birthday,14,Martin Luther King Jr. Day,,WDW_AFTERHOURS,ARTS,,,0,,,jan lull; EPCOT Arts,,rules,2026-09-13T06:17:30+00:00
2025-02-04,Tue,1,WEEKDAY,0,6,2,Feb,4,35,1,2025,JAN_LULL,,,0,0,0,0,0,,,13,Washington's Birthday,15,Martin Luther King Jr. Day,,WDW_AFTERHOURS,ARTS,,,0,,,jan lull; EPCOT Arts,,rules,2026-09-13T06:17:30+00:00
2025-02-05,Wed,2,WEEKDAY,0,6,2,Feb,5,36,1,2025,JAN_LULL,,,0,0,0,0,0,,,12,Washington's Birthday,16,Martin Luther King Jr. Day,,WDW_AFTERHOURS,ARTS,,,0,,,jan lull; EPCOT Arts,,rules,2026-09-13T06:17:30+00:00
2025-02-06,Thu,3,WEEKDAY,0,6,2,Feb,6,37,1,2025,JAN_LULL,,,0,0,0,0,0,,,11,Washington's Birthday,17,Martin Luther King Jr. Day,,WDW_AFTERHOURS,ARTS,,,0,,,jan lull; EPCOT Arts,,rules,2026-09-13T06:17:30+00:00
2025-02-07,Fri,4,FRI,0,6,2,Feb,7,38,1,2025,JAN_LULL,,,0,0,0,0,0,PRESIDENTS,-10,10,Washington's Birthday,18,Martin Luther King Jr. Day,,WDW_AFTERHOURS,ARTS,,,0,,,jan lull; EPCOT Arts,,rules,2026-09-13T06:17:30+00:00
2025-02-08,Sat,5,SAT,1,6,2,Feb,8,39,1,2025,JAN_LULL,,,0,0,0,0,0,PRESIDENTS,-9,9,Washington's Birthday,19,Martin Luther King Jr. Day,,WDW_AFTERHOURS,ARTS,,,0,,,jan lull; EPCOT Arts,,rules,2026-09-13T06:17:30+00:00
2025-02-09,Sun,6,SUN,1,6,2,Feb,9,40,1,2025,REGULAR,,,0,0,0,0,0,PRESIDENTS,-8,8,Washington's Birthday,20,Martin Luther King Jr. Day,,WDW_AFTERHOURS,ARTS,,,0,,,EPCOT Arts,,rules,2026-09-13T06:17:30+00:00
2025-02-10,Mon,0,WEEKDAY,0,7,2,Feb,10,41,1,2025,REGULAR,,,0,0,0,0,0,PRESIDENTS,-7,7,Washington's Birthday,21,Martin Luther King Jr. Day,,WDW_AFTERHOURS,ARTS,,,0,,,EPCOT Arts,,rules,2026-09-13T06:17:30+00:00
2025-02-11,Tue,1,WEEKDAY,0,7,2,Feb,11,42,1,2025,REGULAR,,,0,0,0,0,0,PRESIDENTS,-6,6,Washington's Birthday,22,Martin Luther King Jr. Day,,WDW_AFTERHOURS,ARTS,,,0,,,EPCOT Arts,,rules,2026-09-13T06:17:30+00:00
2025-02-12,Wed,2,WEEKDAY,0,7,2,Feb,12,43,1,2025,REGULAR,,,0,0,0,0,0,PRESIDENTS,-5,5,Washington's Birthday,23,Martin Luther King Jr. Day,,WDW_AFTERHOURS,ARTS,,,0,,,EPCOT Arts,,rules,2026-09-13T06:17:30+00:00
2025-02-13,Thu,3,WEEKDAY,0,7,2,Feb,13,44,1,2025,REGULAR,,,0,0,0,0,0,PRESIDENTS,-4,4,Washington's Birthday,24,Martin Luther King Jr. Day,,WDW_AFTERHOURS,ARTS,,,0,,,EPCOT Arts,,rules,2026-09-13T06:17:30+00:00
2025-02-14,Fri,4,FRI,0,7,2,Feb,14,45,1,2025,PRESIDENTS_WK,,,0,0,0,1,0,PRESIDENTS,-3,3,Washington's Birthday,25,Martin Luther King Jr. Day,,WDW_AFTERHOURS,ARTS,,,0,,,long weekend; presidents wk; EPCOT Arts,,rules,2026-09-13T06:17:30+00:00
2025-02-15,Sat,5,SAT,1,7,2,Feb,15,46,1,2025,PRESIDENTS_WK,,,0,0,0,1,0,PRESIDENTS,-2,2,Washington's Birthday,26,Martin Luther King Jr. Day,,WDW_AFTERHOURS,ARTS,,,0,,,long weekend; presidents wk; EPCOT Arts,,rules,2026-09-13T06:17:30+00:00
2025-02-16,Sun,6,SUN,1,7,2,Feb,16,47,1,2025,PRESIDENTS_WK,,,0,1,0,1,0,PRESIDENTS,-1,1,Washington's Birthday,27,Martin Luther King Jr. Day,,WDW_AFTERHOURS,ARTS,,,0,,,long weekend; presidents wk; EPCOT Arts,,rules,2026-09-13T06:17:30+00:00
2025-02-17,Mon,0,WEEKDAY,0,8,2,Feb,17,48,1,2025,PRESIDENTS_WK,Washington's Birthday,federal,1,0,0,1,0,PRESIDENTS,0,98,Memorial Day,28,Martin Luther King Jr. Day,,WDW_AFTERHOURS,ARTS,PRESIDENTS,NE,1,FEB_HALF_TERM,,Washington's Birthday; presidents wk; EPCOT Arts; US school presidents; UK feb half term,,rules,2026-09-13T06:17:30+00:00
2025-02-18,Tue,1,WEEKDAY,0,8,2,Feb,18,49,1,2025,PRESIDENTS_WK,,,0,0,1,0,0,PRESIDENTS,1,97,Memorial Day,1,Washington's Birthday,,WDW_AFTERHOURS,ARTS,PRESIDENTS,NE,1,FEB_HALF_TERM,,presidents wk; EPCOT Arts; US school presidents; UK feb half term,,rules,2026-09-13T06:17:30+00:00
2025-02-19,Wed,2,WEEKDAY,0,8,2,Feb,19,50,1,2025,PRESIDENTS_WK,,,0,0,0,0,0,PRESIDENTS,2,96,Memorial Day,2,Washington's Birthday,,WDW_AFTERHOURS,ARTS,PRESIDENTS,NE,1,FEB_HALF_TERM,,presidents wk; EPCOT Arts; US school presidents; UK feb half term,,rules,2026-09-13T06:17:30+00:00
2025-02-20,Thu,3,WEEKDAY,0,8,2,Feb,20,51,1,2025,PRESIDENTS_WK,,,0,0,0,0,0,PRESIDENTS,3,95,Memorial Day,3,Washington's Birthday,,WDW_AFTERHOURS,ARTS,PRESIDENTS,NE,1,FEB_HALF_TERM,,presidents wk; EPCOT Arts; US school presidents; UK feb half term,,rules,2026-09-13T06:17:30+00:00
2025-02-21,Fri,4,FRI,0,8,2,Feb,21,52,1,2025,PRESIDENTS_WK,,,0,0,0,0,0,PRESIDENTS,4,94,Memorial Day,4,Washington's Birthday,,WDW_AFTERHOURS,ARTS,PRESIDENTS,NE,1,FEB_HALF_TERM,,presidents wk; EPCOT Arts; US school presidents; UK feb half term,,rules,2026-09-13T06:17:30+00:00
2025-02-22,Sat,5,SAT,1,8,2,Feb,22,53,1,2025,PRESIDENTS_WK,,,0,0,0,0,0,PRESIDENTS,5,93,Memorial Day,5,Washington's Birthday,,WDW_AFTERHOURS,ARTS,,,0,,,presidents wk; EPCOT Arts,,rules,2026-09-13T06:17:30+00:00
2025-02-23,Sun,6,SUN,1,8,2,Feb,23,54,1,2025,SPRING_SHOULDER,,,0,0,0,0,0,PRESIDENTS,6,92,Memorial Day,6,Washington's Birthday,,WDW_AFTERHOURS,ARTS,,,0,,,spring shoulder; EPCOT Arts,,rules,2026-09-13T06:17:30+00:00
2025-02-24,Mon,0,WEEKDAY,0,9,2,Feb,24,55,1,2025,SPRING_SHOULDER,,,0,0,0,0,0,PRESIDENTS,7,91,Memorial Day,7,Washington's Birthday,,WDW_AFTERHOURS,,,,0,,,spring shoulder,,rules,2026-09-13T06:17:30+00:00
2025-02-25,Tue,1,WEEKDAY,0,9,2,Feb,25,56,1,2025,SPRING_SHOULDER,,,0,0,0,0,0,PRESIDENTS,8,90,Memorial Day,8,Washington's Birthday,,WDW_AFTERHOURS,FLOWER_AND_GARDEN,,,0,,,spring shoulder; EPCOT Flower And Garden,,rules,2026-09-13T06:17:30+00:00
2025-02-26,Wed,2,WEEKDAY,0,9,2,Feb,26,57,1,2025,SPRING_SHOULDER,,,0,0,0,0,0,PRESIDENTS,9,89,Memorial Day,9,Washington's Birthday,,WDW_AFTERHOURS,FLOWER_AND_GARDEN,,,0,,,spring shoulder; EPCOT Flower And Garden,,rules,2026-09-13T06:17:30+00:00
2025-02-27,Thu,3,WEEKDAY,0,9,2,Feb,27,58,1,2025,SPRING_SHOULDER,,,0,0,0,0,0,PRESIDENTS,10,88,Memorial Day,10,Washington's Birthday,,WDW_AFTERHOURS,FLOWER_AND_GARDEN,,,0,,,spring shoulder; EPCOT Flower And Garden,,rules,2026-09-13T06:17:30+00:00
2025-02-28,Fri,4,FRI,0,9,2,Feb,28,59,1,2025,SPRING_SHOULDER,,,0,0,0,0,0,,,87,Memorial Day,11,Washington's Birthday,,WDW_AFTERHOURS,FLOWER_AND_GARDEN,,,0,,CARNIVAL,spring shoulder; EPCOT Flower And Garden; Brazil carnival,,rules,2026-09-13T06:17:30+00:00
2025-03-01,Sat,5,SAT,1,9,3,Mar,1,60,1,2025,SPRING_SHOULDER,,,0,0,0,0,0,,,86,Memorial Day,12,Washington's Birthday,,WDW_AFTERHOURS,FLOWER_AND_GARDEN,,,0,,CARNIVAL,spring shoulder; EPCOT Flower And Garden; Brazil carnival,,rules,2026-09-13T06:17:30+00:00
2025-03-02,Sun,6,SUN,1,9,3,Mar,2,61,1,2025,SPRING_SHOULDER,,,0,0,0,0,0,,,85,Memorial Day,13,Washington's Birthday,,WDW_AFTERHOURS,FLOWER_AND_GARDEN,,,0,,CARNIVAL,spring shoulder; EPCOT Flower And Garden; Brazil carnival,,rules,2026-09-13T06:17:30+00:00
2025-03-03,Mon,0,WEEKDAY,0,10,3,Mar,3,62,1,2025,SPRING_SHOULDER,,,0,0,0,0,0,,,84,Memorial Day,14,Washington's Birthday,,WDW_AFTERHOURS,FLOWER_AND_GARDEN,,,0,,CARNIVAL,spring shoulder; EPCOT Flower And Garden; Brazil carnival,,rules,2026-09-13T06:17:30+00:00
2025-03-04,Tue,1,WEEKDAY,0,10,3,Mar,4,63,1,2025,SPRING_SHOULDER,,,0,0,0,0,0,,,83,Memorial Day,15,Washington's Birthday,,WDW_AFTERHOURS,FLOWER_AND_GARDEN,,,0,,CARNIVAL,spring shoulder; EPCOT Flower And Garden; Brazil carnival,,rules,2026-09-13T06:17:30+00:00
2025-03-05,Wed,2,WEEKDAY,0,10,3,Mar,5,64,1,2025,SPRING_SHOULDER,,,0,0,0,0,0,,,82,Memorial Day,16,Washington's Birthday,,WDW_AFTERHOURS,FLOWER_AND_GARDEN,,,0,,CARNIVAL,spring shoulder; EPCOT Flower And Garden; Brazil carnival,,rules,2026-09-13T06:17:30+00:00
2025-03-06,Thu,3,WEEKDAY,0,10,3,Mar,6,65,1,2025,SPRING_SHOULDER,,,0,0,0,0,0,,,81,Memorial Day,17,Washington's Birthday,,WDW_AFTERHOURS,FLOWER_AND_GARDEN,,,0,,CARNIVAL,spring shoulder; EPCOT Flower And Garden; Brazil carnival,,rules,2026-09-13T06:17:30+00:00
2025-03-07,Fri,4,FRI,0,10,3,Mar,7,66,1,2025,SPRING_SHOULDER,,,0,0,0,0,0,,,80,Memorial Day,18,Washington's Birthday,,WDW_AFTERHOURS,FLOWER_AND_GARDEN,,,0,,CARNIVAL,spring shoulder; EPCOT Flower And Garden; Brazil carnival,,rules,2026-09-13T06:17:30+00:00
2025-03-08,Sat,5,SAT,1,10,3,Mar,8,67,1,2025,SPRING_SHOULDER,,,0,0,0,0,0,,,79,Memorial Day,19,Washington's Birthday,,WDW_AFTERHOURS,FLOWER_AND_GARDEN,,,0,,,spring shoulder; EPCOT Flower And Garden,,rules,2026-09-13T06:17:30+00:00
2025-03-09,Sun,6,SUN,1,10,3,Mar,9,68,1,2025,SPRING_SHOULDER,,,0,0,0,0,0,,,78,Memorial Day,20,Washington's Birthday,,WDW_AFTERHOURS,FLOWER_AND_GARDEN,SPRING,"SOUTH,FL",0,,,spring shoulder; EPCOT Flower And Garden; US school spring,,rules,2026-09-13T06:17:30+00:00
2025-03-10,Mon,0,WEEKDAY,0,11,3,Mar,10,69,1,2025,SPRING_SHOULDER,,,0,0,0,0,0,,,77,Memorial Day,21,Washington's Birthday,,WDW_AFTERHOURS,FLOWER_AND_GARDEN,SPRING,"SOUTH,FL",0,,,spring shoulder; EPCOT Flower And Garden; US school spring,,rules,2026-09-13T06:17:30+00:00
2025-03-11,Tue,1,WEEKDAY,0,11,3,Mar,11,70,1,2025,SPRING_SHOULDER,,,0,0,0,0,0,,,76,Memorial Day,22,Washington's Birthday,,WDW_AFTERHOURS,FLOWER_AND_GARDEN,SPRING,"SOUTH,FL",0,,,spring shoulder; EPCOT Flower And Garden; US school spring,,rules,2026-09-13T06:17:30+00:00
2025-03-12,Wed,2,WEEKDAY,0,11,3,Mar,12,71,1,2025,SPRING_SHOULDER,,,0,0,0,0,0,,,75,Memorial Day,23,Washington's Birthday,,WDW_AFTERHOURS,FLOWER_AND_GARDEN,SPRING,"SOUTH,FL",0,,,spring shoulder; EPCOT Flower And Garden; US school spring,,rules,2026-09-13T06:17:30+00:00
2025-03-13,Thu,3,WEEKDAY,0,11,3,Mar,13,72,1,2025,SPRING_SHOULDER,,,0,0,0,0,0,,,74,Memorial Day,24,Washington's Birthday,,WDW_AFTERHOURS,FLOWER_AND_GARDEN,SPRING,"SOUTH,FL",0,,,spring shoulder; EPCOT Flower And Garden; US school spring,,rules,2026-09-13T06:17:30+00:00
2025-03-14,Fri,4,FRI,0,11,3,Mar,14,73,1,2025,SPRING_SHOULDER,,,0,0,0,0,0,,,73,Memorial Day,25,Washington's Birthday,,WDW_AFTERHOURS,FLOWER_AND_GARDEN,SPRING,"SOUTH,FL",0,,,spring shoulder; EPCOT Flower And Garden; US school spring,,rules,2026-09-13T06:17:30+00:00
2025-03-15,Sat,5,SAT,1,11,3,Mar,15,74,1,2025,SPRING_SHOULDER,,,0,0,0,0,0,,,72,Memorial Day,26,Washington's Birthday,,WDW_AFTERHOURS,FLOWER_AND_GARDEN,SPRING,"SOUTH,FL",0,,,spring shoulder; EPCOT Flower And Garden; US school spring,,rules,2026-09-13T06:17:30+00:00
2025-03-16,Sun,6,SUN,1,11,3,Mar,16,75,1,2025,SPRING_SHOULDER,,,0,0,0,0,0,,,71,Memorial Day,27,Washington's Birthday,,WDW_AFTERHOURS,FLOWER_AND_GARDEN,SPRING,"SOUTH,FL",0,,,spring shoulder; EPCOT Flower And Garden; US school spring,,rules,2026-09-13T06:17:30+00:00
2025-03-17,Mon,0,WEEKDAY,0,12,3,Mar,17,76,1,2025,SPRING_SHOULDER,,,0,0,0,0,0,,,70,Memorial Day,28,Washington's Birthday,,WDW_AFTERHOURS,FLOWER_AND_GARDEN,SPRING,"SOUTH,FL",0,,,spring shoulder; EPCOT Flower And Garden; US school spring,,rules,2026-09-13T06:17:30+00:00
2025-03-18,Tue,1,WEEKDAY,0,12,3,Mar,18,77,1,2025,SPRING_SHOULDER,,,0,0,0,0,0,,,69,Memorial Day,29,Washington's Birthday,,WDW_AFTERHOURS,FLOWER_AND_GARDEN,SPRING,"SOUTH,FL",0,,,spring shoulder; EPCOT Flower And Garden; US school spring,,rules,2026-09-13T06:17:30+00:00
2025-03-19,Wed,2,WEEKDAY,0,12,3,Mar,19,78,1,2025,SPRING_SHOULDER,,,0,0,0,0,0,,,68,Memorial Day,30,Washington's Birthday,,WDW_AFTERHOURS,FLOWER_AND_GARDEN,SPRING,"SOUTH,FL",0,,,spring shoulder; EPCOT Flower And Garden; US school spring,,rules,2026-09-13T06:17:30+00:00
2025-03-20,Thu,3,WEEKDAY,0,12,3,Mar,20,79,1,2025,SPRING_SHOULDER,,,0,0,0,0,0,,,67,Memorial Day,31,Washington's Birthday,,WDW_AFTERHOURS,FLOWER_AND_GARDEN,SPRING,"SOUTH,FL",0,,,spring shoulder; EPCOT Flower And Garden; US school spring,,rules,2026-09-13T06:17:30+00:00
2025-03-21,Fri,4,FRI,0,12,3,Mar,21,80,1,2025,SPRING_SHOULDER,,,0,0,0,0,0,,,66,Memorial Day,32,Washington's Birthday,,WDW_AFTERHOURS,FLOWER_AND_GARDEN,SPRING,"SOUTH,FL",0,,,spring shoulder; EPCOT Flower And Garden; US school spring,,rules,2026-09-13T06:17:30+00:00
2025-03-22,Sat,5,SAT,1,12,3,Mar,22,81,1,2025,SPRING_SHOULDER,,,0,0,0,0,0,,,65,Memorial Day,33,Washington's Birthday,,WDW_AFTERHOURS,FLOWER_AND_GARDEN,SPRING,"SOUTH,FL",0,,,spring shoulder; EPCOT Flower And Garden; US school spring,,rules,2026-09-13T06:17:30+00:00
2025-03-23,Sun,6,SUN,1,12,3,Mar,23,82,1,2025,SPRING_SHOULDER,,,0,0,0,0,0,,,64,Memorial Day,34,Washington's Birthday,,WDW_AFTERHOURS,FLOWER_AND_GARDEN,,,0,,,spring shoulder; EPCOT Flower And Garden,,rules,2026-09-13T06:17:30+00:00
2025-03-24,Mon,0,WEEKDAY,0,13,3,Mar,24,83,1,2025,SPRING_SHOULDER,,,0,0,0,0,0,,,63,Memorial Day,35,Washington's Birthday,,WDW_AFTERHOURS,FLOWER_AND_GARDEN,,,0,,,spring shoulder; EPCOT Flower And Garden,,rules,2026-09-13T06:17:30+00:00
2025-03-25,Tue,1,WEEKDAY,0,13,3,Mar,25,84,1,2025,SPRING_SHOULDER,,,0,0,0,0,0,,,62,Memorial Day,36,Washington's Birthday,,WDW_AFTERHOURS,FLOWER_AND_GARDEN,,,0,,,spring shoulder; EPCOT Flower And Garden,,rules,2026-09-13T06:17:30+00:00
2025-03-26,Wed,2,WEEKDAY,0,13,3,Mar,26,85,1,2025,SPRING_SHOULDER,,,0,0,0,0,0,,,61,Memorial Day,37,Washington's Birthday,,WDW_AFTERHOURS,FLOWER_AND_GARDEN,,,0,,,spring shoulder; EPCOT Flower And Garden,,rules,2026-09-13T06:17:30+00:00
2025-03-27,Thu,3,WEEKDAY,0,13,3,Mar,27,86,1,2025,SPRING_SHOULDER,,,0,0,0,0,0,,,60,Memorial Day,38,Washington's Birthday,,WDW_AFTERHOURS,FLOWER_AND_GARDEN,,,0,,,spring shoulder; EPCOT Flower And Garden,,rules,2026-09-13T06:17:30+00:00
2025-03-28,Fri,4,FRI,0,13,3,Mar,28,87,1,2025,SPRING_SHOULDER,,,0,0,0,0,0,,,59,Memorial Day,39,Washington's Birthday,,WDW_AFTERHOURS,FLOWER_AND_GARDEN,,,0,,,spring shoulder; EPCOT Flower And Garden,,rules,2026-09-13T06:17:30+00:00
2025-03-29,Sat,5,SAT,1,13,3,Mar,29,88,1,2025,SPRING_SHOULDER,,,0,0,0,0,0,,,58,Memorial Day,40,Washington's Birthday,,WDW_AFTERHOURS,FLOWER_AND_GARDEN,,,0,,,spring shoulder; EPCOT Flower And Garden,,rules,2026-09-13T06:17:30+00:00
2025-03-30,Sun,6,SUN,1,13,3,Mar,30,89,1,2025,SPRING_SHOULDER,,,0,0,0,0,0,,,57,Memorial Day,41,Washington's Birthday,,WDW_AFTERHOURS,FLOWER_AND_GARDEN,,,0,,,spring shoulder; EPCOT Flower And Garden,,rules,2026-09-13T06:17:30+00:00
2025-03-31,Mon,0,WEEKDAY,0,14,3,Mar,31,90,1,2025,SPRING_SHOULDER,,,0,0,0,0,0,,,56,Memorial Day,42,Washington's Birthday,,WDW_AFTERHOURS,FLOWER_AND_GARDEN,,,0,,,spring shoulder; EPCOT Flower And Garden,,rules,2026-09-13T06:17:30+00:00
2025-04-01,Tue,1,WEEKDAY,0,14,4,Apr,1,91,2,2025,SPRING_SHOULDER,,,0,0,0,0,0,,,55,Memorial Day,43,Washington's Birthday,,WDW_AFTERHOURS,FLOWER_AND_GARDEN,,,0,,,spring shoulder; EPCOT Flower And Garden,,rules,2026-09-13T06:17:30+00:00
2025-04-02,Wed,2,WEEKDAY,0,14,4,Apr,2,92,2,2025,SPRING_SHOULDER,,,0,0,0,0,0,,,54,Memorial Day,44,Washington's Birthday,,WDW_AFTERHOURS,FLOWER_AND_GARDEN,,,0,,,spring shoulder; EPCOT Flower And Garden,,rules,2026-09-13T06:17:30+00:00
2025-04-03,Thu,3,WEEKDAY,0,14,4,Apr,3,93,2,2025,SPRING_SHOULDER,,,0,0,0,0,0,,,53,Memorial Day,45,Washington's Birthday,,WDW_AFTERHOURS,FLOWER_AND_GARDEN,,,0,,,spring shoulder; EPCOT Flower And Garden,,rules,2026-09-13T06:17:30+00:00
2025-04-04,Fri,4,FRI,0,14,4,Apr,4,94,2,2025,SPRING_SHOULDER,,,0,0,0,0,0,,,52,Memorial Day,46,Washington's Birthday,,WDW_AFTERHOURS,FLOWER_AND_GARDEN,,,0,,,spring shoulder; EPCOT Flower And Garden,,rules,2026-09-13T06:17:30+00:00
2025-04-05,Sat,5,SAT,1,14,4,Apr,5,95,2,2025,SPRING_SHOULDER,,,0,0,0,0,0,,,51,Memorial Day,47,Washington's Birthday,,WDW_AFTERHOURS,FLOWER_AND_GARDEN,,,0,,,spring shoulder; EPCOT Flower And Garden,,rules,2026-09-13T06:17:30+00:00
2025-04-06,Sun,6,SUN,1,14,4,Apr,6,96,2,2025,SPRING_SHOULDER,,,0,0,0,0,0,,,50,Memorial Day,48,Washington's Birthday,,WDW_AFTERHOURS,FLOWER_AND_GARDEN,,,0,,,spring shoulder; EPCOT Flower And Garden,,rules,2026-09-13T06:17:30+00:00
2025-04-07,Mon,0,WEEKDAY,0,15,4,Apr,7,97,2,2025,SPRING_SHOULDER,,,0,0,0,0,0,,,49,Memorial Day,49,Washington's Birthday,,WDW_AFTERHOURS,FLOWER_AND_GARDEN,,,0,,,spring shoulder; EPCOT Flower And Garden,,rules,2026-09-13T06:17:30+00:00
2025-04-08,Tue,1,WEEKDAY,0,15,4,Apr,8,98,2,2025,SPRING_SHOULDER,,,0,0,0,0,0,GOOD_FRIDAY,-10,48,Memorial Day,50,Washington's Birthday,,WDW_AFTERHOURS,FLOWER_AND_GARDEN,SPRING,"NE,SOUTH,MIDWEST,WEST,FL",0,,,spring shoulder; EPCOT Flower And Garden; US school spring,,rules,2026-09-13T06:17:30+00:00
2025-04-09,Wed,2,WEEKDAY,0,15,4,Apr,9,99,2,2025,SPRING_SHOULDER,,,0,0,0,0,0,GOOD_FRIDAY,-9,47,Memorial Day,51,Washington's Birthday,,WDW_AFTERHOURS,FLOWER_AND_GARDEN,SPRING,"NE,SOUTH,MIDWEST,WEST,FL",0,EASTER,,spring shoulder; EPCOT Flower And Garden; US school spring; UK easter,,rules,2026-09-13T06:17:30+00:00
2025-04-10,Thu,3,WEEKDAY,0,15,4,Apr,10,100,2,2025,SPRING_SHOULDER,,,0,0,0,0,0,GOOD_FRIDAY,-8,46,Memorial Day,52,Washington's Birthday,,WDW_AFTERHOURS,FLOWER_AND_GARDEN,SPRING,"NE,SOUTH,MIDWEST,WEST,FL",0,EASTER,,spring shoulder; EPCOT Flower And Garden; US school spring; UK easter,,rules,2026-09-13T06:17:30+00:00
2025-04-11,Fri,4,FRI,0,15,4,Apr,11,101,2,2025,SPRING_SHOULDER,,,0,0,0,0,0,GOOD_FRIDAY,-7,45,Memorial Day,53,Washington's Birthday,,WDW_AFTERHOURS,FLOWER_AND_GARDEN,SPRING,"NE,SOUTH,MIDWEST,WEST,FL",0,EASTER,,spring shoulder; EPCOT Flower And Garden; US school spring; UK easter,,rules,2026-09-13T06:17:30+00:00
2025-04-12,Sat,5,SAT,1,15,4,Apr,12,102,2,2025,EASTER_WK,,,0,0,0,0,0,GOOD_FRIDAY,-6,44,Memorial Day,54,Washington's Birthday,,WDW_AFTERHOURS,FLOWER_AND_GARDEN,SPRING,"NE,SOUTH,MIDWEST,WEST,FL",0,EASTER,,easter wk; EPCOT Flower And Garden; US school spring; UK easter,,rules,2026-09-13T06:17:30+00:00
2025-04-13,Sun,6,SUN,1,15,4,Apr,13,103,2,2025,EASTER_WK,,,0,0,0,0,0,GOOD_FRIDAY,-5,43,Memorial Day,55,Washington's Birthday,,WDW_AFTERHOURS,FLOWER_AND_GARDEN,SPRING,"NE,SOUTH,MIDWEST,WEST,FL",0,EASTER,,easter wk; EPCOT Flower And Garden; US school spring; UK easter,,rules,2026-09-13T06:17:30+00:00
2025-04-14,Mon,0,WEEKDAY,0,16,4,Apr,14,104,2,2025,EASTER_WK,,,0,0,0,0,0,GOOD_FRIDAY,-4,42,Memorial Day,56,Washington's Birthday,,WDW_AFTERHOURS,FLOWER_AND_GARDEN,SPRING,"NE,SOUTH,MIDWEST,WEST,FL",0,EASTER,,easter wk; EPCOT Flower And Garden; US school spring; UK easter,,rules,2026-09-13T06:17:30+00:00
2025-04-15,Tue,1,WEEKDAY,0,16,4,Apr,15,105,2,2025,EASTER_WK,,,0,0,0,0,0,GOOD_FRIDAY,-3,41,Memorial Day,57,Washington's Birthday,,WDW_AFTERHOURS,FLOWER_AND_GARDEN,SPRING,"NE,SOUTH,MIDWEST,WEST,FL",0,EASTER,,easter wk; EPCOT Flower And Garden; US school spring; UK easter,,rules,2026-09-13T06:17:30+00:00
2025-04-16,Wed,2,WEEKDAY,0,16,4,Apr,16,106,2,2025,EASTER_WK,,,0,0,0,0,0,GOOD_FRIDAY,-2,40,Memorial Day,58,Washington's Birthday,,WDW_AFTERHOURS,FLOWER_AND_GARDEN,SPRING,"NE,SOUTH,MIDWEST,WEST,FL",0,EASTER,,easter wk; EPCOT Flower And Garden; US school spring; UK easter,,rules,2026-09-13T06:17:30+00:00
2025-04-17,Thu,3,WEEKDAY,0,16,4,Apr,17,107,2,2025,EASTER_WK,,,0,0,0,0,0,GOOD_FRIDAY,-1,39,Memorial Day,59,Washington's Birthday,,WDW_AFTERHOURS,FLOWER_AND_GARDEN,SPRING,"NE,SOUTH,MIDWEST,WEST,FL",0,EASTER,,easter wk; EPCOT Flower And Garden; US school spring; UK easter,,rules,2026-09-13T06:17:30+00:00
2025-04-18,Fri,4,FRI,0,16,4,Apr,18,108,2,2025,EASTER_WK,,,0,0,0,0,0,GOOD_FRIDAY,0,38,Memorial Day,60,Washington's Birthday,,WDW_AFTERHOURS,FLOWER_AND_GARDEN,SPRING,"NE,SOUTH,MIDWEST,WEST,FL",0,EASTER,,easter wk; EPCOT Flower And Garden; US school spring; UK easter,,rules,2026-09-13T06:17:30+00:00
2025-04-19,Sat,5,SAT,1,16,4,Apr,19,109,2,2025,EASTER_WK,,,0,0,0,0,0,EASTER,-1,37,Memorial Day,61,Washington's Birthday,,WDW_AFTERHOURS,FLOWER_AND_GARDEN,SPRING,"NE,SOUTH,MIDWEST,WEST,FL",0,EASTER,,easter wk; EPCOT Flower And Garden; US school spring; UK easter,,rules,2026-09-13T06:17:30+00:00
2025-04-20,Sun,6,SUN,1,16,4,Apr,20,110,2,2025,EASTER_WK,,,0,0,0,0,0,EASTER,0,36,Memorial Day,62,Washington's Birthday,,WDW_AFTERHOURS,FLOWER_AND_GARDEN,SPRING,"NE,SOUTH,MIDWEST,WEST,FL",0,EASTER,,easter wk; EPCOT Flower And Garden; US school spring; UK easter,,rules,2026-09-13T06:17:30+00:00
2025-04-21,Mon,0,WEEKDAY,0,17,4,Apr,21,111,2,2025,EASTER_WK,,,0,0,0,0,0,EASTER,1,35,Memorial Day,63,Washington's Birthday,,WDW_AFTERHOURS,FLOWER_AND_GARDEN,SPRING,"NE,SOUTH,MIDWEST,WEST,FL",0,EASTER,,easter wk; EPCOT Flower And Garden; US school spring; UK easter,,rules,2026-09-13T06:17:30+00:00
2025-04-22,Tue,1,WEEKDAY,0,17,4,Apr,22,112,2,2025,EASTER_WK,,,0,0,0,0,0,EASTER,2,34,Memorial Day,64,Washington's Birthday,,WDW_AFTERHOURS,FLOWER_AND_GARDEN,SPRING,"NE,SOUTH,MIDWEST,WEST,FL",0,EASTER,,easter wk; EPCOT Flower And Garden; US school spring; UK easter,,rules,2026-09-13T06:17:30+00:00
2025-04-23,Wed,2,WEEKDAY,0,17,4,Apr,23,113,2,2025,EASTER_WK,,,0,0,0,0,0,EASTER,3,33,Memorial Day,65,Washington's Birthday,,WDW_AFTERHOURS,FLOWER_AND_GARDEN,SPRING,"NE,SOUTH,MIDWEST,WEST,FL",0,EASTER,,easter wk; EPCOT Flower And Garden; US school spring; UK easter,,rules,2026-09-13T06:17:30+00:00
2025-04-24,Thu,3,WEEKDAY,0,17,4,Apr,24,114,2,2025,EASTER_WK,,,0,0,0,0,0,EASTER,4,32,Memorial Day,66,Washington's Birthday,,WDW_AFTERHOURS,FLOWER_AND_GARDEN,SPRING,"NE,SOUTH,MIDWEST,WEST,FL",0,EASTER,,easter wk; EPCOT Flower And Garden; US school spring; UK easter,,rules,2026-09-13T06:17:30+00:00
2025-04-25,Fri,4,FRI,0,17,4,Apr,25,115,2,2025,EASTER_WK,,,0,0,0,0,0,EASTER,5,31,Memorial Day,67,Washington's Birthday,,WDW_AFTERHOURS,FLOWER_AND_GARDEN,SPRING,"NE,SOUTH,MIDWEST,WEST,FL",0,EASTER,,easter wk; EPCOT Flower And Garden; US school spring; UK easter,,rules,2026-09-13T06:17:30+00:00
2025-04-26,Sat,5,SAT,1,17,4,Apr,26,116,2,2025,EASTER_WK,,,0,0,0,0,0,EASTER,6,30,Memorial Day,68,Washington's Birthday,,WDW_AFTERHOURS,FLOWER_AND_GARDEN,SPRING,"NE,SOUTH,MIDWEST,WEST,FL",0,EASTER,,easter wk; EPCOT Flower And Garden; US school spring; UK easter,,rules,2026-09-13T06:17:30+00:00
2025-04-27,Sun,6,SUN,1,17,4,Apr,27,117,2,2025,EASTER_WK,,,0,0,0,0,0,EASTER,7,29,Memorial Day,69,Washington's Birthday,,WDW_AFTERHOURS,FLOWER_AND_GARDEN,,,0,EASTER,,easter wk; EPCOT Flower And Garden; UK easter,,rules,2026-09-13T06:17:30+00:00
2025-04-28,Mon,0,WEEKDAY,0,18,4,Apr,28,118,2,2025,EASTER_WK,,,0,0,0,0,0,EASTER,8,28,Memorial Day,70,Washington's Birthday,,WDW_AFTERHOURS,FLOWER_AND_GARDEN,,,0,EASTER,,easter wk; EPCOT Flower And Garden; UK easter,,rules,2026-09-13T06:17:30+00:00
2025-04-29,Tue,1,WEEKDAY,0,18,4,Apr,29,119,2,2025,REGULAR,,,0,0,0,0,0,EASTER,9,27,Memorial Day,71,Washington's Birthday,,WDW_AFTERHOURS,FLOWER_AND_GARDEN,,,0,EASTER,,EPCOT Flower And Garden; UK easter,,rules,2026-09-13T06:17:30+00:00
2025-04-30,Wed,2,WEEKDAY,0,18,4,Apr,30,120,2,2025,REGULAR,,,0,0,0,0,0,EASTER,10,26,Memorial Day,72,Washington's Birthday,,WDW_AFTERHOURS,FLOWER_AND_GARDEN,,,0,EASTER,,EPCOT Flower And Garden; UK easter,,rules,2026-09-13T06:17:30+00:00
2025-05-01,Thu,3,WEEKDAY,0,18,5,May,1,121,2,2025,REGULAR,,,0,0,0,0,0,,,25,Memorial Day,73,Washington's Birthday,,WDW_AFTERHOURS,FLOWER_AND_GARDEN,,,0,EASTER,,EPCOT Flower And Garden; UK easter,,rules,2026-09-13T06:17:30+00:00
2025-05-02,Fri,4,FRI,0,18,5,May,2,122,2,2025,REGULAR,,,0,0,0,0,0,,,24,Memorial Day,74,Washington's Birthday,,WDW_AFTERHOURS,FLOWER_AND_GARDEN,,,0,,,EPCOT Flower And Garden,,rules,2026-09-13T06:17:30+00:00
2025-05-03,Sat,5,SAT,1,18,5,May,3,123,2,2025,REGULAR,,,0,0,0,0,0,,,23,Memorial Day,75,Washington's Birthday,,WDW_AFTERHOURS,FLOWER_AND_GARDEN,,,0,,,EPCOT Flower And Garden,,rules,2026-09-13T06:17:30+00:00
2025-05-04,Sun,6,SUN,1,18,5,May,4,124,2,2025,REGULAR,,,0,0,0,0,0,,,22,Memorial Day,76,Washington's Birthday,,WDW_AFTERHOURS,FLOWER_AND_GARDEN,,,0,,,EPCOT Flower And Garden,,rules,2026-09-13T06:17:30+00:00
2025-05-05,Mon,0,WEEKDAY,0,19,5,May,5,125,2,2025,REGULAR,,,0,0,0,0,0,,,21,Memorial Day,77,Washington's Birthday,,WDW_AFTERHOURS,FLOWER_AND_GARDEN,,,0,,,EPCOT Flower And Garden,,rules,2026-09-13T06:17:30+00:00
2025-05-06,Tue,1,WEEKDAY,0,19,5,May,6,126,2,2025,REGULAR,,,0,0,0,0,0,,,20,Memorial Day,78,Washington's Birthday,,WDW_AFTERHOURS,FLOWER_AND_GARDEN,,,0,,,EPCOT Flower And Garden,,rules,2026-09-13T06:17:30+00:00
2025-05-07,Wed,2,WEEKDAY,0,19,5,May,7,127,2,2025,REGULAR,,,0,0,0,0,0,,,19,Memorial Day,79,Washington's Birthday,,WDW_AFTERHOURS,FLOWER_AND_GARDEN,,,0,,,EPCOT Flower And Garden,,rules,2026-09-13T06:17:30+00:00
2025-05-08,Thu,3,WEEKDAY,0,19,5,May,8,128,2,2025,REGULAR,,,0,0,0,0,0,,,18,Memorial Day,80,Washington's Birthday,,WDW_AFTERHOURS,FLOWER_AND_GARDEN,,,0,,,EPCOT Flower And Garden,,rules,2026-09-13T06:17:30+00:00
2025-05-09,Fri,4,FRI,0,19,5,May,9,129,2,2025,REGULAR,,,0,0,0,0,0,,,17,Memorial Day,81,Washington's Birthday,,WDW_AFTERHOURS,FLOWER_AND_GARDEN,,,0,,,EPCOT Flower And Garden,,rules,2026-09-13T06:17:30+00:00
2025-05-10,Sat,5,SAT,1,19,5,May,10,130,2,2025,REGULAR,,,0,0,0,0,0,,,16,Memorial Day,82,Washington's Birthday,,WDW_AFTERHOURS,FLOWER_AND_GARDEN,,,0,,,EPCOT Flower And Garden,,rules,2026-09-13T06:17:30+00:00
2025-05-11,Sun,6,SUN,1,19,5,May,11,131,2,2025,REGULAR,,,0,0,0,0,0,,,15,Memorial Day,83,Washington's Birthday,,WDW_AFTERHOURS,FLOWER_AND_GARDEN,,,0,,,EPCOT Flower And Garden,,rules,2026-09-13T06:17:30+00:00
2025-05-12,Mon,0,WEEKDAY,0,20,5,May,12,132,2,2025,REGULAR,,,0,0,0,0,0,,,14,Memorial Day,84,Washington's Birthday,,WDW_AFTERHOURS,FLOWER_AND_GARDEN,,,0,,,EPCOT Flower And Garden,,rules,2026-09-13T06:17:30+00:00
2025-05-13,Tue,1,WEEKDAY,0,20,5,May,13,133,2,2025,REGULAR,,,0,0,0,0,0,,,13,Memorial Day,85,Washington's Birthday,,WDW_AFTERHOURS,FLOWER_AND_GARDEN,,,0,,,EPCOT Flower And Garden,,rules,2026-09-13T06:17:30+00:00
2025-05-14,Wed,2,WEEKDAY,0,20,5,May,14,134,2,2025,REGULAR,,,0,0,0,0,0,,,12,Memorial Day,86,Washington's Birthday,,WDW_AFTERHOURS,FLOWER_AND_GARDEN,,,0,,,EPCOT Flower And Garden,,rules,2026-09-13T06:17:30+00:00
2025-05-15,Thu,3,WEEKDAY,0,20,5,May,15,135,2,2025,REGULAR,,,0,0,0,0,0,,,11,Memorial Day,87,Washington's Birthday,,WDW_AFTERHOURS,FLOWER_AND_GARDEN,,,0,,,EPCOT Flower And Garden,,rules,2026-09-13T06:17:30+00:00
2025-05-16,Fri,4,FRI,0,20,5,May,16,136,2,2025,REGULAR,,,0,0,0,0,0,MEMORIAL,-10,10,Memorial Day,88,Washington's Birthday,,,FLOWER_AND_GARDEN,,,0,,,EPCOT Flower And Garden,,rules,2026-09-13T06:17:30+00:00
2025-05-17,Sat,5,SAT,1,20,5,May,17,137,2,2025,REGULAR,,,0,0,0,0,0,MEMORIAL,-9,9,Memorial Day,89,Washington's Birthday,,,FLOWER_AND_GARDEN,,,0,,,EPCOT Flower And Garden,,rules,2026-09-13T06:17:30+00:00
2025-05-18,Sun,6,SUN,1,20,5,May,18,138,2,2025,REGULAR,,,0,0,0,0,0,MEMORIAL,-8,8,Memorial Day,90,Washington's Birthday,,,FLOWER_AND_GARDEN,,,0,,,EPCOT Flower And Garden,,rules,2026-09-13T06:17:30+00:00
2025-05-19,Mon,0,WEEKDAY,0,21,5,May,19,139,2,2025,REGULAR,,,0,0,0,0,0,MEMORIAL,-7,7,Memorial Day,91,Washington's Birthday,,,FLOWER_AND_GARDEN,,,0,,,EPCOT Flower And Garden,,rules,2026-09-13T06:17:30+00:00
2025-05-20,Tue,1,WEEKDAY,0,21,5,May,20,140,2,2025,REGULAR,,,0,0,0,0,0,MEMORIAL,-6,6,Memorial Day,92,Washington's Birthday,,,FLOWER_AND_GARDEN,,,0,,,EPCOT Flower And Garden,,rules,2026-09-13T06:17:30+00:00
2025-05-21,Wed,2,WEEKDAY,0,21,5,May,21,141,2,2025,REGULAR,,,0,0,0,0,0,MEMORIAL,-5,5,Memorial Day,93,Washington's Birthday,,,FLOWER_AND_GARDEN,,,0,,,EPCOT Flower And Garden,,rules,2026-09-13T06:17:30+00:00
2025-05-22,Thu,3,WEEKDAY,0,21,5,May,22,142,2,2025,REGULAR,,,0,0,0,0,0,MEMORIAL,-4,4,Memorial Day,94,Washington's Birthday,,,FLOWER_AND_GARDEN,,,0,,,EPCOT Flower And Garden,,rules,2026-09-13T06:17:30+00:00
2025-05-23,Fri,4,FRI,0,21,5,May,23,143,2,2025,MEMORIAL_WKND,,,0,0,0,1,0,MEMORIAL,-3,3,Memorial Day,95,Washington's Birthday,,,FLOWER_AND_GARDEN,,,0,,,long weekend; memorial wknd; EPCOT Flower And Garden,,rules,2026-09-13T06:17:30+00:00
2025-05-24,Sat,5,SAT,1,21,5,May,24,144,2,2025,MEMORIAL_WKND,,,0,0,0,1,0,MEMORIAL,-2,2,Memorial Day,96,Washington's Birthday,,,FLOWER_AND_GARDEN,,,0,,,long weekend; memorial wknd; EPCOT Flower And Garden,,rules,2026-09-13T06:17:30+00:00
2025-05-25,Sun,6,SUN,1,21,5,May,25,145,2,2025,MEMORIAL_WKND,,,0,1,0,1,0,MEMORIAL,-1,1,Memorial Day,97,Washington's Birthday,,,FLOWER_AND_GARDEN,,,0,,,long weekend; memorial wknd; EPCOT Flower And Garden,,rules,2026-09-13T06:17:30+00:00
2025-05-26,Mon,0,WEEKDAY,0,22,5,May,26,146,2,2025,MEMORIAL_WKND,Memorial Day,federal,1,0,0,1,0,MEMORIAL,0,24,Juneteenth National Independence Day,98,Washington's Birthday,,,FLOWER_AND_GARDEN,,,0,MAY_HALF_TERM,,Memorial Day; memorial wknd; EPCOT Flower And Garden; UK may half term,,rules,2026-09-13T06:17:30+00:00
2025-05-27,Tue,1,WEEKDAY,0,22,5,May,27,147,2,2025,MEMORIAL_WKND,,,0,0,1,0,0,MEMORIAL,1,23,Juneteenth National Independence Day,1,Memorial Day,,,FLOWER_AND_GARDEN,,,0,MAY_HALF_TERM,,memorial wknd; EPCOT Flower And Garden; UK may half term,,rules,2026-09-13T06:17:30+00:00
2025-05-28,Wed,2,WEEKDAY,0,22,5,May,28,148,2,2025,REGULAR,,,0,0,0,0,0,MEMORIAL,2,22,Juneteenth National Independence Day,2,Memorial Day,,,FLOWER_AND_GARDEN,,,0,MAY_HALF_TERM,,EPCOT Flower And Garden; UK may half term,,rules,2026-09-13T06:17:30+00:00
2025-05-29,Thu,3,WEEKDAY,0,22,5,May,29,149,2,2025,REGULAR,,,0,0,0,0,0,MEMORIAL,3,21,Juneteenth National Independence Day,3,Memorial Day,,,FLOWER_AND_GARDEN,,,0,MAY_HALF_TERM,,EPCOT Flower And Garden; UK may half term,,rules,2026-09-13T06:17:30+00:00
2025-05-30,Fri,4,FRI,0,22,5,May,30,150,2,2025,REGULAR,,,0,0,0,0,0,MEMORIAL,4,20,Juneteenth National Independence Day,4,Memorial Day,,,FLOWER_AND_GARDEN,,,0,MAY_HALF_TERM,,EPCOT Flower And Garden; UK may half term,,rules,2026-09-13T06:17:30+00:00
2025-05-31,Sat,5,SAT,1,22,5,May,31,151,2,2025,REGULAR,,,0,0,0,0,0,MEMORIAL,5,19,Juneteenth National Independence Day,5,Memorial Day,,,FLOWER_AND_GARDEN,,,0,,,EPCOT Flower And Garden,,rules,2026-09-13T06:17:30+00:00
2025-06-01,Sun,6,SUN,1,22,6,Jun,1,152,2,2025,REGULAR,,,0,0,0,0,0,MEMORIAL,6,18,Juneteenth National Independence Day,6,Memorial Day,,,FLOWER_AND_GARDEN,,,0,,,EPCOT Flower And Garden,,rules,2026-09-13T06:17:30+00:00
2025-06-02,Mon,0,WEEKDAY,0,23,6,Jun,2,153,2,2025,REGULAR,,,0,0,0,0,0,MEMORIAL,7,17,Juneteenth National Independence Day,7,Memorial Day,,,FLOWER_AND_GARDEN,,,0,,,EPCOT Flower And Garden,,rules,2026-09-13T06:17:30+00:00
2025-06-03,Tue,1,WEEKDAY,0,23,6,Jun,3,154,2,2025,REGULAR,,,0,0,0,0,0,MEMORIAL,8,16,Juneteenth National Independence Day,8,Memorial Day,,,FLOWER_AND_GARDEN,,,0,,,EPCOT Flower And Garden,,rules,2026-09-13T06:17:30+00:00
2025-06-04,Wed,2,WEEKDAY,0,23,6,Jun,4,155,2,2025,REGULAR,,,0,0,0,0,0,MEMORIAL,9,15,Juneteenth National Independence Day,9,Memorial Day,,,FLOWER_AND_GARDEN,,,0,,,EPCOT Flower And Garden,,rules,2026-09-13T06:17:30+00:00
2025-06-05,Thu,3,WEEKDAY,0,23,6,Jun,5,156,2,2025,REGULAR,,,0,0,0,0,0,MEMORIAL,10,14,Juneteenth National Independence Day,10,Memorial Day,,,FLOWER_AND_GARDEN,,,0,,,EPCOT Flower And Garden,,rules,2026-09-13T06:17:30+00:00
2025-06-06,Fri,4,FRI,0,23,6,Jun,6,157,2,2025,REGULAR,,,0,0,0,0,0,,,13,Juneteenth National Independence Day,11,Memorial Day,,,FLOWER_AND_GARDEN,,,0,,,EPCOT Flower And Garden,,rules,2026-09-13T06:17:30+00:00
2025-06-07,Sat,5,SAT,1,23,6,Jun,7,158,2,2025,REGULAR,,,0,0,0,0,0,,,12,Juneteenth National Independence Day,12,Memorial Day,,,FLOWER_AND_GARDEN,,,0,,,EPCOT Flower And Garden,,rules,2026-09-13T06:17:30+00:00
2025-06-08,Sun,6,SUN,1,23,6,Jun,8,159,2,2025,SUMMER_PEAK,,,0,0,0,0,0,,,11,Juneteenth National Independence Day,13,Memorial Day,,,FLOWER_AND_GARDEN,SUMMER,"NE,SOUTH,MIDWEST,WEST,FL",0,,,summer peak; EPCOT Flower And Garden; US school summer,,rules,2026-09-13T06:17:30+00:00
2025-06-09,Mon,0,WEEKDAY,0,24,6,Jun,9,160,2,2025,SUMMER_PEAK,,,0,0,0,0,0,,,10,Juneteenth National Independence Day,14,Memorial Day,,,FLOWER_AND_GARDEN,SUMMER,"NE,SOUTH,MIDWEST,WEST,FL",0,,,summer peak; EPCOT Flower And Garden; US school summer,,rules,2026-09-13T06:17:30+00:00
2025-06-10,Tue,1,WEEKDAY,0,24,6,Jun,10,161,2,2025,SUMMER_PEAK,,,0,0,0,0,0,,,9,Juneteenth National Independence Day,15,Memorial Day,,,FLOWER_AND_GARDEN,SUMMER,"NE,SOUTH,MIDWEST,WEST,FL",0,,,summer peak; EPCOT Flower And Garden; US school summer,,rules,2026-09-13T06:17:30+00:00
2025-06-11,Wed,2,WEEKDAY,0,24,6,Jun,11,162,2,2025,SUMMER_PEAK,,,0,0,0,0,0,,,8,Juneteenth National Independence Day,16,Memorial Day,,,FLOWER_AND_GARDEN,SUMMER,"NE,SOUTH,MIDWEST,WEST,FL",0,,,summer peak; EPCOT Flower And Garden; US school summer,,rules,2026-09-13T06:17:30+00:00
2025-06-12,Thu,3,WEEKDAY,0,24,6,Jun,12,163,2,2025,SUMMER_PEAK,,,0,0,0,0,0,,,7,Juneteenth National Independence Day,17,Memorial Day,,,FLOWER_AND_GARDEN,SUMMER,"NE,SOUTH,MIDWEST,WEST,FL",0,,,summer peak; EPCOT Flower And Garden; US school summer,,rules,2026-09-13T06:17:30+00:00
2025-06-13,Fri,4,FRI,0,24,6,Jun,13,164,2,2025,SUMMER_PEAK,,,0,0,0,0,0,,,6,Juneteenth National Independence Day,18,Memorial Day,,,FLOWER_AND_GARDEN,SUMMER,"NE,SOUTH,MIDWEST,WEST,FL",0,,,summer peak; EPCOT Flower And Garden; US school summer,,rules,2026-09-13T06:17:30+00:00
2025-06-14,Sat,5,SAT,1,24,6,Jun,14,165,2,2025,SUMMER_PEAK,,,0,0,0,0,0,,,5,Juneteenth National Independence Day,19,Memorial Day,,,FLOWER_AND_GARDEN,SUMMER,"NE,SOUTH,MIDWEST,WEST,FL",0,,,summer peak; EPCOT Flower And Garden; US school summer,,rules,2026-09-13T06:17:30+00:00
2025-06-15,Sun,6,SUN,1,24,6,Jun,15,166,2,2025,SUMMER_PEAK,,,0,0,0,0,0,,,4,Juneteenth National Independence Day,20,Memorial Day,,,FLOWER_AND_GARDEN,SUMMER,"NE,SOUTH,MIDWEST,WEST,FL",0,,,summer peak; EPCOT Flower And Garden; US school summer,,rules,2026-09-13T06:17:30+00:00
2025-06-16,Mon,0,WEEKDAY,0,25,6,Jun,16,167,2,2025,SUMMER_PEAK,,,0,0,0,0,0,,,3,Juneteenth National Independence Day,21,Memorial Day,,,FLOWER_AND_GARDEN,SUMMER,"NE,SOUTH,MIDWEST,WEST,FL",0,,,summer peak; EPCOT Flower And Garden; US school summer,,rules,2026-09-13T06:17:30+00:00
2025-06-17,Tue,1,WEEKDAY,0,25,6,Jun,17,168,2,2025,SUMMER_PEAK,,,0,0,0,0,0,,,2,Juneteenth National Independence Day,22,Memorial Day,,,FLOWER_AND_GARDEN,SUMMER,"NE,SOUTH,MIDWEST,WEST,FL",0,,,summer peak; EPCOT Flower And Garden; US school summer,,rules,2026-09-13T06:17:30+00:00
2025-06-18,Wed,2,WEEKDAY,0,25,6,Jun,18,169,2,2025,SUMMER_PEAK,,,0,1,0,0,0,,,1,Juneteenth National Independence Day,23,Memorial Day,,,FLOWER_AND_GARDEN,SUMMER,"NE,SOUTH,MIDWEST,WEST,FL",0,,,summer peak; EPCOT Flower And Garden; US school summer,,rules,2026-09-13T06:17:30+00:00
2025-06-19,Thu,3,WEEKDAY,0,25,6,Jun,19,170,2,2025,SUMMER_PEAK,Juneteenth National Independence Day,federal,1,0,0,0,0,,,15,Independence Day,24,Memorial Day,,,FLOWER_AND_GARDEN,SUMMER,"NE,SOUTH,MIDWEST,WEST,FL",0,,,Juneteenth National Independence Day; summer peak; EPCOT Flower And Garden; US school summer,,rules,2026-09-13T06:17:30+00:00
2025-06-20,Fri,4,FRI,0,25,6,Jun,20,171,2,2025,SUMMER_PEAK,,,0,0,1,0,1,,,14,Independence Day,1,Juneteenth National Independence Day,,,FLOWER_AND_GARDEN,SUMMER,"NE,SOUTH,MIDWEST,WEST,FL",0,,,summer peak; EPCOT Flower And Garden; US school summer,,rules,2026-09-13T06:17:30+00:00
2025-06-21,Sat,5,SAT,1,25,6,Jun,21,172,2,2025,SUMMER_PEAK,,,0,0,0,0,0,,,13,Independence Day,2,Juneteenth National Independence Day,,,FLOWER_AND_GARDEN,SUMMER,"NE,SOUTH,MIDWEST,WEST,FL",0,,,summer peak; EPCOT Flower And Garden; US school summer,,rules,2026-09-13T06:17:30+00:00
2025-06-22,Sun,6,SUN,1,25,6,Jun,22,173,2,2025,SUMMER_PEAK,,,0,0,0,0,0,,,12,Independence Day,3,Juneteenth National Independence Day,,,FLOWER_AND_GARDEN,SUMMER,"NE,SOUTH,MIDWEST,WEST,FL",0,,,summer peak; EPCOT Flower And Garden; US school summer,,rules,2026-09-13T06:17:30+00:00
2025-06-23,Mon,0,WEEKDAY,0,26,6,Jun,23,174,2,2025,SUMMER_PEAK,,,0,0,0,0,0,,,11,Independence Day,4,Juneteenth National Independence Day,,,FLOWER_AND_GARDEN,SUMMER,"NE,SOUTH,MIDWEST,WEST,FL",0,,,summer peak; EPCOT Flower And Garden; US school summer,,rules,2026-09-13T06:17:30+00:00
2025-06-24,Tue,1,WEEKDAY,0,26,6,Jun,24,175,2,2025,SUMMER_PEAK,,,0,0,0,0,0,JULY4,-10,10,Independence Day,5,Juneteenth National Independence Day,,,FLOWER_AND_GARDEN,SUMMER,"NE,SOUTH,MIDWEST,WEST,FL",0,,,summer peak; EPCOT Flower And Garden; US school summer,,rules,2026-09-13T06:17:30+00:00
2025-06-25,Wed,2,WEEKDAY,0,26,6,Jun,25,176,2,2025,SUMMER_PEAK,,,0,0,0,0,0,JULY4,-9,9,Independence Day,6,Juneteenth National Independence Day,,,FLOWER_AND_GARDEN,SUMMER,"NE,SOUTH,MIDWEST,WEST,FL",0,,,summer peak; EPCOT Flower And Garden; US school summer,,rules,2026-09-13T06:17:30+00:00
2025-06-26,Thu,3,WEEKDAY,0,26,6,Jun,26,177,2,2025,SUMMER_PEAK,,,0,0,0,0,0,JULY4,-8,8,Independence Day,7,Juneteenth National Independence Day,,,FLOWER_AND_GARDEN,SUMMER,"NE,SOUTH,MIDWEST,WEST,FL",0,,,summer peak; EPCOT Flower And Garden; US school summer,,rules,2026-09-13T06:17:30+00:00
2025-06-27,Fri,4,FRI,0,26,6,Jun,27,178,2,2025,SUMMER_PEAK,,,0,0,0,0,0,JULY4,-7,7,Independence Day,8,Juneteenth National Independence Day,,,FLOWER_AND_GARDEN,SUMMER,"NE,SOUTH,MIDWEST,WEST,FL",0,,,summer peak; EPCOT Flower And Garden; US school summer,,rules,2026-09-13T06:17:30+00:00
2025-06-28,Sat,5,SAT,1,26,6,Jun,28,179,2,2025,SUMMER_PEAK,,,0,0,0,0,0,JULY4,-6,6,Independence Day,9,Juneteenth National Independence Day,,,FLOWER_AND_GARDEN,SUMMER,"NE,SOUTH,MIDWEST,WEST,FL",0,,,summer peak; EPCOT Flower And Garden; US school summer,,rules,2026-09-13T06:17:30+00:00
2025-06-29,Sun,6,SUN,1,26,6,Jun,29,180,2,2025,SUMMER_PEAK,,,0,0,0,0,0,JULY4,-5,5,Independence Day,10,Juneteenth National Independence Day,,,FLOWER_AND_GARDEN,SUMMER,"NE,SOUTH,MIDWEST,WEST,FL",0,,,summer peak; EPCOT Flower And Garden; US school summer,,rules,2026-09-13T06:17:30+00:00
2025-06-30,Mon,0,WEEKDAY,0,27,6,Jun,30,181,2,2025,SUMMER_PEAK,,,0,0,0,0,0,JULY4,-4,4,Independence Day,11,Juneteenth National Independence Day,,,FLOWER_AND_GARDEN,SUMMER,"NE,SOUTH,MIDWEST,WEST,FL",0,,,summer peak; EPCOT Flower And Garden; US school summer,,rules,2026-09-13T06:17:30+00:00
2025-07-01,Tue,1,WEEKDAY,0,27,7,Jul,1,182,3,2025,JULY4_WK,,,0,0,0,0,0,JULY4,-3,3,Independence Day,12,Juneteenth National Independence Day,,,FLOWER_AND_GARDEN,SUMMER,"NE,SOUTH,MIDWEST,WEST,FL",0,,WINTER,july4 wk; EPCOT Flower And Garden; US school summer; Brazil winter,,rules,2026-09-13T06:17:30+00:00
2025-07-02,Wed,2,WEEKDAY,0,27,7,Jul,2,183,3,2025,JULY4_WK,,,0,0,0,0,0,JULY4,-2,2,Independence Day,13,Juneteenth National Independence Day,,,FLOWER_AND_GARDEN,SUMMER,"NE,SOUTH,MIDWEST,WEST,FL",0,,WINTER,july4 wk; EPCOT Flower And Garden; US school summer; Brazil winter,,rules,2026-09-13T06:17:30+00:00
2025-07-03,Thu,3,WEEKDAY,0,27,7,Jul,3,184,3,2025,JULY4_WK,,,0,1,0,0,0,JULY4,-1,1,Independence Day,14,Juneteenth National Independence Day,,,FLOWER_AND_GARDEN,SUMMER,"NE,SOUTH,MIDWEST,WEST,FL",0,,WINTER,july4 wk; EPCOT Flower And Garden; US school summer; Brazil winter,,rules,2026-09-13T06:17:30+00:00
2025-07-04,Fri,4,FRI,0,27,7,Jul,4,185,3,2025,JULY4_WK,Independence Day,federal,1,0,0,0,0,JULY4,0,59,Labor Day,15,Juneteenth National Independence Day,,,FLOWER_AND_GARDEN,SUMMER,"NE,SOUTH,MIDWEST,WEST,FL",0,,WINTER,Independence Day; july4 wk; EPCOT Flower And Garden; US school summer; Brazil winter,,rules,2026-09-13T06:17:30+00:00
2025-07-05,Sat,5,SAT,1,27,7,Jul,5,186,3,2025,JULY4_WK,,,0,0,1,0,0,JULY4,1,58,Labor Day,1,Independence Day,,,FLOWER_AND_GARDEN,SUMMER,"NE,SOUTH,MIDWEST,WEST,FL",0,,WINTER,july4 wk; EPCOT Flower And Garden; US school summer; Brazil winter,,rules,2026-09-13T06:17:30+00:00
2025-07-06,Sun,6,SUN,1,27,7,Jul,6,187,3,2025,JULY4_WK,,,0,0,0,0,0,JULY4,2,57,Labor Day,2,Independence Day,,,FLOWER_AND_GARDEN,SUMMER,"NE,SOUTH,MIDWEST,WEST,FL",0,,WINTER,july4 wk; EPCOT Flower And Garden; US school summer; Brazil winter,,rules,2026-09-13T06:17:30+00:00
2025-07-07,Mon,0,WEEKDAY,0,28,7,Jul,7,188,3,2025,JULY4_WK,,,0,0,0,0,0,JULY4,3,56,Labor Day,3,Independence Day,,,,SUMMER,"NE,SOUTH,MIDWEST,WEST,FL",0,,WINTER,july4 wk; US school summer; Brazil winter,,rules,2026-09-13T06:17:30+00:00
2025-07-08,Tue,1,WEEKDAY,0,28,7,Jul,8,189,3,2025,SUMMER_PEAK,,,0,0,0,0,0,JULY4,4,55,Labor Day,4,Independence Day,,,,SUMMER,"NE,SOUTH,MIDWEST,WEST,FL",0,,WINTER,summer peak; US school summer; Brazil winter,,rules,2026-09-13T06:17:30+00:00
2025-07-09,Wed,2,WEEKDAY,0,28,7,Jul,9,190,3,2025,SUMMER_PEAK,,,0,0,0,0,0,JULY4,5,54,Labor Day,5,Independence Day,,,,SUMMER,"NE,SOUTH,MIDWEST,WEST,FL",0,,WINTER,summer peak; US school summer; Brazil winter,,rules,2026-09-13T06:17:30+00:00
2025-07-10,Thu,3,WEEKDAY,0,28,7,Jul,10,191,3,2025,SUMMER_PEAK,,,0,0,0,0,0,JULY4,6,53,Labor Day,6,Independence Day,,,,SUMMER,"NE,SOUTH,MIDWEST,WEST,FL",0,,WINTER,summer peak; US school summer; Brazil winter,,rules,2026-09-13T06:17:30+00:00
2025-07-11,Fri,4,FRI,0,28,7,Jul,11,192,3,2025,SUMMER_PEAK,,,0,0,0,0,0,JULY4,7,52,Labor Day,7,Independence Day,,,,SUMMER,"NE,SOUTH,MIDWEST,WEST,FL",0,,WINTER,summer peak; US school summer; Brazil winter,,rules,2026-09-13T06:17:30+00:00
2025-07-12,Sat,5,SAT,1,28,7,Jul,12,193,3,2025,SUMMER_PEAK,,,0,0,0,0,0,JULY4,8,51,Labor Day,8,Independence Day,,,,SUMMER,"NE,SOUTH,MIDWEST,WEST,FL",0,,WINTER,summer peak; US school summer; Brazil winter,,rules,2026-09-13T06:17:30+00:00
2025-07-13,Sun,6,SUN,1,28,7,Jul,13,194,3,2025,SUMMER_PEAK,,,0,0,0,0,0,JULY4,9,50,Labor Day,9,Independence Day,,,,SUMMER,"NE,SOUTH,MIDWEST,WEST,FL",0,,WINTER,summer peak; US school summer; Brazil winter,,rules,2026-09-13T06:17:30+00:00
2025-07-14,Mon,0,WEEKDAY,0,29,7,Jul,14,195,3,2025,SUMMER_PEAK,,,0,0,0,0,0,JULY4,10,49,Labor Day,10,Independence Day,,,,SUMMER,"NE,SOUTH,MIDWEST,WEST,FL",0,,WINTER,summer peak; US school summer; Brazil winter,,rules,2026-09-13T06:17:30+00:00
2025-07-15,Tue,1,WEEKDAY,0,29,7,Jul,15,196,3,2025,SUMMER_PEAK,,,0,0,0,0,0,,,48,Labor Day,11,Independence Day,,,,SUMMER,"NE,SOUTH,MIDWEST,WEST,FL",0,,WINTER,summer peak; US school summer; Brazil winter,,rules,2026-09-13T06:17:30+00:00
2025-07-16,Wed,2,WEEKDAY,0,29,7,Jul,16,197,3,2025,SUMMER_PEAK,,,0,0,0,0,0,,,47,Labor Day,12,Independence Day,,,,SUMMER,"NE,SOUTH,MIDWEST,WEST,FL",0,,WINTER,summer peak; US school summer; Brazil winter,,rules,2026-09-13T06:17:30+00:00
2025-07-17,Thu,3,WEEKDAY,0,29,7,Jul,17,198,3,2025,SUMMER_PEAK,,,0,0,0,0,0,,,46,Labor Day,13,Independence Day,,,,SUMMER,"NE,SOUTH,MIDWEST,WEST,FL",0,,WINTER,summer peak; US school summer; Brazil winter,,rules,2026-09-13T06:17:30+00:00
2025-07-18,Fri,4,FRI,0,29,7,Jul,18,199,3,2025,SUMMER_PEAK,,,0,0,0,0,0,,,45,Labor Day,14,Independence Day,,,,SUMMER,"NE,SOUTH,MIDWEST,WEST,FL",0,,WINTER,summer peak; US school summer; Brazil winter,,rules,2026-09-13T06:17:30+00:00
2025-07-19,Sat,5,SAT,1,29,7,Jul,19,200,3,2025,SUMMER_PEAK,,,0,0,0,0,0,,,44,Labor Day,15,Independence Day,,,,SUMMER,"NE,SOUTH,MIDWEST,WEST,FL",0,,WINTER,summer peak; US school summer; Brazil winter,,rules,2026-09-13T06:17:30+00:00
2025-07-20,Sun,6,SUN,1,29,7,Jul,20,201,3,2025,SUMMER_PEAK,,,0,0,0,0,0,,,43,Labor Day,16,Independence Day,,,,SUMMER,"NE,SOUTH,MIDWEST,WEST,FL",0,,WINTER,summer peak; US school summer; Brazil winter,,rules,2026-09-13T06:17:30+00:00
2025-07-21,Mon,0,WEEKDAY,0,30,7,Jul,21,202,3,2025,SUMMER_PEAK,,,0,0,0,0,0,,,42,Labor Day,17,Independence Day,,,,SUMMER,"NE,SOUTH,MIDWEST,WEST,FL",0,,WINTER,summer peak; US school summer; Brazil winter,,rules,2026-09-13T06:17:30+00:00
2025-07-22,Tue,1,WEEKDAY,0,30,7,Jul,22,203,3,2025,SUMMER_PEAK,,,0,0,0,0,0,,,41,Labor Day,18,Independence Day,,,,SUMMER,"NE,SOUTH,MIDWEST,WEST,FL",0,,WINTER,summer peak; US school summer; Brazil winter,,rules,2026-09-13T06:17:30+00:00
2025-07-23,Wed,2,WEEKDAY,0,30,7,Jul,23,204,3,2025,SUMMER_PEAK,,,0,0,0,0,0,,,40,Labor Day,19,Independence Day,,,,SUMMER,"NE,SOUTH,MIDWEST,WEST,FL",0,SUMMER,WINTER,summer peak; US school summer; UK summer; Brazil winter,,rules,2026-09-13T06:17:30+00:00
2025-07-24,Thu,3,WEEKDAY,0,30,7,Jul,24,205,3,2025,SUMMER_PEAK,,,0,0,0,0,0,,,39,Labor Day,20,Independence Day,,,,SUMMER,"NE,SOUTH,MIDWEST,WEST,FL",0,SUMMER,WINTER,summer peak; US school summer; UK summer; Brazil winter,,rules,2026-09-13T06:17:30+00:00
2025-07-25,Fri,4,FRI,0,30,7,Jul,25,206,3,2025,SUMMER_PEAK,,,0,0,0,0,0,,,38,Labor Day,21,Independence Day,,,,SUMMER,"NE,SOUTH,MIDWEST,WEST,FL",0,SUMMER,WINTER,summer peak; US school summer; UK summer; Brazil winter,,rules,2026-09-13T06:17:30+00:00
2025-07-26,Sat,5,SAT,1,30,7,Jul,26,207,3,2025,SUMMER_PEAK,,,0,0,0,0,0,,,37,Labor Day,22,Independence Day,,,,SUMMER,"NE,SOUTH,MIDWEST,WEST,FL",0,SUMMER,WINTER,summer peak; US school summer; UK summer; Brazil winter,,rules,2026-09-13T06:17:30+00:00
2025-07-27,Sun,6,SUN,1,30,7,Jul,27,208,3,2025,SUMMER_PEAK,,,0,0,0,0,0,,,36,Labor Day,23,Independence Day,,,,SUMMER,"NE,SOUTH,MIDWEST,WEST,FL",0,SUMMER,WINTER,summer peak; US school summer; UK summer; Brazil winter,,rules,2026-09-13T06:17:30+00:00
2025-07-28,Mon,0,WEEKDAY,0,31,7,Jul,28,209,3,2025,SUMMER_PEAK,,,0,0,0,0,0,,,35,Labor Day,24,Independence Day,,,,SUMMER,"NE,SOUTH,MIDWEST,WEST,FL",0,SUMMER,WINTER,summer peak; US school summer; UK summer; Brazil winter,,rules,2026-09-13T06:17:30+00:00
2025-07-29,Tue,1,WEEKDAY,0,31,7,Jul,29,210,3,2025,SUMMER_PEAK,,,0,0,0,0,0,,,34,Labor Day,25,Independence Day,,,,SUMMER,"NE,SOUTH,MIDWEST,WEST,FL",0,SUMMER,WINTER,summer peak; US school summer; UK summer; Brazil winter,,rules,2026-09-13T06:17:30+00:00
2025-07-30,Wed,2,WEEKDAY,0,31,7,Jul,30,211,3,2025,SUMMER_PEAK,,,0,0,0,0,0,,,33,Labor Day,26,Independence Day,,,,SUMMER,"NE,SOUTH,MIDWEST,WEST,FL",0,SUMMER,WINTER,summer peak; US school summer; UK summer; Brazil winter,,rules,2026-09-13T06:17:30+00:00
2025-07-31,Thu,3,WEEKDAY,0,31,7,Jul,31,212,3,2025,SUMMER_PEAK,,,0,0,0,0,0,,,32,Labor Day,27,Independence Day,,,,SUMMER,"NE,SOUTH,MIDWEST,WEST,FL",0,SUMMER,WINTER,summer peak; US school summer; UK summer; Brazil winter,,rules,2026-09-13T06:17:30+00:00
2025-08-01,Fri,4,FRI,0,31,8,Aug,1,213,3,2025,SUMMER_PEAK,,,0,0,0,0,0,,,31,Labor Day,28,Independence Day,,,,SUMMER,"NE,SOUTH,MIDWEST,WEST,FL",0,SUMMER,,summer peak; US school summer; UK summer,,rules,2026-09-13T06:17:30+00:00
2025-08-02,Sat,5,SAT,1,31,8,Aug,2,214,3,2025,SUMMER_PEAK,,,0,0,0,0,0,,,30,Labor Day,29,Independence Day,,,,SUMMER,"NE,SOUTH,MIDWEST,WEST,FL",0,SUMMER,,summer peak; US school summer; UK summer,,rules,2026-09-13T06:17:30+00:00
2025-08-03,Sun,6,SUN,1,31,8,Aug,3,215,3,2025,SUMMER_PEAK,,,0,0,0,0,0,,,29,Labor Day,30,Independence Day,,,,SUMMER,"NE,SOUTH,MIDWEST,WEST,FL",0,SUMMER,,summer peak; US school summer; UK summer,,rules,2026-09-13T06:17:30+00:00
2025-08-04,Mon,0,WEEKDAY,0,32,8,Aug,4,216,3,2025,SUMMER_PEAK,,,0,0,0,0,0,,,28,Labor Day,31,Independence Day,,,,SUMMER,"NE,SOUTH,MIDWEST,WEST,FL",0,SUMMER,,summer peak; US school summer; UK summer,,rules,2026-09-13T06:17:30+00:00
2025-08-05,Tue,1,WEEKDAY,0,32,8,Aug,5,217,3,2025,SUMMER_PEAK,,,0,0,0,0,0,,,27,Labor Day,32,Independence Day,,,,SUMMER,"NE,SOUTH,MIDWEST,WEST,FL",0,SUMMER,,summer peak; US school summer; UK summer,,rules,2026-09-13T06:17:30+00:00
2025-08-06,Wed,2,WEEKDAY,0,32,8,Aug,6,218,3,2025,SUMMER_PEAK,,,0,0,0,0,0,,,26,Labor Day,33,Independence Day,,,,SUMMER,"NE,SOUTH,MIDWEST,WEST,FL",0,SUMMER,,summer peak; US school summer; UK summer,,rules,2026-09-13T06:17:30+00:00
2025-08-07,Thu,3,WEEKDAY,0,32,8,Aug,7,219,3,2025,SUMMER_PEAK,,,0,0,0,0,0,,,25,Labor Day,34,Independence Day,,,,SUMMER,"NE,SOUTH,MIDWEST,WEST,FL",0,SUMMER,,summer peak; US school summer; UK summer,,rules,2026-09-13T06:17:30+00:00
2025-08-08,Fri,4,FRI,0,32,8,Aug,8,220,3,2025,SUMMER_PEAK,,,0,0,0,0,0,,,24,Labor Day,35,Independence Day,,WDW_HALLOWEEN,,SUMMER,"NE,SOUTH,MIDWEST,WEST,FL",0,SUMMER,,summer peak; US school summer; UK summer,,rules,2026-09-13T06:17:30+00:00
2025-08-09,Sat,5,SAT,1,32,8,Aug,9,221,3,2025,SUMMER_PEAK,,,0,0,0,0,0,,,23,Labor Day,36,Independence Day,,WDW_HALLOWEEN,,SUMMER,"NE,SOUTH,MIDWEST,WEST,FL",0,SUMMER,,summer peak; US school summer; UK summer,,rules,2026-09-13T06:17:30+00:00
2025-08-10,Sun,6,SUN,1,32,8,Aug,10,222,3,2025,SUMMER_PEAK,,,0,0,0,0,0,,,22,Labor Day,37,Independence Day,,WDW_HALLOWEEN,,SUMMER,"NE,SOUTH,MIDWEST,WEST,FL",0,SUMMER,,summer peak; US school summer; UK summer,,rules,2026-09-13T06:17:30+00:00
2025-08-11,Mon,0,WEEKDAY,0,33,8,Aug,11,223,3,2025,LATE_SUMMER,,,0,0,0,0,0,,,21,Labor Day,38,Independence Day,,WDW_HALLOWEEN,,SUMMER,"NE,SOUTH,MIDWEST,WEST,FL",0,SUMMER,,late summer; US school summer; UK summer,,rules,2026-09-13T06:17:30+00:00
2025-08-12,Tue,1,WEEKDAY,0,33,8,Aug,12,224,3,2025,LATE_SUMMER,,,0,0,0,0,0,,,20,Labor Day,39,Independence Day,,WDW_HALLOWEEN,,SUMMER,"NE,SOUTH,MIDWEST,WEST,FL",0,SUMMER,,late summer; US school summer; UK summer,,rules,2026-09-13T06:17:30+00:00
2025-08-13,Wed,2,WEEKDAY,0,33,8,Aug,13,225,3,2025,LATE_SUMMER,,,0,0,0,0,0,,,19,Labor Day,40,Independence Day,,WDW_HALLOWEEN,,SUMMER,"NE,SOUTH,MIDWEST,WEST,FL",0,SUMMER,,late summer; US school summer; UK summer,,rules,2026-09-13T06:17:30+00:00
2025-08-14,Thu,3,WEEKDAY,0,33,8,Aug,14,226,3,2025,LATE_SUMMER,,,0,0,0,0,0,,,18,Labor Day,41,Independence Day,,WDW_HALLOWEEN,,SUMMER,"NE,SOUTH,MIDWEST,WEST,FL",0,SUMMER,,late summer; US school summer; UK summer,,rules,2026-09-13T06:17:30+00:00
2025-08-15,Fri,4,FRI,0,33,8,Aug,15,227,3,2025,LATE_SUMMER,,,0,0,0,0,0,,,17,Labor Day,42,Independence Day,HALLOWEEN_SEASON,WDW_HALLOWEEN,,SUMMER,"NE,SOUTH,MIDWEST,WEST,FL",0,SUMMER,,late summer; halloween season; US school summer; UK summer,,rules,2026-09-13T06:17:30+00:00
2025-08-16,Sat,5,SAT,1,33,8,Aug,16,228,3,2025,LATE_SUMMER,,,0,0,0,0,0,,,16,Labor Day,43,Independence Day,HALLOWEEN_SEASON,WDW_HALLOWEEN,,SUMMER,"NE,SOUTH,MIDWEST,WEST,FL",0,SUMMER,,late summer; halloween season; US school summer; UK summer,,rules,2026-09-13T06:17:30+00:00
2025-08-17,Sun,6,SUN,1,33,8,Aug,17,229,3,2025,LATE_SUMMER,,,0,0,0,0,0,,,15,Labor Day,44,Independence Day,HALLOWEEN_SEASON,WDW_HALLOWEEN,,,,0,SUMMER,,late summer; halloween season; UK summer,,rules,2026-09-13T06:17:30+00:00
2025-08-18,Mon,0,WEEKDAY,0,34,8,Aug,18,230,3,2025,LATE_SUMMER,,,0,0,0,0,0,,,14,Labor Day,45,Independence Day,HALLOWEEN_SEASON,WDW_HALLOWEEN,,,,0,SUMMER,,late summer; halloween season; UK summer,,rules,2026-09-13T06:17:30+00:00
2025-08-19,Tue,1,WEEKDAY,0,34,8,Aug,19,231,3,2025,LATE_SUMMER,,,0,0,0,0,0,,,13,Labor Day,46,Independence Day,HALLOWEEN_SEASON,WDW_HALLOWEEN,,,,0,SUMMER,,late summer; halloween season; UK summer,,rules,2026-09-13T06:17:30+00:00
2025-08-20,Wed,2,WEEKDAY,0,34,8,Aug,20,232,3,2025,LATE_SUMMER,,,0,0,0,0,0,,,12,Labor Day,47,Independence Day,HALLOWEEN_SEASON,WDW_HALLOWEEN,,,,0,SUMMER,,late summer; halloween season; UK summer,,rules,2026-09-13T06:17:30+00:00
2025-08-21,Thu,3,WEEKDAY,0,34,8,Aug,21,233,3,2025,LATE_SUMMER,,,0,0,0,0,0,,,11,Labor Day,48,Independence Day,HALLOWEEN_SEASON,WDW_HALLOWEEN,,,,0,SUMMER,,late summer; halloween season; UK summer,,rules,2026-09-13T06:17:30+00:00
2025-08-22,Fri,4,FRI,0,34,8,Aug,22,234,3,2025,LATE_SUMMER,,,0,0,0,0,0,LABOR,-10,10,Labor Day,49,Independence Day,HALLOWEEN_SEASON,WDW_HALLOWEEN,,,,0,SUMMER,,late summer; halloween season; UK summer,,rules,2026-09-13T06:17:30+00:00
2025-08-23,Sat,5,SAT,1,34,8,Aug,23,235,3,2025,LATE_SUMMER,,,0,0,0,0,0,LABOR,-9,9,Labor Day,50,Independence Day,HALLOWEEN_SEASON,WDW_HALLOWEEN,,,,0,SUMMER,,late summer; halloween season; UK summer,,rules,2026-09-13T06:17:30+00:00
2025-08-24,Sun,6,SUN,1,34,8,Aug,24,236,3,2025,LATE_SUMMER,,,0,0,0,0,0,LABOR,-8,8,Labor Day,51,Independence Day,HALLOWEEN_SEASON,WDW_HALLOWEEN,,,,0,SUMMER,,late summer; halloween season; UK summer,,rules,2026-09-13T06:17:30+00:00
2025-08-25,Mon,0,WEEKDAY,0,35,8,Aug,25,237,3,2025,LATE_SUMMER,,,0,0,0,0,0,LABOR,-7,7,Labor Day,52,Independence Day,HALLOWEEN_SEASON,WDW_HALLOWEEN,,,,0,SUMMER,,late summer; halloween season; UK summer,,rules,2026-09-13T06:17:30+00:00
2025-08-26,Tue,1,WEEKDAY,0,35,8,Aug,26,238,3,2025,LATE_SUMMER,,,0,0,0,0,0,LABOR,-6,6,Labor Day,53,Independence Day,HALLOWEEN_SEASON,WDW_HALLOWEEN,,,,0,SUMMER,,late summer; halloween season; UK summer,,rules,2026-09-13T06:17:30+00:00
2025-08-27,Wed,2,WEEKDAY,0,35,8,Aug,27,239,3,2025,LATE_SUMMER,,,0,0,0,0,0,LABOR,-5,5,Labor Day,54,Independence Day,HALLOWEEN_SEASON,WDW_HALLOWEEN,FOOD_AND_WINE,,,0,SUMMER,,late summer; halloween season; EPCOT Food And Wine; UK summer,,rules,2026-09-13T06:17:30+00:00
2025-08-28,Thu,3,WEEKDAY,0,35,8,Aug,28,240,3,2025,LATE_SUMMER,,,0,0,0,0,0,LABOR,-4,4,Labor Day,55,Independence Day,HALLOWEEN_SEASON,WDW_HALLOWEEN,FOOD_AND_WINE,,,0,SUMMER,,late summer; halloween season; EPCOT Food And Wine; UK summer,,rules,2026-09-13T06:17:30+00:00
2025-08-29,Fri,4,FRI,0,35,8,Aug,29,241,3,2025,LABOR_WKND,,,0,0,0,1,0,LABOR,-3,3,Labor Day,56,Independence Day,HALLOWEEN_SEASON,"UOR_HHN,WDW_HALLOWEEN",FOOD_AND_WINE,,,0,SUMMER,,long weekend; labor wknd; halloween season; EPCOT Food And Wine; UK summer,,rules,2026-09-13T06:17:30+00:00
2025-08-30,Sat,5,SAT,1,35,8,Aug,30,242,3,2025,LABOR_WKND,,,0,0,0,1,0,LABOR,-2,2,Labor Day,57,Independence Day,HALLOWEEN_SEASON,"UOR_HHN,WDW_HALLOWEEN",FOOD_AND_WINE,,,0,SUMMER,,long weekend; labor wknd; halloween season; EPCOT Food And Wine; UK summer,,rules,2026-09-13T06:17:30+00:00
2025-08-31,Sun,6,SUN,1,35,8,Aug,31,243,3,2025,LABOR_WKND,,,0,1,0,1,0,LABOR,-1,1,Labor Day,58,Independence Day,HALLOWEEN_SEASON,"UOR_HHN,WDW_HALLOWEEN",FOOD_AND_WINE,,,0,SUMMER,,long weekend; labor wknd; halloween season; EPCOT Food And Wine; UK summer,,rules,2026-09-13T06:17:30+00:00
2025-09-01,Mon,0,WEEKDAY,0,36,9,Sep,1,244,3,2025,LABOR_WKND,Labor Day,federal,1,0,0,1,0,LABOR,0,42,Columbus Day,59,Independence Day,HALLOWEEN_SEASON,"UOR_HHN,WDW_HALLOWEEN",FOOD_AND_WINE,,,0,SUMMER,,Labor Day; labor wknd; halloween season; EPCOT Food And Wine; UK summer,,rules,2026-09-13T06:17:30+00:00
2025-09-02,Tue,1,WEEKDAY,0,36,9,Sep,2,245,3,2025,LABOR_WKND,,,0,0,1,0,0,LABOR,1,41,Columbus Day,1,Labor Day,HALLOWEEN_SEASON,"UOR_HHN,WDW_HALLOWEEN",FOOD_AND_WINE,,,0,,,labor wknd; halloween season; EPCOT Food And Wine,,rules,2026-09-13T06:17:30+00:00
2025-09-03,Wed,2,WEEKDAY,0,36,9,Sep,3,246,3,2025,FALL_OFFPEAK,,,0,0,0,0,0,LABOR,2,40,Columbus Day,2,Labor Day,HALLOWEEN_SEASON,"UOR_HHN,WDW_HALLOWEEN",FOOD_AND_WINE,,,0,,,fall offpeak; halloween season; EPCOT Food And Wine,,rules,2026-09-13T06:17:30+00:00
2025-09-04,Thu,3,WEEKDAY,0,36,9,Sep,4,247,3,2025,FALL_OFFPEAK,,,0,0,0,0,0,LABOR,3,39,Columbus Day,3,Labor Day,HALLOWEEN_SEASON,"UOR_HHN,WDW_HALLOWEEN",FOOD_AND_WINE,,,0,,,fall offpeak; halloween season; EPCOT Food And Wine,,rules,2026-09-13T06:17:30+00:00
2025-09-05,Fri,4,FRI,0,36,9,Sep,5,248,3,2025,FALL_OFFPEAK,,,0,0,0,0,0,LABOR,4,38,Columbus Day,4,Labor Day,HALLOWEEN_SEASON,"SEA_HOS,UOR_HHN,WDW_HALLOWEEN",FOOD_AND_WINE,,,0,,,fall offpeak; halloween season; EPCOT Food And Wine,,rules,2026-09-13T06:17:30+00:00
2025-09-06,Sat,5,SAT,1,36,9,Sep,6,249,3,2025,FALL_OFFPEAK,,,0,0,0,0,0,LABOR,5,37,Columbus Day,5,Labor Day,HALLOWEEN_SEASON,"SEA_HOS,UOR_HHN,WDW_HALLOWEEN",FOOD_AND_WINE,,,0,,,fall offpeak; halloween season; EPCOT Food And Wine,,rules,2026-09-13T06:17:30+00:00
2025-09-07,Sun,6,SUN,1,36,9,Sep,7,250,3,2025,FALL_OFFPEAK,,,0,0,0,0,0,LABOR,6,36,Columbus Day,6,Labor Day,HALLOWEEN_SEASON,"SEA_HOS,UOR_HHN,WDW_HALLOWEEN",FOOD_AND_WINE,,,0,,,fall offpeak; halloween season; EPCOT Food And Wine,,rules,2026-09-13T06:17:30+00:00
2025-09-08,Mon,0,WEEKDAY,0,37,9,Sep,8,251,3,2025,FALL_OFFPEAK,,,0,0,0,0,0,LABOR,7,35,Columbus Day,7,Labor Day,HALLOWEEN_SEASON,"SEA_HOS,UOR_HHN,WDW_HALLOWEEN",FOOD_AND_WINE,,,0,,,fall offpeak; halloween season; EPCOT Food And Wine,,rules,2026-09-13T06:17:30+00:00
2025-09-09,Tue,1,WEEKDAY,0,37,9,Sep,9,252,3,2025,FALL_OFFPEAK,,,0,0,0,0,0,LABOR,8,34,Columbus Day,8,Labor Day,HALLOWEEN_SEASON,"SEA_HOS,UOR_HHN,WDW_HALLOWEEN",FOOD_AND_WINE,,,0,,,fall offpeak; halloween season; EPCOT Food And Wine,,rules,2026-09-13T06:17:30+00:00
2025-09-10,Wed,2,WEEKDAY,0,37,9,Sep,10,253,3,2025,FALL_OFFPEAK,,,0,0,0,0,0,LABOR,9,33,Columbus Day,9,Labor Day,HALLOWEEN_SEASON,"SEA_HOS,UOR_HHN,WDW_HALLOWEEN",FOOD_AND_WINE,,,0,,,fall offpeak; halloween season; EPCOT Food And Wine,,rules,2026-09-13T06:17:30+00:00
2025-09-11,Thu,3,WEEKDAY,0,37,9,Sep,11,254,3,2025,FALL_OFFPEAK,,,0,0,0,0,0,LABOR,10,32,Columbus Day,10,Labor Day,HALLOWEEN_SEASON,"SEA_HOS,UOR_HHN,WDW_HALLOWEEN",FOOD_AND_WINE,,,0,,,fall offpeak; halloween season; EPCOT Food And Wine,,rules,2026-09-13T06:17:30+00:00
2025-09-12,Fri,4,FRI,0,37,9,Sep,12,255,3,2025,FALL_OFFPEAK,,,0,0,0,0,0,,,31,Columbus Day,11,Labor Day,HALLOWEEN_SEASON,"SEA_HOS,UOR_HHN,WDW_HALLOWEEN",FOOD_AND_WINE,,,0,,,fall offpeak; halloween season; EPCOT Food And Wine,,rules,2026-09-13T06:17:30+00:00
2025-09-13,Sat,5,SAT,1,37,9,Sep,13,256,3,2025,FALL_OFFPEAK,,,0,0,0,0,0,,,30,Columbus Day,12,Labor Day,HALLOWEEN_SEASON,"SEA_HOS,UOR_HHN,WDW_HALLOWEEN",FOOD_AND_WINE,,,0,,,fall offpeak; halloween season; EPCOT Food And Wine,,rules,2026-09-13T06:17:30+00:00
2025-09-14,Sun,6,SUN,1,37,9,Sep,14,257,3,2025,FALL_OFFPEAK,,,0,0,0,0,0,,,29,Columbus Day,13,Labor Day,HALLOWEEN_SEASON,"SEA_HOS,UOR_HHN,WDW_HALLOWEEN",FOOD_AND_WINE,,,0,,,fall offpeak; halloween season; EPCOT Food And Wine,,rules,2026-09-13T06:17:30+00:00
2025-09-15,Mon,0,WEEKDAY,0,38,9,Sep,15,258,3,2025,FALL_OFFPEAK,,,0,0,0,0,0,,,28,Columbus Day,14,Labor Day,HALLOWEEN_SEASON,"SEA_HOS,UOR_HHN,WDW_HALLOWEEN",FOOD_AND_WINE,,,0,,,fall offpeak; halloween season; EPCOT Food And Wine,,rules,2026-09-13T06:17:30+00:00
2025-09-16,Tue,1,WEEKDAY,0,38,9,Sep,16,259,3,2025,FALL_OFFPEAK,,,0,0,0,0,0,,,27,Columbus Day,15,Labor Day,HALLOWEEN_SEASON,"SEA_HOS,UOR_HHN,WDW_HALLOWEEN",FOOD_AND_WINE,,,0,,,fall offpeak; halloween season; EPCOT Food And Wine,,rules,2026-09-13T06:17:30+00:00
2025-09-17,Wed,2,WEEKDAY,0,38,9,Sep,17,260,3,2025,FALL_OFFPEAK,,,0,0,0,0,0,,,26,Columbus Day,16,Labor Day,HALLOWEEN_SEASON,"SEA_HOS,UOR_HHN,WDW_HALLOWEEN",FOOD_AND_WINE,,,0,,,fall offpeak; halloween season; EPCOT Food And Wine,,rules,2026-09-13T06:17:30+00:00
2025-09-18,Thu,3,WEEKDAY,0,38,9,Sep,18,261,3,2025,FALL_OFFPEAK,,,0,0,0,0,0,,,25,Columbus Day,17,Labor Day,HALLOWEEN_SEASON,"SEA_HOS,UOR_HHN,WDW_HALLOWEEN",FOOD_AND_WINE,,,0,,,fall offpeak; halloween season; EPCOT Food And Wine,,rules,2026-09-13T06:17:30+00:00
2025-09-19,Fri,4,FRI,0,38,9,Sep,19,262,3,2025,FALL_OFFPEAK,,,0,0,0,0,0,,,24,Columbus Day,18,Labor Day,HALLOWEEN_SEASON,"SEA_HOS,UOR_HHN,WDW_HALLOWEEN",FOOD_AND_WINE,,,0,,,fall offpeak; halloween season; EPCOT Food And Wine,,rules,2026-09-13T06:17:30+00:00
2025-09-20,Sat,5,SAT,1,38,9,Sep,20,263,3,2025,FALL_OFFPEAK,,,0,0,0,0,0,,,23,Columbus Day,19,Labor Day,HALLOWEEN_SEASON,"SEA_HOS,UOR_HHN,WDW_HALLOWEEN",FOOD_AND_WINE,,,0,,,fall offpeak; halloween season; EPCOT Food And Wine,,rules,2026-09-13T06:17:30+00:00
2025-09-21,Sun,6,SUN,1,38,9,Sep,21,264,3,2025,FALL_OFFPEAK,,,0,0,0,0,0,,,22,Columbus Day,20,Labor Day,HALLOWEEN_SEASON,"SEA_HOS,UOR_HHN,WDW_HALLOWEEN",FOOD_AND_WINE,,,0,,,fall offpeak; halloween season; EPCOT Food And Wine,,rules,2026-09-13T06:17:30+00:00
2025-09-22,Mon,0,WEEKDAY,0,39,9,Sep,22,265,3,2025,FALL_OFFPEAK,,,0,0,0,0,0,,,21,Columbus Day,21,Labor Day,HALLOWEEN_SEASON,"SEA_HOS,UOR_HHN,WDW_HALLOWEEN",FOOD_AND_WINE,,,0,,,fall offpeak; halloween season; EPCOT Food And Wine,,rules,2026-09-13T06:17:30+00:00
2025-09-23,Tue,1,WEEKDAY,0,39,9,Sep,23,266,3,2025,FALL_OFFPEAK,,,0,0,0,0,0,,,20,Columbus Day,22,Labor Day,HALLOWEEN_SEASON,"SEA_HOS,UOR_HHN,WDW_HALLOWEEN",FOOD_AND_WINE,,,0,,,fall offpeak; halloween season; EPCOT Food And Wine,,rules,2026-09-13T06:17:30+00:00
2025-09-24,Wed,2,WEEKDAY,0,39,9,Sep,24,267,3,2025,FALL_OFFPEAK,,,0,0,0,0,0,,,19,Columbus Day,23,Labor Day,HALLOWEEN_SEASON,"SEA_HOS,UOR_HHN,WDW_HALLOWEEN",FOOD_AND_WINE,,,0,,,fall offpeak; halloween season; EPCOT Food And Wine,,rules,2026-09-13T06:17:30+00:00
2025-09-25,Thu,3,WEEKDAY,0,39,9,Sep,25,268,3,2025,FALL_OFFPEAK,,,0,0,0,0,0,,,18,Columbus Day,24,Labor Day,HALLOWEEN_SEASON,"SEA_HOS,UOR_HHN,WDW_HALLOWEEN",FOOD_AND_WINE,,,0,,,fall offpeak; halloween season; EPCOT Food And Wine,,rules,2026-09-13T06:17:30+00:00
2025-09-26,Fri,4,FRI,0,39,9,Sep,26,269,3,2025,FALL_OFFPEAK,,,0,0,0,0,0,,,17,Columbus Day,25,Labor Day,HALLOWEEN_SEASON,"SEA_HOS,UOR_HHN,WDW_HALLOWEEN",FOOD_AND_WINE,,,0,,,fall offpeak; halloween season; EPCOT Food And Wine,,rules,2026-09-13T06:17:30+00:00
2025-09-27,Sat,5,SAT,1,39,9,Sep,27,270,3,2025,FALL_OFFPEAK,,,0,0,0,0,0,,,16,Columbus Day,26,Labor Day,HALLOWEEN_SEASON,"SEA_HOS,UOR_HHN,WDW_HALLOWEEN",FOOD_AND_WINE,,,0,,,fall offpeak; halloween season; EPCOT Food And Wine,,rules,2026-09-13T06:17:30+00:00
2025-09-28,Sun,6,SUN,1,39,9,Sep,28,271,3,2025,FALL_OFFPEAK,,,0,0,0,0,0,,,15,Columbus Day,27,Labor Day,HALLOWEEN_SEASON,"SEA_HOS,UOR_HHN,WDW_HALLOWEEN",FOOD_AND_WINE,,,0,,,fall offpeak; halloween season; EPCOT Food And Wine,,rules,2026-09-13T06:17:30+00:00
2025-09-29,Mon,0,WEEKDAY,0,40,9,Sep,29,272,3,2025,FALL_OFFPEAK,,,0,0,0,0,0,,,14,Columbus Day,28,Labor Day,HALLOWEEN_SEASON,"SEA_HOS,UOR_HHN,WDW_HALLOWEEN",FOOD_AND_WINE,,,0,,,fall offpeak; halloween season; EPCOT Food And Wine,,rules,2026-09-13T06:17:30+00:00
2025-09-30,Tue,1,WEEKDAY,0,40,9,Sep,30,273,3,2025,FALL_OFFPEAK,,,0,0,0,0,0,,,13,Columbus Day,29,Labor Day,HALLOWEEN_SEASON,"SEA_HOS,UOR_HHN,WDW_HALLOWEEN",FOOD_AND_WINE,,,0,,,fall offpeak; halloween season; EPCOT Food And Wine,,rules,2026-09-13T06:17:30+00:00
2025-10-01,Wed,2,WEEKDAY,0,40,10,Oct,1,274,4,2025,FALL_OFFPEAK,,,0,0,0,0,0,,,12,Columbus Day,30,Labor Day,HALLOWEEN_SEASON,"SEA_HOS,UOR_HHN,WDW_HALLOWEEN",FOOD_AND_WINE,,,0,,,fall offpeak; halloween season; EPCOT Food And Wine,,rules,2026-09-13T06:17:30+00:00
2025-10-02,Thu,3,WEEKDAY,0,40,10,Oct,2,275,4,2025,FALL_OFFPEAK,,,0,0,0,0,0,,,11,Columbus Day,31,Labor Day,HALLOWEEN_SEASON,"SEA_HOS,UOR_HHN,WDW_HALLOWEEN",FOOD_AND_WINE,,,0,,,fall offpeak; halloween season; EPCOT Food And Wine,,rules,2026-09-13T06:17:30+00:00
2025-10-03,Fri,4,FRI,0,40,10,Oct,3,276,4,2025,FALL_OFFPEAK,,,0,0,0,0,0,COLUMBUS,-10,10,Columbus Day,32,Labor Day,HALLOWEEN_SEASON,"SEA_HOS,UOR_HHN,WDW_HALLOWEEN",FOOD_AND_WINE,,,0,,,fall offpeak; halloween season; EPCOT Food And Wine,,rules,2026-09-13T06:17:30+00:00
2025-10-04,Sat,5,SAT,1,40,10,Oct,4,277,4,2025,FALL_OFFPEAK,,,0,0,0,0,0,COLUMBUS,-9,9,Columbus Day,33,Labor Day,HALLOWEEN_SEASON,"SEA_HOS,UOR_HHN,WDW_HALLOWEEN",FOOD_AND_WINE,,,0,,,fall offpeak; halloween season; EPCOT Food And Wine,,rules,2026-09-13T06:17:30+00:00
2025-10-05,Sun,6,SUN,1,40,10,Oct,5,278,4,2025,FALL_OFFPEAK,,,0,0,0,0,0,COLUMBUS,-8,8,Columbus Day,34,Labor Day,HALLOWEEN_SEASON,"SEA_HOS,UOR_HHN,WDW_HALLOWEEN",FOOD_AND_WINE,,,0,,,fall offpeak; halloween season; EPCOT Food And Wine,,rules,2026-09-13T06:17:30+00:00
2025-10-06,Mon,0,WEEKDAY,0,41,10,Oct,6,279,4,2025,FALL_OFFPEAK,,,0,0,0,0,0,COLUMBUS,-7,7,Columbus Day,35,Labor Day,HALLOWEEN_SEASON,"SEA_HOS,UOR_HHN,WDW_HALLOWEEN",FOOD_AND_WINE,,,0,,,fall offpeak; halloween season; EPCOT Food And Wine,,rules,2026-09-13T06:17:30+00:00
2025-10-07,Tue,1,WEEKDAY,0,41,10,Oct,7,280,4,2025,FALL_OFFPEAK,,,0,0,0,0,0,COLUMBUS,-6,6,Columbus Day,36,Labor Day,HALLOWEEN_SEASON,"SEA_HOS,UOR_HHN,WDW_HALLOWEEN",FOOD_AND_WINE,,,0,,,fall offpeak; halloween season; EPCOT Food And Wine,,rules,2026-09-13T06:17:30+00:00
2025-10-08,Wed,2,WEEKDAY,0,41,10,Oct,8,281,4,2025,FALL_OFFPEAK,,,0,0,0,0,0,COLUMBUS,-5,5,Columbus Day,37,Labor Day,HALLOWEEN_SEASON,"SEA_HOS,UOR_HHN,WDW_HALLOWEEN",FOOD_AND_WINE,,,0,,,fall offpeak; halloween season; EPCOT Food And Wine,,rules,2026-09-13T06:17:30+00:00
2025-10-09,Thu,3,WEEKDAY,0,41,10,Oct,9,282,4,2025,FALL_OFFPEAK,,,0,0,0,0,0,COLUMBUS,-4,4,Columbus Day,38,Labor Day,HALLOWEEN_SEASON,"SEA_HOS,UOR_HHN,WDW_HALLOWEEN",FOOD_AND_WINE,,,0,,,fall offpeak; halloween season; EPCOT Food And Wine,,rules,2026-09-13T06:17:30+00:00
2025-10-10,Fri,4,FRI,0,41,10,Oct,10,283,4,2025,FALL_OFFPEAK,,,0,0,0,1,0,COLUMBUS,-3,3,Columbus Day,39,Labor Day,HALLOWEEN_SEASON,"SEA_HOS,UOR_HHN,WDW_HALLOWEEN",FOOD_AND_WINE,,,0,,,long weekend; fall offpeak; halloween season; EPCOT Food And Wine,,rules,2026-09-13T06:17:30+00:00
2025-10-11,Sat,5,SAT,1,41,10,Oct,11,284,4,2025,FALL_OFFPEAK,,,0,0,0,1,0,COLUMBUS,-2,2,Columbus Day,40,Labor Day,HALLOWEEN_SEASON,"SEA_HOS,UOR_HHN,WDW_HALLOWEEN",FOOD_AND_WINE,,,0,,,long weekend; fall offpeak; halloween season; EPCOT Food And Wine,,rules,2026-09-13T06:17:30+00:00
2025-10-12,Sun,6,SUN,1,41,10,Oct,12,285,4,2025,FALL_OFFPEAK,,,0,1,0,1,0,COLUMBUS,-1,1,Columbus Day,41,Labor Day,HALLOWEEN_SEASON,"SEA_HOS,UOR_HHN,WDW_HALLOWEEN",FOOD_AND_WINE,,,0,,,long weekend; fall offpeak; halloween season; EPCOT Food And Wine,,rules,2026-09-13T06:17:30+00:00
2025-10-13,Mon,0,WEEKDAY,0,42,10,Oct,13,286,4,2025,FALL_OFFPEAK,Columbus Day,federal,1,0,0,1,0,COLUMBUS,0,29,Veterans Day,42,Labor Day,HALLOWEEN_SEASON,"SEA_HOS,UOR_HHN,WDW_HALLOWEEN",FOOD_AND_WINE,,,0,,,Columbus Day; fall offpeak; halloween season; EPCOT Food And Wine,,rules,2026-09-13T06:17:30+00:00
2025-10-14,Tue,1,WEEKDAY,0,42,10,Oct,14,287,4,2025,FALL_OFFPEAK,,,0,0,1,0,0,COLUMBUS,1,28,Veterans Day,1,Columbus Day,HALLOWEEN_SEASON,"SEA_HOS,UOR_HHN,WDW_HALLOWEEN",FOOD_AND_WINE,,,0,,,fall offpeak; halloween season; EPCOT Food And Wine,,rules,2026-09-13T06:17:30+00:00
2025-10-15,Wed,2,WEEKDAY,0,42,10,Oct,15,288,4,2025,FALL_OFFPEAK,,,0,0,0,0,0,COLUMBUS,2,27,Veterans Day,2,Columbus Day,HALLOWEEN_SEASON,"SEA_HOS,UOR_HHN,WDW_HALLOWEEN",FOOD_AND_WINE,,,0,,,fall offpeak; halloween season; EPCOT Food And Wine,,rules,2026-09-13T06:17:30+00:00
2025-10-16,Thu,3,WEEKDAY,0,42,10,Oct,16,289,4,2025,FALL_OFFPEAK,,,0,0,0,0,0,COLUMBUS,3,26,Veterans Day,3,Columbus Day,HALLOWEEN_SEASON,"SEA_HOS,UOR_HHN,WDW_HALLOWEEN",FOOD_AND_WINE,,,0,,,fall offpeak; halloween season; EPCOT Food And Wine,,rules,2026-09-13T06:17:30+00:00
2025-10-17,Fri,4,FRI,0,42,10,Oct,17,290,4,2025,FALL_OFFPEAK,,,0,0,0,0,0,COLUMBUS,4,25,Veterans Day,4,Columbus Day,HALLOWEEN_SEASON,"SEA_HOS,UOR_HHN,WDW_HALLOWEEN",FOOD_AND_WINE,,,0,,,fall offpeak; halloween season; EPCOT Food And Wine,,rules,2026-09-13T06:17:30+00:00
2025-10-18,Sat,5,SAT,1,42,10,Oct,18,291,4,2025,FALL_OFFPEAK,,,0,0,0,0,0,COLUMBUS,5,24,Veterans Day,5,Columbus Day,HALLOWEEN_SEASON,"SEA_HOS,UOR_HHN,WDW_HALLOWEEN",FOOD_AND_WINE,,,0,,,fall offpeak; halloween season; EPCOT Food And Wine,,rules,2026-09-13T06:17:30+00:00
2025-10-19,Sun,6,SUN,1,42,10,Oct,19,292,4,2025,FALL_OFFPEAK,,,0,0,0,0,0,COLUMBUS,6,23,Veterans Day,6,Columbus Day,HALLOWEEN_SEASON,"SEA_HOS,UOR_HHN,WDW_HALLOWEEN",FOOD_AND_WINE,,,0,,,fall offpeak; halloween season; EPCOT Food And Wine,,rules,2026-09-13T06:17:30+00:00
2025-10-20,Mon,0,WEEKDAY,0,43,10,Oct,20,293,4,2025,FALL_OFFPEAK,,,0,0,0,0,0,COLUMBUS,7,22,Veterans Day,7,Columbus Day,HALLOWEEN_SEASON,"SEA_HOS,UOR_HHN,WDW_HALLOWEEN",FOOD_AND_WINE,,,0,,,fall offpeak; halloween season; EPCOT Food And Wine,,rules,2026-09-13T06:17:30+00:00
2025-10-21,Tue,1,WEEKDAY,0,43,10,Oct,21,294,4,2025,FALL_OFFPEAK,,,0,0,0,0,0,COLUMBUS,8,21,Veterans Day,8,Columbus Day,HALLOWEEN_SEASON,"SEA_HOS,UOR_HHN,WDW_HALLOWEEN",FOOD_AND_WINE,,,0,,,fall offpeak; halloween season; EPCOT Food And Wine,,rules,2026-09-13T06:17:30+00:00
2025-10-22,Wed,2,WEEKDAY,0,43,10,Oct,22,295,4,2025,FALL_OFFPEAK,,,0,0,0,0,0,COLUMBUS,9,20,Veterans Day,9,Columbus Day,HALLOWEEN_SEASON,"SEA_HOS,UOR_HHN,WDW_HALLOWEEN",FOOD_AND_WINE,,,0,,,fall offpeak; halloween season; EPCOT Food And Wine,,rules,2026-09-13T06:17:30+00:00
2025-10-23,Thu,3,WEEKDAY,0,43,10,Oct,23,296,4,2025,FALL_OFFPEAK,,,0,0,0,0,0,HALLOWEEN,-8,19,Veterans Day,10,Columbus Day,HALLOWEEN_SEASON,"SEA_HOS,UOR_HHN,WDW_HALLOWEEN",FOOD_AND_WINE,,,0,,,fall offpeak; halloween season; EPCOT Food And Wine,,rules,2026-09-13T06:17:30+00:00
2025-10-24,Fri,4,FRI,0,43,10,Oct,24,297,4,2025,FALL_OFFPEAK,,,0,0,0,0,0,HALLOWEEN,-7,18,Veterans Day,11,Columbus Day,HALLOWEEN_SEASON,"SEA_HOS,UOR_HHN,WDW_HALLOWEEN",FOOD_AND_WINE,,,0,OCT_HALF_TERM,,fall offpeak; halloween season; EPCOT Food And Wine; UK oct half term,,rules,2026-09-13T06:17:30+00:00
2025-10-25,Sat,5,SAT,1,43,10,Oct,25,298,4,2025,FALL_OFFPEAK,,,0,0,0,0,0,HALLOWEEN,-6,17,Veterans Day,12,Columbus Day,HALLOWEEN_SEASON,"SEA_HOS,UOR_HHN,WDW_HALLOWEEN",FOOD_AND_WINE,,,0,OCT_HALF_TERM,,fall offpeak; halloween season; EPCOT Food And Wine; UK oct half term,,rules,2026-09-13T06:17:30+00:00
2025-10-26,Sun,6,SUN,1,43,10,Oct,26,299,4,2025,FALL_OFFPEAK,,,0,0,0,0,0,HALLOWEEN,-5,16,Veterans Day,13,Columbus Day,HALLOWEEN_SEASON,"SEA_HOS,UOR_HHN,WDW_HALLOWEEN",FOOD_AND_WINE,,,0,OCT_HALF_TERM,,fall offpeak; halloween season; EPCOT Food And Wine; UK oct half term,,rules,2026-09-13T06:17:30+00:00
2025-10-27,Mon,0,WEEKDAY,0,44,10,Oct,27,300,4,2025,FALL_OFFPEAK,,,0,0,0,0,0,HALLOWEEN,-4,15,Veterans Day,14,Columbus Day,HALLOWEEN_SEASON,"SEA_HOS,UOR_HHN,WDW_HALLOWEEN",FOOD_AND_WINE,,,0,OCT_HALF_TERM,,fall offpeak; halloween season; EPCOT Food And Wine; UK oct half term,,rules,2026-09-13T06:17:30+00:00
2025-10-28,Tue,1,WEEKDAY,0,44,10,Oct,28,301,4,2025,FALL_OFFPEAK,,,0,0,0,0,0,HALLOWEEN,-3,14,Veterans Day,15,Columbus Day,HALLOWEEN_SEASON,"SEA_HOS,UOR_HHN,WDW_HALLOWEEN",FOOD_AND_WINE,,,0,OCT_HALF_TERM,,fall offpeak; halloween season; EPCOT Food And Wine; UK oct half term,,rules,2026-09-13T06:17:30+00:00
2025-10-29,Wed,2,WEEKDAY,0,44,10,Oct,29,302,4,2025,FALL_OFFPEAK,,,0,0,0,0,0,HALLOWEEN,-2,13,Veterans Day,16,Columbus Day,HALLOWEEN_SEASON,"SEA_HOS,UOR_HHN,WDW_HALLOWEEN",FOOD_AND_WINE,,,0,OCT_HALF_TERM,,fall offpeak; halloween season; EPCOT Food And Wine; UK oct half term,,rules,2026-09-13T06:17:30+00:00
2025-10-30,Thu,3,WEEKDAY,0,44,10,Oct,30,303,4,2025,FALL_OFFPEAK,,,0,0,0,0,0,HALLOWEEN,-1,12,Veterans Day,17,Columbus Day,HALLOWEEN_SEASON,"SEA_HOS,UOR_HHN,WDW_HALLOWEEN",FOOD_AND_WINE,,,0,OCT_HALF_TERM,,fall offpeak; halloween season; EPCOT Food And Wine; UK oct half term,,rules,2026-09-13T06:17:30+00:00
2025-10-31,Fri,4,FRI,0,44,10,Oct,31,304,4,2025,FALL_OFFPEAK,,,0,0,0,0,0,HALLOWEEN,0,11,Veterans Day,18,Columbus Day,HALLOWEEN_SEASON,"SEA_HOS,UOR_HHN,WDW_HALLOWEEN",FOOD_AND_WINE,,,0,OCT_HALF_TERM,,fall offpeak; halloween season; EPCOT Food And Wine; UK oct half term,,rules,2026-09-13T06:17:30+00:00
2025-11-01,Sat,5,SAT,1,44,11,Nov,1,305,4,2025,FALL_OFFPEAK,,,0,0,0,0,0,HALLOWEEN,1,10,Veterans Day,19,Columbus Day,,"SEA_HOS,UOR_HHN",FOOD_AND_WINE,,,0,,,fall offpeak; EPCOT Food And Wine,,rules,2026-09-13T06:17:30+00:00
2025-11-02,Sun,6,SUN,1,44,11,Nov,2,306,4,2025,FALL_OFFPEAK,,,0,0,0,0,0,HALLOWEEN,2,9,Veterans Day,20,Columbus Day,,"SEA_HOS,UOR_HHN",FOOD_AND_WINE,,,0,,,fall offpeak; EPCOT Food And Wine,,rules,2026-09-13T06:17:30+00:00
2025-11-03,Mon,0,WEEKDAY,0,45,11,Nov,3,307,4,2025,FALL_OFFPEAK,,,0,0,0,0,0,HALLOWEEN,3,8,Veterans Day,21,Columbus Day,,,FOOD_AND_WINE,,,0,,,fall offpeak; EPCOT Food And Wine,,rules,2026-09-13T06:17:30+00:00
2025-11-04,Tue,1,WEEKDAY,0,45,11,Nov,4,308,4,2025,FALL_OFFPEAK,,,0,0,0,0,0,HALLOWEEN,4,7,Veterans Day,22,Columbus Day,,,FOOD_AND_WINE,,,0,,,fall offpeak; EPCOT Food And Wine,,rules,2026-09-13T06:17:30+00:00
2025-11-05,Wed,2,WEEKDAY,0,45,11,Nov,5,309,4,2025,JERSEY_WEEK,,,0,0,0,0,0,HALLOWEEN,5,6,Veterans Day,23,Columbus Day,,,FOOD_AND_WINE,,,0,,,jersey week; EPCOT Food And Wine,,rules,2026-09-13T06:17:30+00:00
2025-11-06,Thu,3,WEEKDAY,0,45,11,Nov,6,310,4,2025,JERSEY_WEEK,,,0,0,0,0,0,HALLOWEEN,6,5,Veterans Day,24,Columbus Day,,,FOOD_AND_WINE,,,0,,,jersey week; EPCOT Food And Wine,,rules,2026-09-13T06:17:30+00:00
2025-11-07,Fri,4,FRI,0,45,11,Nov,7,311,4,2025,JERSEY_WEEK,,,0,0,0,0,0,HALLOWEEN,7,4,Veterans Day,25,Columbus Day,,,FOOD_AND_WINE,,,0,,,jersey week; EPCOT Food And Wine,,rules,2026-09-13T06:17:30+00:00
2025-11-08,Sat,5,SAT,1,45,11,Nov,8,312,4,2025,JERSEY_WEEK,,,0,0,0,0,0,HALLOWEEN,8,3,Veterans Day,26,Columbus Day,HOLIDAY_SEASON,WDW_HOLIDAY,FOOD_AND_WINE,,,0,,,jersey week; holiday season; EPCOT Food And Wine,,rules,2026-09-13T06:17:30+00:00
2025-11-09,Sun,6,SUN,1,45,11,Nov,9,313,4,2025,JERSEY_WEEK,,,0,0,0,0,0,HALLOWEEN,9,2,Veterans Day,27,Columbus Day,HOLIDAY_SEASON,WDW_HOLIDAY,FOOD_AND_WINE,,,0,,,jersey week; holiday season; EPCOT Food And Wine,,rules,2026-09-13T06:17:30+00:00
2025-11-10,Mon,0,WEEKDAY,0,46,11,Nov,10,314,4,2025,JERSEY_WEEK,,,0,1,0,0,1,HALLOWEEN,10,1,Veterans Day,28,Columbus Day,HOLIDAY_SEASON,WDW_HOLIDAY,FOOD_AND_WINE,,,0,,,jersey week; holiday season; EPCOT Food And Wine,,rules,2026-09-13T06:17:30+00:00
2025-11-11,Tue,1,WEEKDAY,0,46,11,Nov,11,315,4,2025,JERSEY_WEEK,Veterans Day,federal,1,0,0,0,0,,,16,Thanksgiving Day,29,Columbus Day,HOLIDAY_SEASON,WDW_HOLIDAY,FOOD_AND_WINE,,,0,,,Veterans Day; jersey week; holiday season; EPCOT Food And Wine,,rules,2026-09-13T06:17:30+00:00
2025-11-12,Wed,2,WEEKDAY,0,46,11,Nov,12,316,4,2025,JERSEY_WEEK,,,0,0,1,0,0,,,15,Thanksgiving Day,1,Veterans Day,HOLIDAY_SEASON,WDW_HOLIDAY,FOOD_AND_WINE,,,0,,,jersey week; holiday season; EPCOT Food And Wine,,rules,2026-09-13T06:17:30+00:00
2025-11-13,Thu,3,WEEKDAY,0,46,11,Nov,13,317,4,2025,JERSEY_WEEK,,,0,0,0,0,0,,,14,Thanksgiving Day,2,Veterans Day,HOLIDAY_SEASON,WDW_HOLIDAY,FOOD_AND_WINE,,,0,,,jersey week; holiday season; EPCOT Food And Wine,,rules,2026-09-13T06:17:30+00:00
2025-11-14,Fri,4,FRI,0,46,11,Nov,14,318,4,2025,JERSEY_WEEK,,,0,0,0,0,0,,,13,Thanksgiving Day,3,Veterans Day,HOLIDAY_SEASON,"SEA_CHRISTMAS,WDW_HOLIDAY",FOOD_AND_WINE,,,0,,,jersey week; holiday season; EPCOT Food And Wine,,rules,2026-09-13T06:17:30+00:00
2025-11-15,Sat,5,SAT,1,46,11,Nov,15,319,4,2025,REGULAR,,,0,0,0,0,0,,,12,Thanksgiving Day,4,Veterans Day,HOLIDAY_SEASON,"SEA_CHRISTMAS,UOR_HOLIDAY,WDW_HOLIDAY",FOOD_AND_WINE,,,0,,,holiday season; EPCOT Food And Wine,,rules,2026-09-13T06:17:30+00:00
2025-11-16,Sun,6,SUN,1,46,11,Nov,16,320,4,2025,REGULAR,,,0,0,0,0,0,,,11,Thanksgiving Day,5,Veterans Day,HOLIDAY_SEASON,"SEA_CHRISTMAS,UOR_HOLIDAY,WDW_HOLIDAY",FOOD_AND_WINE,,,0,,,holiday season; EPCOT Food And Wine,,rules,2026-09-13T06:17:30+00:00
2025-11-17,Mon,0,WEEKDAY,0,47,11,Nov,17,321,4,2025,REGULAR,,,0,0,0,0,0,THANKSGIVING,-10,10,Thanksgiving Day,6,Veterans Day,HOLIDAY_SEASON,"SEA_CHRISTMAS,UOR_HOLIDAY,WDW_HOLIDAY",FOOD_AND_WINE,,,0,,,holiday season; EPCOT Food And Wine,,rules,2026-09-13T06:17:30+00:00
2025-11-18,Tue,1,WEEKDAY,0,47,11,Nov,18,322,4,2025,REGULAR,,,0,0,0,0,0,THANKSGIVING,-9,9,Thanksgiving Day,7,Veterans Day,HOLIDAY_SEASON,"SEA_CHRISTMAS,UOR_HOLIDAY,WDW_HOLIDAY",FOOD_AND_WINE,,,0,,,holiday season; EPCOT Food And Wine,,rules,2026-09-13T06:17:30+00:00
2025-11-19,Wed,2,WEEKDAY,0,47,11,Nov,19,323,4,2025,REGULAR,,,0,0,0,0,0,THANKSGIVING,-8,8,Thanksgiving Day,8,Veterans Day,HOLIDAY_SEASON,"SEA_CHRISTMAS,UOR_HOLIDAY,WDW_HOLIDAY",FOOD_AND_WINE,,,0,,,holiday season; EPCOT Food And Wine,,rules,2026-09-13T06:17:30+00:00
2025-11-20,Thu,3,WEEKDAY,0,47,11,Nov,20,324,4,2025,REGULAR,,,0,0,0,0,0,THANKSGIVING,-7,7,Thanksgiving Day,9,Veterans Day,HOLIDAY_SEASON,"SEA_CHRISTMAS,UOR_HOLIDAY,WDW_HOLIDAY",FOOD_AND_WINE,,,0,,,holiday season; EPCOT Food And Wine,,rules,2026-09-13T06:17:30+00:00
2025-11-21,Fri,4,FRI,0,47,11,Nov,21,325,4,2025,REGULAR,,,0,0,0,0,0,THANKSGIVING,-6,6,Thanksgiving Day,10,Veterans Day,HOLIDAY_SEASON,"SEA_CHRISTMAS,UOR_HOLIDAY,WDW_HOLIDAY",FOOD_AND_WINE,,,0,,,holiday season; EPCOT Food And Wine,,rules,2026-09-13T06:17:30+00:00
2025-11-22,Sat,5,SAT,1,47,11,Nov,22,326,4,2025,REGULAR,,,0,0,0,0,0,THANKSGIVING,-5,5,Thanksgiving Day,11,Veterans Day,HOLIDAY_SEASON,"SEA_CHRISTMAS,UOR_HOLIDAY,WDW_HOLIDAY",FOOD_AND_WINE,,,0,,,holiday season; EPCOT Food And Wine,,rules,2026-09-13T06:17:30+00:00
2025-11-23,Sun,6,SUN,1,47,11,Nov,23,327,4,2025,REGULAR,,,0,0,0,0,0,THANKSGIVING,-4,4,Thanksgiving Day,12,Veterans Day,HOLIDAY_SEASON,"SEA_CHRISTMAS,UOR_HOLIDAY,WDW_HOLIDAY",,,,0,,,holiday season,,rules,2026-09-13T06:17:30+00:00
2025-11-24,Mon,0,WEEKDAY,0,48,11,Nov,24,328,4,2025,REGULAR,,,0,0,0,0,0,THANKSGIVING,-3,3,Thanksgiving Day,13,Veterans Day,HOLIDAY_SEASON,"SEA_CHRISTMAS,UOR_HOLIDAY,WDW_HOLIDAY",,,,0,,,holiday season,,rules,2026-09-13T06:17:30+00:00
2025-11-25,Tue,1,WEEKDAY,0,48,11,Nov,25,329,4,2025,THANKSGIVING_WK,,,0,0,0,0,0,THANKSGIVING,-2,2,Thanksgiving Day,14,Veterans Day,HOLIDAY_SEASON,"SEA_CHRISTMAS,UOR_HOLIDAY,WDW_HOLIDAY",,,,0,,,thanksgiving wk; holiday season,,rules,2026-09-13T06:17:30+00:00
2025-11-26,Wed,2,WEEKDAY,0,48,11,Nov,26,330,4,2025,THANKSGIVING_WK,,,0,1,0,0,0,THANKSGIVING,-1,1,Thanksgiving Day,15,Veterans Day,HOLIDAY_SEASON,"SEA_CHRISTMAS,UOR_HOLIDAY,WDW_HOLIDAY",,THANKSGIVING,"NE,SOUTH,MIDWEST,WEST,FL",0,,,thanksgiving wk; holiday season; US school thanksgiving,,rules,2026-09-13T06:17:30+00:00
2025-11-27,Thu,3,WEEKDAY,0,48,11,Nov,27,331,4,2025,THANKSGIVING_WK,Thanksgiving Day,federal,1,0,0,1,0,THANKSGIVING,0,28,Christmas Day,16,Veterans Day,HOLIDAY_SEASON,"SEA_CHRISTMAS,UOR_HOLIDAY,WDW_HOLIDAY",,THANKSGIVING,"NE,SOUTH,MIDWEST,WEST,FL",0,,,Thanksgiving Day; thanksgiving wk; holiday season; US school thanksgiving,,rules,2026-09-13T06:17:30+00:00
2025-11-28,Fri,4,FRI,0,48,11,Nov,28,332,4,2025,THANKSGIVING_WK,,,0,0,1,1,1,THANKSGIVING,1,27,Christmas Day,1,Thanksgiving Day,HOLIDAY_SEASON,"SEA_CHRISTMAS,UOR_HOLIDAY,WDW_HOLIDAY",HOLIDAYS,THANKSGIVING,"NE,SOUTH,MIDWEST,WEST,FL",0,,,long weekend; thanksgiving wk; holiday season; EPCOT Holidays; US school thanksgiving,,rules,2026-09-13T06:17:30+00:00
2025-11-29,Sat,5,SAT,1,48,11,Nov,29,333,4,2025,THANKSGIVING_WK,,,0,0,0,1,0,THANKSGIVING,2,26,Christmas Day,2,Thanksgiving Day,HOLIDAY_SEASON,"SEA_CHRISTMAS,UOR_HOLIDAY,WDW_HOLIDAY",HOLIDAYS,THANKSGIVING,"NE,SOUTH,MIDWEST,WEST,FL",0,,,long weekend; thanksgiving wk; holiday season; EPCOT Holidays; US school thanksgiving,,rules,2026-09-13T06:17:30+00:00
2025-11-30,Sun,6,SUN,1,48,11,Nov,30,334,4,2025,THANKSGIVING_WK,,,0,0,0,1,0,THANKSGIVING,3,25,Christmas Day,3,Thanksgiving Day,HOLIDAY_SEASON,"SEA_CHRISTMAS,UOR_HOLIDAY,WDW_HOLIDAY",HOLIDAYS,,,0,,,long weekend; thanksgiving wk; holiday season; EPCOT Holidays,,rules,2026-09-13T06:17:30+00:00
2025-12-01,Mon,0,WEEKDAY,0,49,12,Dec,1,335,4,2025,EARLY_DEC,,,0,0,0,0,0,THANKSGIVING,4,24,Christmas Day,4,Thanksgiving Day,HOLIDAY_SEASON,"SEA_CHRISTMAS,UOR_HOLIDAY,WDW_HOLIDAY",HOLIDAYS,,,0,,,early dec; holiday season; EPCOT Holidays,,rules,2026-09-13T06:17:30+00:00
2025-12-02,Tue,1,WEEKDAY,0,49,12,Dec,2,336,4,2025,EARLY_DEC,,,0,0,0,0,0,THANKSGIVING,5,23,Christmas Day,5,Thanksgiving Day,HOLIDAY_SEASON,"SEA_CHRISTMAS,UOR_HOLIDAY,WDW_HOLIDAY",HOLIDAYS,,,0,,,early dec; holiday season; EPCOT Holidays,,rules,2026-09-13T06:17:30+00:00
2025-12-03,Wed,2,WEEKDAY,0,49,12,Dec,3,337,4,2025,EARLY_DEC,,,0,0,0,0,0,THANKSGIVING,6,22,Christmas Day,6,Thanksgiving Day,HOLIDAY_SEASON,"SEA_CHRISTMAS,UOR_HOLIDAY,WDW_HOLIDAY",HOLIDAYS,,,0,,,early dec; holiday season; EPCOT Holidays,,rules,2026-09-13T06:17:30+00:00
2025-12-04,Thu,3,WEEKDAY,0,49,12,Dec,4,338,4,2025,EARLY_DEC,,,0,0,0,0,0,THANKSGIVING,7,21,Christmas Day,7,Thanksgiving Day,HOLIDAY_SEASON,"SEA_CHRISTMAS,UOR_HOLIDAY,WDW_HOLIDAY",HOLIDAYS,,,0,,,early dec; holiday season; EPCOT Holidays,,rules,2026-09-13T06:17:30+00:00
2025-12-05,Fri,4,FRI,0,49,12,Dec,5,339,4,2025,EARLY_DEC,,,0,0,0,0,0,THANKSGIVING,8,20,Christmas Day,8,Thanksgiving Day,HOLIDAY_SEASON,"SEA_CHRISTMAS,UOR_HOLIDAY,WDW_HOLIDAY",HOLIDAYS,,,0,,,early dec; holiday season; EPCOT Holidays,,rules,2026-09-13T06:17:30+00:00
2025-12-06,Sat,5,SAT,1,49,12,Dec,6,340,4,2025,EARLY_DEC,,,0,0,0,0,0,THANKSGIVING,9,19,Christmas Day,9,Thanksgiving Day,HOLIDAY_SEASON,"SEA_CHRISTMAS,UOR_HOLIDAY,WDW_HOLIDAY",HOLIDAYS,,,0,,,early dec; holiday season; EPCOT Holidays,,rules,2026-09-13T06:17:30+00:00
2025-12-07,Sun,6,SUN,1,49,12,Dec,7,341,4,2025,EARLY_DEC,,,0,0,0,0,0,THANKSGIVING,10,18,Christmas Day,10,Thanksgiving Day,HOLIDAY_SEASON,"SEA_CHRISTMAS,UOR_HOLIDAY,WDW_HOLIDAY",HOLIDAYS,,,0,,,early dec; holiday season; EPCOT Holidays,,rules,2026-09-13T06:17:30+00:00
2025-12-08,Mon,0,WEEKDAY,0,50,12,Dec,8,342,4,2025,EARLY_DEC,,,0,0,0,0,0,,,17,Christmas Day,11,Thanksgiving Day,HOLIDAY_SEASON,"SEA_CHRISTMAS,UOR_HOLIDAY,WDW_HOLIDAY",HOLIDAYS,,,0,,,early dec; holiday season; EPCOT Holidays,,rules,2026-09-13T06:17:30+00:00
2025-12-09,Tue,1,WEEKDAY,0,50,12,Dec,9,343,4,2025,EARLY_DEC,,,0,0,0,0,0,,,16,Christmas Day,12,Thanksgiving Day,HOLIDAY_SEASON,"SEA_CHRISTMAS,UOR_HOLIDAY,WDW_HOLIDAY",HOLIDAYS,,,0,,,early dec; holiday season; EPCOT Holidays,,rules,2026-09-13T06:17:30+00:00
2025-12-10,Wed,2,WEEKDAY,0,50,12,Dec,10,344,4,2025,EARLY_DEC,,,0,0,0,0,0,,,15,Christmas Day,13,Thanksgiving Day,HOLIDAY_SEASON,"SEA_CHRISTMAS,UOR_HOLIDAY,WDW_HOLIDAY",HOLIDAYS,,,0,,,early dec; holiday season; EPCOT Holidays,,rules,2026-09-13T06:17:30+00:00
2025-12-11,Thu,3,WEEKDAY,0,50,12,Dec,11,345,4,2025,EARLY_DEC,,,0,0,0,0,0,,,14,Christmas Day,14,Thanksgiving Day,HOLIDAY_SEASON,"SEA_CHRISTMAS,UOR_HOLIDAY,WDW_HOLIDAY",HOLIDAYS,,,0,,,early dec; holiday season; EPCOT Holidays,,rules,2026-09-13T06:17:30+00:00
2025-12-12,Fri,4,FRI,0,50,12,Dec,12,346,4,2025,EARLY_DEC,,,0,0,0,0,0,,,13,Christmas Day,15,Thanksgiving Day,HOLIDAY_SEASON,"SEA_CHRISTMAS,UOR_HOLIDAY,WDW_HOLIDAY",HOLIDAYS,,,0,,,early dec; holiday season; EPCOT Holidays,,rules,2026-09-13T06:17:30+00:00
2025-12-13,Sat,5,SAT,1,50,12,Dec,13,347,4,2025,EARLY_DEC,,,0,0,0,0,0,,,12,Christmas Day,16,Thanksgiving Day,HOLIDAY_SEASON,"SEA_CHRISTMAS,UOR_HOLIDAY,WDW_HOLIDAY",HOLIDAYS,,,0,,SUMMER,early dec; holiday season; EPCOT Holidays; Brazil summer,,rules,2026-09-13T06:17:30+00:00
2025-12-14,Sun,6,SUN,1,50,12,Dec,14,348,4,2025,EARLY_DEC,,,0,0,0,0,0,,,11,Christmas Day,17,Thanksgiving Day,HOLIDAY_SEASON,"SEA_CHRISTMAS,UOR_HOLIDAY,WDW_HOLIDAY",HOLIDAYS,,,0,,SUMMER,early dec; holiday season; EPCOT Holidays; Brazil summer,,rules,2026-09-13T06:17:30+00:00
2025-12-15,Mon,0,WEEKDAY,0,51,12,Dec,15,349,4,2025,EARLY_DEC,,,0,0,0,0,0,CHRISTMAS,-10,10,Christmas Day,18,Thanksgiving Day,HOLIDAY_SEASON,"SEA_CHRISTMAS,UOR_HOLIDAY,WDW_HOLIDAY",HOLIDAYS,,,0,,SUMMER,early dec; holiday season; EPCOT Holidays; Brazil summer,,rules,2026-09-13T06:17:30+00:00
2025-12-16,Tue,1,WEEKDAY,0,51,12,Dec,16,350,4,2025,EARLY_DEC,,,0,0,0,0,0,CHRISTMAS,-9,9,Christmas Day,19,Thanksgiving Day,HOLIDAY_SEASON,"SEA_CHRISTMAS,UOR_HOLIDAY,WDW_HOLIDAY",HOLIDAYS,,,0,,SUMMER,early dec; holiday season; EPCOT Holidays; Brazil summer,,rules,2026-09-13T06:17:30+00:00
2025-12-17,Wed,2,WEEKDAY,0,51,12,Dec,17,351,4,2025,EARLY_DEC,,,0,0,0,0,0,CHRISTMAS,-8,8,Christmas Day,20,Thanksgiving Day,HOLIDAY_SEASON,"SEA_CHRISTMAS,UOR_HOLIDAY,WDW_HOLIDAY",HOLIDAYS,,,0,,SUMMER,early dec; holiday season; EPCOT Holidays; Brazil summer,,rules,2026-09-13T06:17:30+00:00
2025-12-18,Thu,3,WEEKDAY,0,51,12,Dec,18,352,4,2025,EARLY_DEC,,,0,0,0,0,0,CHRISTMAS,-7,7,Christmas Day,21,Thanksgiving Day,HOLIDAY_SEASON,"SEA_CHRISTMAS,UOR_HOLIDAY,WDW_HOLIDAY",HOLIDAYS,,,0,,SUMMER,early dec; holiday season; EPCOT Holidays; Brazil summer,,rules,2026-09-13T06:17:30+00:00
2025-12-19,Fri,4,FRI,0,51,12,Dec,19,353,4,2025,EARLY_DEC,,,0,0,0,0,0,CHRISTMAS,-6,6,Christmas Day,22,Thanksgiving Day,HOLIDAY_SEASON,"SEA_CHRISTMAS,UOR_HOLIDAY,WDW_HOLIDAY",HOLIDAYS,,,0,,SUMMER,early dec; holiday season; EPCOT Holidays; Brazil summer,,rules,2026-09-13T06:17:30+00:00
2025-12-20,Sat,5,SAT,1,51,12,Dec,20,354,4,2025,EARLY_DEC,,,0,0,0,0,0,CHRISTMAS,-5,5,Christmas Day,23,Thanksgiving Day,HOLIDAY_SEASON,"SEA_CHRISTMAS,UOR_HOLIDAY,WDW_HOLIDAY",HOLIDAYS,WINTER,"NE,SOUTH,MIDWEST,WEST,FL",0,CHRISTMAS,SUMMER,early dec; holiday season; EPCOT Holidays; US school winter; UK christmas; Brazil summer,,rules,2026-09-13T06:17:30+00:00
2025-12-21,Sun,6,SUN,1,51,12,Dec,21,355,4,2025,CHRISTMAS_PEAK,,,0,0,0,0,0,CHRISTMAS,-4,4,Christmas Day,24,Thanksgiving Day,HOLIDAY_SEASON,"SEA_CHRISTMAS,UOR_HOLIDAY,WDW_HOLIDAY",HOLIDAYS,WINTER,"NE,SOUTH,MIDWEST,WEST,FL",0,CHRISTMAS,SUMMER,christmas peak; holiday season; EPCOT Holidays; US school winter; UK christmas; Brazil summer,,rules,2026-09-13T06:17:30+00:00
2025-12-22,Mon,0,WEEKDAY,0,52,12,Dec,22,356,4,2025,CHRISTMAS_PEAK,,,0,0,0,0,0,CHRISTMAS,-3,3,Christmas Day,25,Thanksgiving Day,HOLIDAY_SEASON,"SEA_CHRISTMAS,UOR_HOLIDAY,WDW_HOLIDAY",HOLIDAYS,WINTER,"NE,SOUTH,MIDWEST,WEST,FL",0,CHRISTMAS,SUMMER,christmas peak; holiday season; EPCOT Holidays; US school winter; UK christmas; Brazil summer,,rules,2026-09-13T06:17:30+00:00
2025-12-23,Tue,1,WEEKDAY,0,52,12,Dec,23,357,4,2025,CHRISTMAS_PEAK,,,0,0,0,0,0,CHRISTMAS,-2,2,Christmas Day,26,Thanksgiving Day,HOLIDAY_SEASON,"SEA_CHRISTMAS,UOR_HOLIDAY,WDW_HOLIDAY",HOLIDAYS,WINTER,"NE,SOUTH,MIDWEST,WEST,FL",0,CHRISTMAS,SUMMER,christmas peak; holiday season; EPCOT Holidays; US school winter; UK christmas; Brazil summer,,rules,2026-09-13T06:17:30+00:00
2025-12-24,Wed,2,WEEKDAY,0,52,12,Dec,24,358,4,2025,CHRISTMAS_PEAK,,,0,1,0,0,0,CHRISTMAS,-1,1,Christmas Day,27,Thanksgiving Day,HOLIDAY_SEASON,"SEA_CHRISTMAS,UOR_HOLIDAY,WDW_HOLIDAY",HOLIDAYS,WINTER,"NE,SOUTH,MIDWEST,WEST,FL",0,CHRISTMAS,SUMMER,christmas peak; holiday season; EPCOT Holidays; US school winter; UK christmas; Brazil summer,,rules,2026-09-13T06:17:30+00:00
2025-12-25,Thu,3,WEEKDAY,0,52,12,Dec,25,359,4,2025,CHRISTMAS_PEAK,Christmas Day,federal,1,0,0,0,0,CHRISTMAS,0,7,New Year's Day,28,Thanksgiving Day,HOLIDAY_SEASON,"SEA_CHRISTMAS,UOR_HOLIDAY,WDW_HOLIDAY",HOLIDAYS,WINTER,"NE,SOUTH,MIDWEST,WEST,FL",0,CHRISTMAS,SUMMER,Christmas Day; christmas peak; holiday season; EPCOT Holidays; US school winter; UK christmas; Brazil summer,,rules,2026-09-13T06:17:30+00:00
2025-12-26,Fri,4,FRI,0,52,12,Dec,26,360,4,2025,CHRISTMAS_PEAK,,,0,0,1,0,1,CHRISTMAS,1,6,New Year's Day,1,Christmas Day,HOLIDAY_SEASON,"SEA_CHRISTMAS,UOR_HOLIDAY,WDW_HOLIDAY",HOLIDAYS,WINTER,"NE,SOUTH,MIDWEST,WEST,FL",0,CHRISTMAS,SUMMER,christmas peak; holiday season; EPCOT Holidays; US school winter; UK christmas; Brazil summer,,rules,2026-09-13T06:17:30+00:00
2025-12-27,Sat,5,SAT,1,52,12,Dec,27,361,4,2025,CHRISTMAS_PEAK,,,0,0,0,0,0,CHRISTMAS,2,5,New Year's Day,2,Christmas Day,HOLIDAY_SEASON,"SEA_CHRISTMAS,UOR_HOLIDAY,WDW_HOLIDAY",HOLIDAYS,WINTER,"NE,SOUTH,MIDWEST,WEST,FL",0,CHRISTMAS,SUMMER,christmas peak; holiday season; EPCOT Holidays; US school winter; UK christmas; Brazil summer,,rules,2026-09-13T06:17:30+00:00
2025-12-28,Sun,6,SUN,1,52,12,Dec,28,362,4,2025,CHRISTMAS_PEAK,,,0,0,0,0,0,CHRISTMAS,3,4,New Year's Day,3,Christmas Day,HOLIDAY_SEASON,"SEA_CHRISTMAS,UOR_HOLIDAY,WDW_HOLIDAY",HOLIDAYS,WINTER,"NE,SOUTH,MIDWEST,WEST,FL",0,CHRISTMAS,SUMMER,christmas peak; holiday season; EPCOT Holidays; US school winter; UK christmas; Brazil summer,,rules,2026-09-13T06:17:30+00:00
2025-12-29,Mon,0,WEEKDAY,0,1,12,Dec,29,363,4,2025,NYE,,,0,0,0,0,0,NEW_YEAR,-3,3,New Year's Day,4,Christmas Day,HOLIDAY_SEASON,"SEA_CHRISTMAS,UOR_HOLIDAY,WDW_HOLIDAY",HOLIDAYS,WINTER,"NE,SOUTH,MIDWEST,WEST,FL",0,CHRISTMAS,SUMMER,nye; holiday season; EPCOT Holidays; US school winter; UK christmas; Brazil summer,,rules,2026-09-13T06:17:30+00:00
2025-12-30,Tue,1,WEEKDAY,0,1,12,Dec,30,364,4,2025,NYE,,,0,0,0,0,0,NEW_YEAR,-2,2,New Year's Day,5,Christmas Day,HOLIDAY_SEASON,"SEA_CHRISTMAS,UOR_HOLIDAY,WDW_HOLIDAY",HOLIDAYS,WINTER,"NE,SOUTH,MIDWEST,WEST,FL",0,CHRISTMAS,SUMMER,nye; holiday season; EPCOT Holidays; US school winter; UK christmas; Brazil summer,,rules,2026-09-13T06:17:30+00:00
2025-12-31,Wed,2,WEEKDAY,0,1,12,Dec,31,365,4,2025,NYE,,,0,1,0,0,0,NEW_YEAR,-1,1,New Year's Day,6,Christmas Day,HOLIDAY_SEASON,"SEA_CHRISTMAS,UOR_HOLIDAY,WDW_HOLIDAY",,WINTER,"NE,SOUTH,MIDWEST,WEST,FL",0,CHRISTMAS,SUMMER,nye; holiday season; US school winter; UK christmas; Brazil summer,,rules,2026-09-13T06:17:30+00:00
2026-01-01,Thu,3,WEEKDAY,0,1,1,Jan,1,1,1,2026,NYE,New Year's Day,federal,1,0,0,0,0,NEW_YEAR,0,18,Martin Luther King Jr. Day,7,Christmas Day,HOLIDAY_SEASON,UOR_HOLIDAY,,WINTER,"NE,SOUTH,MIDWEST,WEST,FL",0,CHRISTMAS,SUMMER,New Year's Day; nye; holiday season; US school winter; UK christmas; Brazil summer,,rules,2026-09-13T06:17:30+00:00
2026-01-02,Fri,4,FRI,0,1,1,Jan,2,2,1,2026,REGULAR,,,0,0,1,0,1,NEW_YEAR,1,17,Martin Luther King Jr. Day,1,New Year's Day,HOLIDAY_SEASON,UOR_HOLIDAY,,WINTER,"NE,SOUTH,MIDWEST,WEST,FL",0,CHRISTMAS,SUMMER,holiday season; US school winter; UK christmas; Brazil summer,,rules,2026-09-13T06:17:30+00:00
2026-01-03,Sat,5,SAT,1,1,1,Jan,3,3,1,2026,REGULAR,,,0,0,0,0,0,NEW_YEAR,2,16,Martin Luther King Jr. Day,2,New Year's Day,HOLIDAY_SEASON,UOR_HOLIDAY,,WINTER,"NE,SOUTH,MIDWEST,WEST,FL",0,,SUMMER,holiday season; US school winter; Brazil summer,,rules,2026-09-13T06:17:30+00:00
2026-01-04,Sun,6,SUN,1,1,1,Jan,4,4,1,2026,REGULAR,,,0,0,0,0,0,NEW_YEAR,3,15,Martin Luther King Jr. Day,3,New Year's Day,HOLIDAY_SEASON,UOR_HOLIDAY,,,,0,,SUMMER,holiday season; Brazil summer,,rules,2026-09-13T06:17:30+00:00
2026-01-05,Mon,0,WEEKDAY,0,2,1,Jan,5,5,1,2026,REGULAR,,,0,0,0,0,0,NEW_YEAR,4,14,Martin Luther King Jr. Day,4,New Year's Day,,WDW_AFTERHOURS,,,,0,,SUMMER,Brazil summer,,rules,2026-09-13T06:17:30+00:00
2026-01-06,Tue,1,WEEKDAY,0,2,1,Jan,6,6,1,2026,JAN_LULL,,,0,0,0,0,0,NEW_YEAR,5,13,Martin Luther King Jr. Day,5,New Year's Day,,WDW_AFTERHOURS,,,,0,,SUMMER,jan lull; Brazil summer,,rules,2026-09-13T06:17:30+00:00
2026-01-07,Wed,2,WEEKDAY,0,2,1,Jan,7,7,1,2026,JAN_LULL,,,0,0,0,0,0,NEW_YEAR,6,12,Martin Luther King Jr. Day,6,New Year's Day,,WDW_AFTERHOURS,,,,0,,SUMMER,jan lull; Brazil summer,,rules,2026-09-13T06:17:30+00:00
2026-01-08,Thu,3,WEEKDAY,0,2,1,Jan,8,8,1,2026,JAN_LULL,,,0,0,0,0,0,NEW_YEAR,7,11,Martin Luther King Jr. Day,7,New Year's Day,,WDW_AFTERHOURS,,,,0,,SUMMER,jan lull; Brazil summer,,rules,2026-09-13T06:17:30+00:00
2026-01-09,Fri,4,FRI,0,2,1,Jan,9,9,1,2026,JAN_LULL,,,0,0,0,0,0,NEW_YEAR,8,10,Martin Luther King Jr. Day,8,New Year's Day,,WDW_AFTERHOURS,,,,0,,SUMMER,jan lull; Brazil summer,,rules,2026-09-13T06:17:30+00:00
2026-01-10,Sat,5,SAT,1,2,1,Jan,10,10,1,2026,JAN_LULL,,,0,0,0,0,0,NEW_YEAR,9,9,Martin Luther King Jr. Day,9,New Year's Day,,WDW_AFTERHOURS,,,,0,,SUMMER,jan lull; Brazil summer,,rules,2026-09-13T06:17:30+00:00
2026-01-11,Sun,6,SUN,1,2,1,Jan,11,11,1,2026,JAN_LULL,,,0,0,0,0,0,MLK,-8,8,Martin Luther King Jr. Day,10,New Year's Day,,WDW_AFTERHOURS,,,,0,,SUMMER,jan lull; Brazil summer,,rules,2026-09-13T06:17:30+00:00
2026-01-12,Mon,0,WEEKDAY,0,3,1,Jan,12,12,1,2026,JAN_LULL,,,0,0,0,0,0,MLK,-7,7,Martin Luther King Jr. Day,11,New Year's Day,,WDW_AFTERHOURS,,,,0,,SUMMER,jan lull; Brazil summer,,rules,2026-09-13T06:17:30+00:00
2026-01-13,Tue,1,WEEKDAY,0,3,1,Jan,13,13,1,2026,JAN_LULL,,,0,0,0,0,0,MLK,-6,6,Martin Luther King Jr. Day,12,New Year's Day,,WDW_AFTERHOURS,,,,0,,SUMMER,jan lull; Brazil summer,,rules,2026-09-13T06:17:30+00:00
2026-01-14,Wed,2,WEEKDAY,0,3,1,Jan,14,14,1,2026,JAN_LULL,,,0,0,0,0,0,MLK,-5,5,Martin Luther King Jr. Day,13,New Year's Day,,WDW_AFTERHOURS,ARTS,,,0,,SUMMER,jan lull; EPCOT Arts; Brazil summer,,rules,2026-09-13T06:17:30+00:00
2026-01-15,Thu,3,WEEKDAY,0,3,1,Jan,15,15,1,2026,JAN_LULL,,,0,0,0,0,0,MLK,-4,4,Martin Luther King Jr. Day,14,New Year's Day,,WDW_AFTERHOURS,ARTS,,,0,,SUMMER,jan lull; EPCOT Arts; Brazil summer,,rules,2026-09-13T06:17:30+00:00
2026-01-16,Fri,4,FRI,0,3,1,Jan,16,16,1,2026,MLK_WKND,,,0,0,0,1,0,MLK,-3,3,Martin Luther King Jr. Day,15,New Year's Day,,WDW_AFTERHOURS,ARTS,,,0,,SUMMER,long weekend; mlk wknd; EPCOT Arts; Brazil summer,,rules,2026-09-13T06:17:30+00:00
2026-01-17,Sat,5,SAT,1,3,1,Jan,17,17,1,2026,MLK_WKND,,,0,0,0,1,0,MLK,-2,2,Martin Luther King Jr. Day,16,New Year's Day,,WDW_AFTERHOURS,ARTS,,,0,,SUMMER,long weekend; mlk wknd; EPCOT Arts; Brazil summer,,rules,2026-09-13T06:17:30+00:00
2026-01-18,Sun,6,SUN,1,3,1,Jan,18,18,1,2026,MLK_WKND,,,0,1,0,1,0,MLK,-1,1,Martin Luther King Jr. Day,17,New Year's Day,,WDW_AFTERHOURS,ARTS,,,0,,SUMMER,long weekend; mlk wknd; EPCOT Arts; Brazil summer,,rules,2026-09-13T06:17:30+00:00
2026-01-19,Mon,0,WEEKDAY,0,4,1,Jan,19,19,1,2026,MLK_WKND,Martin Luther King Jr. Day,federal,1,0,0,1,0,MLK,0,28,Washington's Birthday,18,New Year's Day,,WDW_AFTERHOURS,ARTS,,,0,,SUMMER,Martin Luther King Jr. Day; mlk wknd; EPCOT Arts; Brazil summer,,rules,2026-09-13T06:17:30+00:00
2026-01-20,Tue,1,WEEKDAY,0,4,1,Jan,20,20,1,2026,JAN_LULL,,,0,0,1,0,0,MLK,1,27,Washington's Birthday,1,Martin Luther King Jr. Day,,WDW_AFTERHOURS,ARTS,,,0,,SUMMER,jan lull; EPCOT Arts; Brazil summer,,rules,2026-09-13T06:17:30+00:00
2026-01-21,Wed,2,WEEKDAY,0,4,1,Jan,21,21,1,2026,JAN_LULL,,,0,0,0,0,0,MLK,2,26,Washington's Birthday,2,Martin Luther King Jr. Day,,WDW_AFTERHOURS,ARTS,,,0,,SUMMER,jan lull; EPCOT Arts; Brazil summer,,rules,2026-09-13T06:17:30+00:00
2026-01-22,Thu,3,WEEKDAY,0,4,1,Jan,22,22,1,2026,JAN_LULL,,,0,0,0,0,0,MLK,3,25,Washington's Birthday,3,Martin Luther King Jr. Day,,WDW_AFTERHOURS,ARTS,,,0,,SUMMER,jan lull; EPCOT Arts; Brazil summer,,rules,2026-09-13T06:17:30+00:00
2026-01-23,Fri,4,FRI,0,4,1,Jan,23,23,1,2026,JAN_LULL,,,0,0,0,0,0,MLK,4,24,Washington's Birthday,4,Martin Luther King Jr. Day,,WDW_AFTERHOURS,ARTS,,,0,,SUMMER,jan lull; EPCOT Arts; Brazil summer,,rules,2026-09-13T06:17:30+00:00
2026-01-24,Sat,5,SAT,1,4,1,Jan,24,24,1,2026,JAN_LULL,,,0,0,0,0,0,MLK,5,23,Washington's Birthday,5,Martin Luther King Jr. Day,,WDW_AFTERHOURS,ARTS,,,0,,SUMMER,jan lull; EPCOT Arts; Brazil summer,,rules,2026-09-13T06:17:30+00:00
2026-01-25,Sun,6,SUN,1,4,1,Jan,25,25,1,2026,JAN_LULL,,,0,0,0,0,0,MLK,6,22,Washington's Birthday,6,Martin Luther King Jr. Day,,WDW_AFTERHOURS,ARTS,,,0,,SUMMER,jan lull; EPCOT Arts; Brazil summer,,rules,2026-09-13T06:17:30+00:00
2026-01-26,Mon,0,WEEKDAY,0,5,1,Jan,26,26,1,2026,JAN_LULL,,,0,0,0,0,0,MLK,7,21,Washington's Birthday,7,Martin Luther King Jr. Day,,WDW_AFTERHOURS,ARTS,,,0,,SUMMER,jan lull; EPCOT Arts; Brazil summer,,rules,2026-09-13T06:17:30+00:00
2026-01-27,Tue,1,WEEKDAY,0,5,1,Jan,27,27,1,2026,JAN_LULL,,,0,0,0,0,0,MLK,8,20,Washington's Birthday,8,Martin Luther King Jr. Day,,WDW_AFTERHOURS,ARTS,,,0,,SUMMER,jan lull; EPCOT Arts; Brazil summer,,rules,2026-09-13T06:17:30+00:00
2026-01-28,Wed,2,WEEKDAY,0,5,1,Jan,28,28,1,2026,JAN_LULL,,,0,0,0,0,0,MLK,9,19,Washington's Birthday,9,Martin Luther King Jr. Day,,WDW_AFTERHOURS,ARTS,,,0,,SUMMER,jan lull; EPCOT Arts; Brazil summer,,rules,2026-09-13T06:17:30+00:00
2026-01-29,Thu,3,WEEKDAY,0,5,1,Jan,29,29,1,2026,JAN_LULL,,,0,0,0,0,0,MLK,10,18,Washington's Birthday,10,Martin Luther King Jr. Day,,WDW_AFTERHOURS,ARTS,,,0,,SUMMER,jan lull; EPCOT Arts; Brazil summer,,rules,2026-09-13T06:17:30+00:00
2026-01-30,Fri,4,FRI,0,5,1,Jan,30,30,1,2026,JAN_LULL,,,0,0,0,0,0,,,17,Washington's Birthday,11,Martin Luther King Jr. Day,,WDW_AFTERHOURS,ARTS,,,0,,SUMMER,jan lull; EPCOT Arts; Brazil summer,,rules,2026-09-13T06:17:30+00:00
2026-01-31,Sat,5,SAT,1,5,1,Jan,31,31,1,2026,JAN_LULL,,,0,0,0,0,0,,,16,Washington's Birthday,12,Martin Luther King Jr. Day,,WDW_AFTERHOURS,ARTS,,,0,,SUMMER,jan lull; EPCOT Arts; Brazil summer,,rules,2026-09-13T06:17:30+00:00
2026-02-01,Sun,6,SUN,1,5,2,Feb,1,32,1,2026,JAN_LULL,,,0,0,0,0,0,,,15,Washington's Birthday,13,Martin Luther King Jr. Day,,WDW_AFTERHOURS,ARTS,,,0,,SUMMER,jan lull; EPCOT Arts; Brazil summer,,rules,2026-09-13T06:17:30+00:00
2026-02-02,Mon,0,WEEKDAY,0,6,2,Feb,2,33,1,2026,JAN_LULL,,,0,0,0,0,0,,,14,Washington's Birthday,14,Martin Luther King Jr. Day,,WDW_AFTERHOURS,ARTS,,,0,,,jan lull; EPCOT Arts,,rules,2026-09-13T06:17:30+00:00
2026-02-03,Tue,1,WEEKDAY,0,6,2,Feb,3,34,1,2026,JAN_LULL,,,0,0,0,0,0,,,13,Washington's Birthday,15,Martin Luther King Jr. Day,,WDW_AFTERHOURS,ARTS,,,0,,,jan lull; EPCOT Arts,,rules,2026-09-13T06:17:30+00:00
2026-02-04,Wed,2,WEEKDAY,0,6,2,Feb,4,35,1,2026,JAN_LULL,,,0,0,0,0,0,,,12,Washington's Birthday,16,Martin Luther King Jr. Day,,WDW_AFTERHOURS,ARTS,,,0,,,jan lull; EPCOT Arts,,rules,2026-09-13T06:17:30+00:00
2026-02-05,Thu,3,WEEKDAY,0,6,2,Feb,5,36,1,2026,JAN_LULL,,,0,0,0,0,0,,,11,Washington's Birthday,17,Martin Luther King Jr. Day,,WDW_AFTERHOURS,ARTS,,,0,,,jan lull; EPCOT Arts,,rules,2026-09-13T06:17:30+00:00
2026-02-06,Fri,4,FRI,0,6,2,Feb,6,37,1,2026,JAN_LULL,,,0,0,0,0,0,PRESIDENTS,-10,10,Washington's Birthday,18,Martin Luther King Jr. Day,,WDW_AFTERHOURS,ARTS,,,0,,,jan lull; EPCOT Arts,,rules,2026-09-13T06:17:30+00:00
2026-02-07,Sat,5,SAT,1,6,2,Feb,7,38,1,2026,JAN_LULL,,,0,0,0,0,0,PRESIDENTS,-9,9,Washington's Birthday,19,Martin Luther King Jr. Day,,WDW_AFTERHOURS,ARTS,,,0,,,jan lull; EPCOT Arts,,rules,2026-09-13T06:17:30+00:00
2026-02-08,Sun,6,SUN,1,6,2,Feb,8,39,1,2026,JAN_LULL,,,0,0,0,0,0,PRESIDENTS,-8,8,Washington's Birthday,20,Martin Luther King Jr. Day,,WDW_AFTERHOURS,ARTS,,,0,,,jan lull; EPCOT Arts,,rules,2026-09-13T06:17:30+00:00
2026-02-09,Mon,0,WEEKDAY,0,7,2,Feb,9,40,1,2026,REGULAR,,,0,0,0,0,0,PRESIDENTS,-7,7,Washington's Birthday,21,Martin Luther King Jr. Day,,WDW_AFTERHOURS,ARTS,,,0,,,EPCOT Arts,,rules,2026-09-13T06:17:30+00:00
2026-02-10,Tue,1,WEEKDAY,0,7,2,Feb,10,41,1,2026,REGULAR,,,0,0,0,0,0,PRESIDENTS,-6,6,Washington's Birthday,22,Martin Luther King Jr. Day,,WDW_AFTERHOURS,ARTS,,,0,,,EPCOT Arts,,rules,2026-09-13T06:17:30+00:00
2026-02-11,Wed,2,WEEKDAY,0,7,2,Feb,11,42,1,2026,REGULAR,,,0,0,0,0,0,PRESIDENTS,-5,5,Washington's Birthday,23,Martin Luther King Jr. Day,,WDW_AFTERHOURS,ARTS,,,0,,,EPCOT Arts,,rules,2026-09-13T06:17:30+00:00
2026-02-12,Thu,3,WEEKDAY,0,7,2,Feb,12,43,1,2026,REGULAR,,,0,0,0,0,0,PRESIDENTS,-4,4,Washington's Birthday,24,Martin Luther King Jr. Day,,WDW_AFTERHOURS,ARTS,,,0,,,EPCOT Arts,,rules,2026-09-13T06:17:30+00:00
2026-02-13,Fri,4,FRI,0,7,2,Feb,13,44,1,2026,PRESIDENTS_WK,,,0,0,0,1,0,PRESIDENTS,-3,3,Washington's Birthday,25,Martin Luther King Jr. Day,,WDW_AFTERHOURS,ARTS,,,0,,CARNIVAL,long weekend; presidents wk; EPCOT Arts; Brazil carnival,,rules,2026-09-13T06:17:30+00:00
2026-02-14,Sat,5,SAT,1,7,2,Feb,14,45,1,2026,PRESIDENTS_WK,,,0,0,0,1,0,PRESIDENTS,-2,2,Washington's Birthday,26,Martin Luther King Jr. Day,,WDW_AFTERHOURS,ARTS,,,0,,CARNIVAL,long weekend; presidents wk; EPCOT Arts; Brazil carnival,,rules,2026-09-13T06:17:30+00:00
2026-02-15,Sun,6,SUN,1,7,2,Feb,15,46,1,2026,PRESIDENTS_WK,,,0,1,0,1,0,PRESIDENTS,-1,1,Washington's Birthday,27,Martin Luther King Jr. Day,,WDW_AFTERHOURS,ARTS,,,0,,CARNIVAL,long weekend; presidents wk; EPCOT Arts; Brazil carnival,,rules,2026-09-13T06:17:30+00:00
2026-02-16,Mon,0,WEEKDAY,0,8,2,Feb,16,47,1,2026,PRESIDENTS_WK,Washington's Birthday,federal,1,0,0,1,0,PRESIDENTS,0,98,Memorial Day,28,Martin Luther King Jr. Day,,WDW_AFTERHOURS,ARTS,PRESIDENTS,NE,1,FEB_HALF_TERM,CARNIVAL,Washington's Birthday; presidents wk; EPCOT Arts; US school presidents; UK feb half term; Brazil carnival,,rules,2026-09-13T06:17:30+00:00
2026-02-17,Tue,1,WEEKDAY,0,8,2,Feb,17,48,1,2026,PRESIDENTS_WK,,,0,0,1,0,0,PRESIDENTS,1,97,Memorial Day,1,Washington's Birthday,,WDW_AFTERHOURS,ARTS,PRESIDENTS,NE,1,FEB_HALF_TERM,CARNIVAL,presidents wk; EPCOT Arts; US school presidents; UK feb half term; Brazil carnival,,rules,2026-09-13T06:17:30+00:00
2026-02-18,Wed,2,WEEKDAY,0,8,2,Feb,18,49,1,2026,PRESIDENTS_WK,,,0,0,0,0,0,PRESIDENTS,2,96,Memorial Day,2,Washington's Birthday,,WDW_AFTERHOURS,ARTS,PRESIDENTS,NE,1,FEB_HALF_TERM,CARNIVAL,presidents wk; EPCOT Arts; US school presidents; UK feb half term; Brazil carnival,,rules,2026-09-13T06:17:30+00:00
2026-02-19,Thu,3,WEEKDAY,0,8,2,Feb,19,50,1,2026,PRESIDENTS_WK,,,0,0,0,0,0,PRESIDENTS,3,95,Memorial Day,3,Washington's Birthday,,WDW_AFTERHOURS,ARTS,PRESIDENTS,NE,1,FEB_HALF_TERM,CARNIVAL,presidents wk; EPCOT Arts; US school presidents; UK feb half term; Brazil carnival,,rules,2026-09-13T06:17:30+00:00
2026-02-20,Fri,4,FRI,0,8,2,Feb,20,51,1,2026,PRESIDENTS_WK,,,0,0,0,0,0,PRESIDENTS,4,94,Memorial Day,4,Washington's Birthday,,WDW_AFTERHOURS,ARTS,PRESIDENTS,NE,1,FEB_HALF_TERM,CARNIVAL,presidents wk; EPCOT Arts; US school presidents; UK feb half term; Brazil carnival,,rules,2026-09-13T06:17:30+00:00
2026-02-21,Sat,5,SAT,1,8,2,Feb,21,52,1,2026,PRESIDENTS_WK,,,0,0,0,0,0,PRESIDENTS,5,93,Memorial Day,5,Washington's Birthday,,WDW_AFTERHOURS,ARTS,,,0,,,presidents wk; EPCOT Arts,,rules,2026-09-13T06:17:30+00:00
2026-02-22,Sun,6,SUN,1,8,2,Feb,22,53,1,2026,SPRING_SHOULDER,,,0,0,0,0,0,PRESIDENTS,6,92,Memorial Day,6,Washington's Birthday,,WDW_AFTERHOURS,ARTS,,,0,,,spring shoulder; EPCOT Arts,,rules,2026-09-13T06:17:30+00:00
2026-02-23,Mon,0,WEEKDAY,0,9,2,Feb,23,54,1,2026,SPRING_SHOULDER,,,0,0,0,0,0,PRESIDENTS,7,91,Memorial Day,7,Washington's Birthday,,WDW_AFTERHOURS,ARTS,,,0,,,spring shoulder; EPCOT Arts,,rules,2026-09-13T06:17:30+00:00
2026-02-24,Tue,1,WEEKDAY,0,9,2,Feb,24,55,1,2026,SPRING_SHOULDER,,,0,0,0,0,0,PRESIDENTS,8,90,Memorial Day,8,Washington's Birthday,,WDW_AFTERHOURS,,,,0,,,spring shoulder,,rules,2026-09-13T06:17:30+00:00
2026-02-25,Wed,2,WEEKDAY,0,9,2,Feb,25,56,1,2026,SPRING_SHOULDER,,,0,0,0,0,0,PRESIDENTS,9,89,Memorial Day,9,Washington's Birthday,,WDW_AFTERHOURS,FLOWER_AND_GARDEN,,,0,,,spring shoulder; EPCOT Flower And Garden,,rules,2026-09-13T06:17:30+00:00
2026-02-26,Thu,3,WEEKDAY,0,9,2,Feb,26,57,1,2026,SPRING_SHOULDER,,,0,0,0,0,0,PRESIDENTS,10,88,Memorial Day,10,Washington's Birthday,,WDW_AFTERHOURS,FLOWER_AND_GARDEN,,,0,,,spring shoulder; EPCOT Flower And Garden,,rules,2026-09-13T06:17:30+00:00
2026-02-27,Fri,4,FRI,0,9,2,Feb,27,58,1,2026,SPRING_SHOULDER,,,0,0,0,0,0,,,87,Memorial Day,11,Washington's Birthday,,WDW_AFTERHOURS,FLOWER_AND_GARDEN,,,0,,,spring shoulder; EPCOT Flower And Garden,,rules,2026-09-13T06:17:30+00:00
2026-02-28,Sat,5,SAT,1,9,2,Feb,28,59,1,2026,SPRING_SHOULDER,,,0,0,0,0,0,,,86,Memorial Day,12,Washington's Birthday,,WDW_AFTERHOURS,FLOWER_AND_GARDEN,,,0,,,spring shoulder; EPCOT Flower And Garden,,rules,2026-09-13T06:17:30+00:00
2026-03-01,Sun,6,SUN,1,9,3,Mar,1,60,1,2026,SPRING_SHOULDER,,,0,0,0,0,0,,,85,Memorial Day,13,Washington's Birthday,,WDW_AFTERHOURS,FLOWER_AND_GARDEN,,,0,,,spring shoulder; EPCOT Flower And Garden,,rules,2026-09-13T06:17:30+00:00
2026-03-02,Mon,0,WEEKDAY,0,10,3,Mar,2,61,1,2026,SPRING_SHOULDER,,,0,0,0,0,0,,,84,Memorial Day,14,Washington's Birthday,,WDW_AFTERHOURS,FLOWER_AND_GARDEN,,,0,,,spring shoulder; EPCOT Flower And Garden,,rules,2026-09-13T06:17:30+00:00
2026-03-03,Tue,1,WEEKDAY,0,10,3,Mar,3,62,1,2026,SPRING_SHOULDER,,,0,0,0,0,0,,,83,Memorial Day,15,Washington's Birthday,,WDW_AFTERHOURS,FLOWER_AND_GARDEN,,,0,,,spring shoulder; EPCOT Flower And Garden,,rules,2026-09-13T06:17:30+00:00
2026-03-04,Wed,2,WEEKDAY,0,10,3,Mar,4,63,1,2026,SPRING_SHOULDER,,,0,0,0,0,0,,,82,Memorial Day,16,Washington's Birthday,,WDW_AFTERHOURS,FLOWER_AND_GARDEN,,,0,,,spring shoulder; EPCOT Flower And Garden,,rules,2026-09-13T06:17:30+00:00
2026-03-05,Thu,3,WEEKDAY,0,10,3,Mar,5,64,1,2026,SPRING_SHOULDER,,,0,0,0,0,0,,,81,Memorial Day,17,Washington's Birthday,,WDW_AFTERHOURS,FLOWER_AND_GARDEN,,,0,,,spring shoulder; EPCOT Flower And Garden,,rules,2026-09-13T06:17:30+00:00
2026-03-06,Fri,4,FRI,0,10,3,Mar,6,65,1,2026,SPRING_SHOULDER,,,0,0,0,0,0,,,80,Memorial Day,18,Washington's Birthday,,WDW_AFTERHOURS,FLOWER_AND_GARDEN,,,0,,,spring shoulder; EPCOT Flower And Garden,,rules,2026-09-13T06:17:30+00:00
2026-03-07,Sat,5,SAT,1,10,3,Mar,7,66,1,2026,SPRING_SHOULDER,,,0,0,0,0,0,,,79,Memorial Day,19,Washington's Birthday,,WDW_AFTERHOURS,FLOWER_AND_GARDEN,,,0,,,spring shoulder; EPCOT Flower And Garden,,rules,2026-09-13T06:17:30+00:00
2026-03-08,Sun,6,SUN,1,10,3,Mar,8,67,1,2026,SPRING_SHOULDER,,,0,0,0,0,0,,,78,Memorial Day,20,Washington's Birthday,,WDW_AFTERHOURS,FLOWER_AND_GARDEN,,,0,,,spring shoulder; EPCOT Flower And Garden,,rules,2026-09-13T06:17:30+00:00
2026-03-09,Mon,0,WEEKDAY,0,11,3,Mar,9,68,1,2026,SPRING_SHOULDER,,,0,0,0,0,0,,,77,Memorial Day,21,Washington's Birthday,,WDW_AFTERHOURS,FLOWER_AND_GARDEN,SPRING,"SOUTH,FL",0,,,spring shoulder; EPCOT Flower And Garden; US school spring,,rules,2026-09-13T06:17:30+00:00
2026-03-10,Tue,1,WEEKDAY,0,11,3,Mar,10,69,1,2026,SPRING_SHOULDER,,,0,0,0,0,0,,,76,Memorial Day,22,Washington's Birthday,,WDW_AFTERHOURS,FLOWER_AND_GARDEN,SPRING,"SOUTH,FL",0,,,spring shoulder; EPCOT Flower And Garden; US school spring,,rules,2026-09-13T06:17:30+00:00
2026-03-11,Wed,2,WEEKDAY,0,11,3,Mar,11,70,1,2026,SPRING_SHOULDER,,,0,0,0,0,0,,,75,Memorial Day,23,Washington's Birthday,,WDW_AFTERHOURS,FLOWER_AND_GARDEN,SPRING,"SOUTH,FL",0,,,spring shoulder; EPCOT Flower And Garden; US school spring,,rules,2026-09-13T06:17:30+00:00
2026-03-12,Thu,3,WEEKDAY,0,11,3,Mar,12,71,1,2026,SPRING_SHOULDER,,,0,0,0,0,0,,,74,Memorial Day,24,Washington's Birthday,,WDW_AFTERHOURS,FLOWER_AND_GARDEN,SPRING,"SOUTH,FL",0,,,spring shoulder; EPCOT Flower And Garden; US school spring,,rules,2026-09-13T06:17:30+00:00
2026-03-13,Fri,4,FRI,0,11,3,Mar,13,72,1,2026,SPRING_SHOULDER,,,0,0,0,0,0,,,73,Memorial Day,25,Washington's Birthday,,WDW_AFTERHOURS,FLOWER_AND_GARDEN,SPRING,"SOUTH,FL",0,,,spring shoulder; EPCOT Flower And Garden; US school spring,,rules,2026-09-13T06:17:30+00:00
2026-03-14,Sat,5,SAT,1,11,3,Mar,14,73,1,2026,SPRING_SHOULDER,,,0,0,0,0,0,,,72,Memorial Day,26,Washington's Birthday,,WDW_AFTERHOURS,FLOWER_AND_GARDEN,SPRING,"SOUTH,FL",0,,,spring shoulder; EPCOT Flower And Garden; US school spring,,rules,2026-09-13T06:17:30+00:00
2026-03-15,Sun,6,SUN,1,11,3,Mar,15,74,1,2026,SPRING_SHOULDER,,,0,0,0,0,0,,,71,Memorial Day,27,Washington's Birthday,,WDW_AFTERHOURS,FLOWER_AND_GARDEN,SPRING,"SOUTH,FL",0,,,spring shoulder; EPCOT Flower And Garden; US school spring,,rules,2026-09-13T06:17:30+00:00
2026-03-16,Mon,0,WEEKDAY,0,12,3,Mar,16,75,1,2026,SPRING_SHOULDER,,,0,0,0,0,0,,,70,Memorial Day,28,Washington's Birthday,,WDW_AFTERHOURS,FLOWER_AND_GARDEN,SPRING,"SOUTH,FL",0,,,spring shoulder; EPCOT Flower And Garden; US school spring,,rules,2026-09-13T06:17:30+00:00
2026-03-17,Tue,1,WEEKDAY,0,12,3,Mar,17,76,1,2026,SPRING_SHOULDER,,,0,0,0,0,0,,,69,Memorial Day,29,Washington's Birthday,,WDW_AFTERHOURS,FLOWER_AND_GARDEN,SPRING,"SOUTH,FL",0,,,spring shoulder; EPCOT Flower And Garden; US school spring,,rules,2026-09-13T06:17:30+00:00
2026-03-18,Wed,2,WEEKDAY,0,12,3,Mar,18,77,1,2026,SPRING_SHOULDER,,,0,0,0,0,0,,,68,Memorial Day,30,Washington's Birthday,,WDW_AFTERHOURS,FLOWER_AND_GARDEN,SPRING,"SOUTH,FL",0,,,spring shoulder; EPCOT Flower And Garden; US school spring,,rules,2026-09-13T06:17:30+00:00
2026-03-19,Thu,3,WEEKDAY,0,12,3,Mar,19,78,1,2026,SPRING_SHOULDER,,,0,0,0,0,0,,,67,Memorial Day,31,Washington's Birthday,,WDW_AFTERHOURS,FLOWER_AND_GARDEN,SPRING,"SOUTH,FL",0,,,spring shoulder; EPCOT Flower And Garden; US school spring,,rules,2026-09-13T06:17:30+00:00
2026-03-20,Fri,4,FRI,0,12,3,Mar,20,79,1,2026,SPRING_SHOULDER,,,0,0,0,0,0,,,66,Memorial Day,32,Washington's Birthday,,WDW_AFTERHOURS,FLOWER_AND_GARDEN,SPRING,"SOUTH,FL",0,,,spring shoulder; EPCOT Flower And Garden; US school spring,,rules,2026-09-13T06:17:30+00:00
2026-03-21,Sat,5,SAT,1,12,3,Mar,21,80,1,2026,SPRING_SHOULDER,,,0,0,0,0,0,,,65,Memorial Day,33,Washington's Birthday,,WDW_AFTERHOURS,FLOWER_AND_GARDEN,SPRING,"SOUTH,FL",0,,,spring shoulder; EPCOT Flower And Garden; US school spring,,rules,2026-09-13T06:17:30+00:00
2026-03-22,Sun,6,SUN,1,12,3,Mar,22,81,1,2026,SPRING_SHOULDER,,,0,0,0,0,0,,,64,Memorial Day,34,Washington's Birthday,,WDW_AFTERHOURS,FLOWER_AND_GARDEN,SPRING,"SOUTH,FL",0,,,spring shoulder; EPCOT Flower And Garden; US school spring,,rules,2026-09-13T06:17:30+00:00
2026-03-23,Mon,0,WEEKDAY,0,13,3,Mar,23,82,1,2026,SPRING_SHOULDER,,,0,0,0,0,0,,,63,Memorial Day,35,Washington's Birthday,,WDW_AFTERHOURS,FLOWER_AND_GARDEN,,,0,,,spring shoulder; EPCOT Flower And Garden,,rules,2026-09-13T06:17:30+00:00
2026-03-24,Tue,1,WEEKDAY,0,13,3,Mar,24,83,1,2026,SPRING_SHOULDER,,,0,0,0,0,0,GOOD_FRIDAY,-10,62,Memorial Day,36,Washington's Birthday,,WDW_AFTERHOURS,FLOWER_AND_GARDEN,SPRING,"NE,SOUTH,MIDWEST,WEST,FL",0,,,spring shoulder; EPCOT Flower And Garden; US school spring,,rules,2026-09-13T06:17:30+00:00
2026-03-25,Wed,2,WEEKDAY,0,13,3,Mar,25,84,1,2026,SPRING_SHOULDER,,,0,0,0,0,0,GOOD_FRIDAY,-9,61,Memorial Day,37,Washington's Birthday,,WDW_AFTERHOURS,FLOWER_AND_GARDEN,SPRING,"NE,SOUTH,MIDWEST,WEST,FL",0,EASTER,,spring shoulder; EPCOT Flower And Garden; US school spring; UK easter,,rules,2026-09-13T06:17:30+00:00
2026-03-26,Thu,3,WEEKDAY,0,13,3,Mar,26,85,1,2026,SPRING_SHOULDER,,,0,0,0,0,0,GOOD_FRIDAY,-8,60,Memorial Day,38,Washington's Birthday,,WDW_AFTERHOURS,FLOWER_AND_GARDEN,SPRING,"NE,SOUTH,MIDWEST,WEST,FL",0,EASTER,,spring shoulder; EPCOT Flower And Garden; US school spring; UK easter,,rules,2026-09-13T06:17:30+00:00
2026-03-27,Fri,4,FRI,0,13,3,Mar,27,86,1,2026,SPRING_SHOULDER,,,0,0,0,0,0,GOOD_FRIDAY,-7,59,Memorial Day,39,Washington's Birthday,,WDW_AFTERHOURS,FLOWER_AND_GARDEN,SPRING,"NE,SOUTH,MIDWEST,WEST,FL",0,EASTER,,spring shoulder; EPCOT Flower And Garden; US school spring; UK easter,,rules,2026-09-13T06:17:30+00:00
2026-03-28,Sat,5,SAT,1,13,3,Mar,28,87,1,2026,EASTER_WK,,,0,0,0,0,0,GOOD_FRIDAY,-6,58,Memorial Day,40,Washington's Birthday,,WDW_AFTERHOURS,FLOWER_AND_GARDEN,SPRING,"NE,SOUTH,MIDWEST,WEST,FL",0,EASTER,,easter wk; EPCOT Flower And Garden; US school spring; UK easter,,rules,2026-09-13T06:17:30+00:00
2026-03-29,Sun,6,SUN,1,13,3,Mar,29,88,1,2026,EASTER_WK,,,0,0,0,0,0,GOOD_FRIDAY,-5,57,Memorial Day,41,Washington's Birthday,,WDW_AFTERHOURS,FLOWER_AND_GARDEN,SPRING,"NE,SOUTH,MIDWEST,WEST,FL",0,EASTER,,easter wk; EPCOT Flower And Garden; US school spring; UK easter,,rules,2026-09-13T06:17:30+00:00
2026-03-30,Mon,0,WEEKDAY,0,14,3,Mar,30,89,1,2026,EASTER_WK,,,0,0,0,0,0,GOOD_FRIDAY,-4,56,Memorial Day,42,Washington's Birthday,,WDW_AFTERHOURS,FLOWER_AND_GARDEN,SPRING,"NE,SOUTH,MIDWEST,WEST,FL",0,EASTER,,easter wk; EPCOT Flower And Garden; US school spring; UK easter,,rules,2026-09-13T06:17:30+00:00
2026-03-31,Tue,1,WEEKDAY,0,14,3,Mar,31,90,1,2026,EASTER_WK,,,0,0,0,0,0,GOOD_FRIDAY,-3,55,Memorial Day,43,Washington's Birthday,,WDW_AFTERHOURS,FLOWER_AND_GARDEN,SPRING,"NE,SOUTH,MIDWEST,WEST,FL",0,EASTER,,easter wk; EPCOT Flower And Garden; US school spring; UK easter,,rules,2026-09-13T06:17:30+00:00
2026-04-01,Wed,2,WEEKDAY,0,14,4,Apr,1,91,2,2026,EASTER_WK,,,0,0,0,0,0,GOOD_FRIDAY,-2,54,Memorial Day,44,Washington's Birthday,,WDW_AFTERHOURS,FLOWER_AND_GARDEN,SPRING,"NE,SOUTH,MIDWEST,WEST,FL",0,EASTER,,easter wk; EPCOT Flower And Garden; US school spring; UK easter,,rules,2026-09-13T06:17:30+00:00
2026-04-02,Thu,3,WEEKDAY,0,14,4,Apr,2,92,2,2026,EASTER_WK,,,0,0,0,0,0,GOOD_FRIDAY,-1,53,Memorial Day,45,Washington's Birthday,,WDW_AFTERHOURS,FLOWER_AND_GARDEN,SPRING,"NE,SOUTH,MIDWEST,WEST,FL",0,EASTER,,easter wk; EPCOT Flower And Garden; US school spring; UK easter,,rules,2026-09-13T06:17:30+00:00
2026-04-03,Fri,4,FRI,0,14,4,Apr,3,93,2,2026,EASTER_WK,,,0,0,0,0,0,GOOD_FRIDAY,0,52,Memorial Day,46,Washington's Birthday,,WDW_AFTERHOURS,FLOWER_AND_GARDEN,SPRING,"NE,SOUTH,MIDWEST,WEST,FL",0,EASTER,,easter wk; EPCOT Flower And Garden; US school spring; UK easter,,rules,2026-09-13T06:17:30+00:00
2026-04-04,Sat,5,SAT,1,14,4,Apr,4,94,2,2026,EASTER_WK,,,0,0,0,0,0,EASTER,-1,51,Memorial Day,47,Washington's Birthday,,WDW_AFTERHOURS,FLOWER_AND_GARDEN,SPRING,"NE,SOUTH,MIDWEST,WEST,FL",0,EASTER,,easter wk; EPCOT Flower And Garden; US school spring; UK easter,,rules,2026-09-13T06:17:30+00:00
2026-04-05,Sun,6,SUN,1,14,4,Apr,5,95,2,2026,EASTER_WK,,,0,0,0,0,0,EASTER,0,50,Memorial Day,48,Washington's Birthday,,WDW_AFTERHOURS,FLOWER_AND_GARDEN,SPRING,"NE,SOUTH,MIDWEST,WEST,FL",0,EASTER,,easter wk; EPCOT Flower And Garden; US school spring; UK easter,,rules,2026-09-13T06:17:30+00:00
2026-04-06,Mon,0,WEEKDAY,0,15,4,Apr,6,96,2,2026,EASTER_WK,,,0,0,0,0,0,EASTER,1,49,Memorial Day,49,Washington's Birthday,,WDW_AFTERHOURS,FLOWER_AND_GARDEN,SPRING,"NE,SOUTH,MIDWEST,WEST,FL",0,EASTER,,easter wk; EPCOT Flower And Garden; US school spring; UK easter,,rules,2026-09-13T06:17:30+00:00
2026-04-07,Tue,1,WEEKDAY,0,15,4,Apr,7,97,2,2026,EASTER_WK,,,0,0,0,0,0,EASTER,2,48,Memorial Day,50,Washington's Birthday,,WDW_AFTERHOURS,FLOWER_AND_GARDEN,SPRING,"NE,SOUTH,MIDWEST,WEST,FL",0,EASTER,,easter wk; EPCOT Flower And Garden; US school spring; UK easter,,rules,2026-09-13T06:17:30+00:00
2026-04-08,Wed,2,WEEKDAY,0,15,4,Apr,8,98,2,2026,EASTER_WK,,,0,0,0,0,0,EASTER,3,47,Memorial Day,51,Washington's Birthday,,WDW_AFTERHOURS,FLOWER_AND_GARDEN,SPRING,"NE,SOUTH,MIDWEST,WEST,FL",0,EASTER,,easter wk; EPCOT Flower And Garden; US school spring; UK easter,,rules,2026-09-13T06:17:30+00:00
2026-04-09,Thu,3,WEEKDAY,0,15,4,Apr,9,99,2,2026,EASTER_WK,,,0,0,0,0,0,EASTER,4,46,Memorial Day,52,Washington's Birthday,,WDW_AFTERHOURS,FLOWER_AND_GARDEN,SPRING,"NE,SOUTH,MIDWEST,WEST,FL",0,EASTER,,easter wk; EPCOT Flower And Garden; US school spring; UK easter,,rules,2026-09-13T06:17:30+00:00
2026-04-10,Fri,4,FRI,0,15,4,Apr,10,100,2,2026,EASTER_WK,,,0,0,0,0,0,EASTER,5,45,Memorial Day,53,Washington's Birthday,,WDW_AFTERHOURS,FLOWER_AND_GARDEN,SPRING,"NE,SOUTH,MIDWEST,WEST,FL",0,EASTER,,easter wk; EPCOT Flower And Garden; US school spring; UK easter,,rules,2026-09-13T06:17:30+00:00
2026-04-11,Sat,5,SAT,1,15,4,Apr,11,101,2,2026,EASTER_WK,,,0,0,0,0,0,EASTER,6,44,Memorial Day,54,Washington's Birthday,,WDW_AFTERHOURS,FLOWER_AND_GARDEN,SPRING,"NE,SOUTH,MIDWEST,WEST,FL",0,EASTER,,easter wk; EPCOT Flower And Garden; US school spring; UK easter,,rules,2026-09-13T06:17:30+00:00
2026-04-12,Sun,6,SUN,1,15,4,Apr,12,102,2,2026,EASTER_WK,,,0,0,0,0,0,EASTER,7,43,Memorial Day,55,Washington's Birthday,,WDW_AFTERHOURS,FLOWER_AND_GARDEN,,,0,EASTER,,easter wk; EPCOT Flower And Garden; UK easter,,rules,2026-09-13T06:17:30+00:00
2026-04-13,Mon,0,WEEKDAY,0,16,4,Apr,13,103,2,2026,EASTER_WK,,,0,0,0,0,0,EASTER,8,42,Memorial Day,56,Washington's Birthday,,WDW_AFTERHOURS,FLOWER_AND_GARDEN,,,0,EASTER,,easter wk; EPCOT Flower And Garden; UK easter,,rules,2026-09-13T06:17:30+00:00
2026-04-14,Tue,1,WEEKDAY,0,16,4,Apr,14,104,2,2026,SPRING_SHOULDER,,,0,0,0,0,0,EASTER,9,41,Memorial Day,57,Washington's Birthday,,WDW_AFTERHOURS,FLOWER_AND_GARDEN,,,0,EASTER,,spring shoulder; EPCOT Flower And Garden; UK easter,,rules,2026-09-13T06:17:30+00:00
2026-04-15,Wed,2,WEEKDAY,0,16,4,Apr,15,105,2,2026,SPRING_SHOULDER,,,0,0,0,0,0,EASTER,10,40,Memorial Day,58,Washington's Birthday,,WDW_AFTERHOURS,FLOWER_AND_GARDEN,,,0,EASTER,,spring shoulder; EPCOT Flower And Garden; UK easter,,rules,2026-09-13T06:17:30+00:00
2026-04-16,Thu,3,WEEKDAY,0,16,4,Apr,16,106,2,2026,SPRING_SHOULDER,,,0,0,0,0,0,,,39,Memorial Day,59,Washington's Birthday,,WDW_AFTERHOURS,FLOWER_AND_GARDEN,,,0,EASTER,,spring shoulder; EPCOT Flower And Garden; UK easter,,rules,2026-09-13T06:17:30+00:00
2026-04-17,Fri,4,FRI,0,16,4,Apr,17,107,2,2026,SPRING_SHOULDER,,,0,0,0,0,0,,,38,Memorial Day,60,Washington's Birthday,,WDW_AFTERHOURS,FLOWER_AND_GARDEN,,,0,,,spring shoulder; EPCOT Flower And Garden,,rules,2026-09-13T06:17:30+00:00
2026-04-18,Sat,5,SAT,1,16,4,Apr,18,108,2,2026,SPRING_SHOULDER,,,0,0,0,0,0,,,37,Memorial Day,61,Washington's Birthday,,WDW_AFTERHOURS,FLOWER_AND_GARDEN,,,0,,,spring shoulder; EPCOT Flower And Garden,,rules,2026-09-13T06:17:30+00:00
2026-04-19,Sun,6,SUN,1,16,4,Apr,19,109,2,2026,SPRING_SHOULDER,,,0,0,0,0,0,,,36,Memorial Day,62,Washington's Birthday,,WDW_AFTERHOURS,FLOWER_AND_GARDEN,,,0,,,spring shoulder; EPCOT Flower And Garden,,rules,2026-09-13T06:17:30+00:00
2026-04-20,Mon,0,WEEKDAY,0,17,4,Apr,20,110,2,2026,SPRING_SHOULDER,,,0,0,0,0,0,,,35,Memorial Day,63,Washington's Birthday,,WDW_AFTERHOURS,FLOWER_AND_GARDEN,,,0,,,spring shoulder; EPCOT Flower And Garden,,rules,2026-09-13T06:17:30+00:00
2026-04-21,Tue,1,WEEKDAY,0,17,4,Apr,21,111,2,2026,SPRING_SHOULDER,,,0,0,0,0,0,,,34,Memorial Day,64,Washington's Birthday,,WDW_AFTERHOURS,FLOWER_AND_GARDEN,,,0,,,spring shoulder; EPCOT Flower And Garden,,rules,2026-09-13T06:17:30+00:00
2026-04-22,Wed,2,WEEKDAY,0,17,4,Apr,22,112,2,2026,SPRING_SHOULDER,,,0,0,0,0,0,,,33,Memorial Day,65,Washington's Birthday,,WDW_AFTERHOURS,FLOWER_AND_GARDEN,,,0,,,spring shoulder; EPCOT Flower And Garden,,rules,2026-09-13T06:17:30+00:00
2026-04-23,Thu,3,WEEKDAY,0,17,4,Apr,23,113,2,2026,SPRING_SHOULDER,,,0,0,0,0,0,,,32,Memorial Day,66,Washington's Birthday,,WDW_AFTERHOURS,FLOWER_AND_GARDEN,,,0,,,spring shoulder; EPCOT Flower And Garden,,rules,2026-09-13T06:17:30+00:00
2026-04-24,Fri,4,FRI,0,17,4,Apr,24,114,2,2026,SPRING_SHOULDER,,,0,0,0,0,0,,,31,Memorial Day,67,Washington's Birthday,,WDW_AFTERHOURS,FLOWER_AND_GARDEN,,,0,,,spring shoulder; EPCOT Flower And Garden,,rules,2026-09-13T06:17:30+00:00
2026-04-25,Sat,5,SAT,1,17,4,Apr,25,115,2,2026,SPRING_SHOULDER,,,0,0,0,0,0,,,30,Memorial Day,68,Washington's Birthday,,WDW_AFTERHOURS,FLOWER_AND_GARDEN,,,0,,,spring shoulder; EPCOT Flower And Garden,,rules,2026-09-13T06:17:30+00:00
2026-04-26,Sun,6,SUN,1,17,4,Apr,26,116,2,2026,REGULAR,,,0,0,0,0,0,,,29,Memorial Day,69,Washington's Birthday,,WDW_AFTERHOURS,FLOWER_AND_GARDEN,,,0,,,EPCOT Flower And Garden,,rules,2026-09-13T06:17:30+00:00
2026-04-27,Mon,0,WEEKDAY,0,18,4,Apr,27,117,2,2026,REGULAR,,,0,0,0,0,0,,,28,Memorial Day,70,Washington's Birthday,,WDW_AFTERHOURS,FLOWER_AND_GARDEN,,,0,,,EPCOT Flower And Garden,,rules,2026-09-13T06:17:30+00:00
2026-04-28,Tue,1,WEEKDAY,0,18,4,Apr,28,118,2,2026,REGULAR,,,0,0,0,0,0,,,27,Memorial Day,71,Washington's Birthday,,WDW_AFTERHOURS,FLOWER_AND_GARDEN,,,0,,,EPCOT Flower And Garden,,rules,2026-09-13T06:17:30+00:00
2026-04-29,Wed,2,WEEKDAY,0,18,4,Apr,29,119,2,2026,REGULAR,,,0,0,0,0,0,,,26,Memorial Day,72,Washington's Birthday,,WDW_AFTERHOURS,FLOWER_AND_GARDEN,,,0,,,EPCOT Flower And Garden,,rules,2026-09-13T06:17:30+00:00
2026-04-30,Thu,3,WEEKDAY,0,18,4,Apr,30,120,2,2026,REGULAR,,,0,0,0,0,0,,,25,Memorial Day,73,Washington's Birthday,,WDW_AFTERHOURS,FLOWER_AND_GARDEN,,,0,,,EPCOT Flower And Garden,,rules,2026-09-13T06:17:30+00:00
2026-05-01,Fri,4,FRI,0,18,5,May,1,121,2,2026,REGULAR,,,0,0,0,0,0,,,24,Memorial Day,74,Washington's Birthday,,WDW_AFTERHOURS,FLOWER_AND_GARDEN,,,0,,,EPCOT Flower And Garden,,rules,2026-09-13T06:17:30+00:00
2026-05-02,Sat,5,SAT,1,18,5,May,2,122,2,2026,REGULAR,,,0,0,0,0,0,,,23,Memorial Day,75,Washington's Birthday,,WDW_AFTERHOURS,FLOWER_AND_GARDEN,,,0,,,EPCOT Flower And Garden,,rules,2026-09-13T06:17:30+00:00
2026-05-03,Sun,6,SUN,1,18,5,May,3,123,2,2026,REGULAR,,,0,0,0,0,0,,,22,Memorial Day,76,Washington's Birthday,,WDW_AFTERHOURS,FLOWER_AND_GARDEN,,,0,,,EPCOT Flower And Garden,,rules,2026-09-13T06:17:30+00:00
2026-05-04,Mon,0,WEEKDAY,0,19,5,May,4,124,2,2026,REGULAR,,,0,0,0,0,0,,,21,Memorial Day,77,Washington's Birthday,,WDW_AFTERHOURS,FLOWER_AND_GARDEN,,,0,,,EPCOT Flower And Garden,,rules,2026-09-13T06:17:30+00:00
2026-05-05,Tue,1,WEEKDAY,0,19,5,May,5,125,2,2026,REGULAR,,,0,0,0,0,0,,,20,Memorial Day,78,Washington's Birthday,,WDW_AFTERHOURS,FLOWER_AND_GARDEN,,,0,,,EPCOT Flower And Garden,,rules,2026-09-13T06:17:30+00:00
2026-05-06,Wed,2,WEEKDAY,0,19,5,May,6,126,2,2026,REGULAR,,,0,0,0,0,0,,,19,Memorial Day,79,Washington's Birthday,,WDW_AFTERHOURS,FLOWER_AND_GARDEN,,,0,,,EPCOT Flower And Garden,,rules,2026-09-13T06:17:30+00:00
2026-05-07,Thu,3,WEEKDAY,0,19,5,May,7,127,2,2026,REGULAR,,,0,0,0,0,0,,,18,Memorial Day,80,Washington's Birthday,,WDW_AFTERHOURS,FLOWER_AND_GARDEN,,,0,,,EPCOT Flower And Garden,,rules,2026-09-13T06:17:30+00:00
2026-05-08,Fri,4,FRI,0,19,5,May,8,128,2,2026,REGULAR,,,0,0,0,0,0,,,17,Memorial Day,81,Washington's Birthday,,WDW_AFTERHOURS,FLOWER_AND_GARDEN,,,0,,,EPCOT Flower And Garden,,rules,2026-09-13T06:17:30+00:00
2026-05-09,Sat,5,SAT,1,19,5,May,9,129,2,2026,REGULAR,,,0,0,0,0,0,,,16,Memorial Day,82,Washington's Birthday,,WDW_AFTERHOURS,FLOWER_AND_GARDEN,,,0,,,EPCOT Flower And Garden,,rules,2026-09-13T06:17:30+00:00
2026-05-10,Sun,6,SUN,1,19,5,May,10,130,2,2026,REGULAR,,,0,0,0,0,0,,,15,Memorial Day,83,Washington's Birthday,,WDW_AFTERHOURS,FLOWER_AND_GARDEN,,,0,,,EPCOT Flower And Garden,,rules,2026-09-13T06:17:30+00:00
2026-05-11,Mon,0,WEEKDAY,0,20,5,May,11,131,2,2026,REGULAR,,,0,0,0,0,0,,,14,Memorial Day,84,Washington's Birthday,,WDW_AFTERHOURS,FLOWER_AND_GARDEN,,,0,,,EPCOT Flower And Garden,,rules,2026-09-13T06:17:30+00:00
2026-05-12,Tue,1,WEEKDAY,0,20,5,May,12,132,2,2026,REGULAR,,,0,0,0,0,0,,,13,Memorial Day,85,Washington's Birthday,,WDW_AFTERHOURS,FLOWER_AND_GARDEN,,,0,,,EPCOT Flower And Garden,,rules,2026-09-13T06:17:30+00:00
2026-05-13,Wed,2,WEEKDAY,0,20,5,May,13,133,2,2026,REGULAR,,,0,0,0,0,0,,,12,Memorial Day,86,Washington's Birthday,,WDW_AFTERHOURS,FLOWER_AND_GARDEN,,,0,,,EPCOT Flower And Garden,,rules,2026-09-13T06:17:30+00:00
2026-05-14,Thu,3,WEEKDAY,0,20,5,May,14,134,2,2026,REGULAR,,,0,0,0,0,0,,,11,Memorial Day,87,Washington's Birthday,,WDW_AFTERHOURS,FLOWER_AND_GARDEN,,,0,,,EPCOT Flower And Garden,,rules,2026-09-13T06:17:30+00:00
2026-05-15,Fri,4,FRI,0,20,5,May,15,135,2,2026,REGULAR,,,0,0,0,0,0,MEMORIAL,-10,10,Memorial Day,88,Washington's Birthday,,WDW_AFTERHOURS,FLOWER_AND_GARDEN,,,0,,,EPCOT Flower And Garden,,rules,2026-09-13T06:17:30+00:00
2026-05-16,Sat,5,SAT,1,20,5,May,16,136,2,2026,REGULAR,,,0,0,0,0,0,MEMORIAL,-9,9,Memorial Day,89,Washington's Birthday,,,FLOWER_AND_GARDEN,,,0,,,EPCOT Flower And Garden,,rules,2026-09-13T06:17:30+00:00
2026-05-17,Sun,6,SUN,1,20,5,May,17,137,2,2026,REGULAR,,,0,0,0,0,0,MEMORIAL,-8,8,Memorial Day,90,Washington's Birthday,,,FLOWER_AND_GARDEN,,,0,,,EPCOT Flower And Garden,,rules,2026-09-13T06:17:30+00:00
2026-05-18,Mon,0,WEEKDAY,0,21,5,May,18,138,2,2026,REGULAR,,,0,0,0,0,0,MEMORIAL,-7,7,Memorial Day,91,Washington's Birthday,,,FLOWER_AND_GARDEN,,,0,,,EPCOT Flower And Garden,,rules,2026-09-13T06:17:30+00:00
2026-05-19,Tue,1,WEEKDAY,0,21,5,May,19,139,2,2026,REGULAR,,,0,0,0,0,0,MEMORIAL,-6,6,Memorial Day,92,Washington's Birthday,,,FLOWER_AND_GARDEN,,,0,,,EPCOT Flower And Garden,,rules,2026-09-13T06:17:30+00:00
2026-05-20,Wed,2,WEEKDAY,0,21,5,May,20,140,2,2026,REGULAR,,,0,0,0,0,0,MEMORIAL,-5,5,Memorial Day,93,Washington's Birthday,,,FLOWER_AND_GARDEN,,,0,,,EPCOT Flower And Garden,,rules,2026-09-13T06:17:30+00:00
2026-05-21,Thu,3,WEEKDAY,0,21,5,May,21,141,2,2026,REGULAR,,,0,0,0,0,0,MEMORIAL,-4,4,Memorial Day,94,Washington's Birthday,,,FLOWER_AND_GARDEN,,,0,,,EPCOT Flower And Garden,,rules,2026-09-13T06:17:30+00:00
2026-05-22,Fri,4,FRI,0,21,5,May,22,142,2,2026,MEMORIAL_WKND,,,0,0,0,1,0,MEMORIAL,-3,3,Memorial Day,95,Washington's Birthday,,,FLOWER_AND_GARDEN,,,0,,,long weekend; memorial wknd; EPCOT Flower And Garden,,rules,2026-09-13T06:17:30+00:00
2026-05-23,Sat,5,SAT,1,21,5,May,23,143,2,2026,MEMORIAL_WKND,,,0,0,0,1,0,MEMORIAL,-2,2,Memorial Day,96,Washington's Birthday,,,FLOWER_AND_GARDEN,,,0,,,long weekend; memorial wknd; EPCOT Flower And Garden,,rules,2026-09-13T06:17:30+00:00
2026-05-24,Sun,6,SUN,1,21,5,May,24,144,2,2026,MEMORIAL_WKND,,,0,1,0,1,0,MEMORIAL,-1,1,Memorial Day,97,Washington's Birthday,,,FLOWER_AND_GARDEN,,,0,,,long weekend; memorial wknd; EPCOT Flower And Garden,,rules,2026-09-13T06:17:30+00:00
2026-05-25,Mon,0,WEEKDAY,0,22,5,May,25,145,2,2026,MEMORIAL_WKND,Memorial Day,federal,1,0,0,1,0,MEMORIAL,0,25,Juneteenth National Independence Day,98,Washington's Birthday,,,FLOWER_AND_GARDEN,,,0,MAY_HALF_TERM,,Memorial Day; memorial wknd; EPCOT Flower And Garden; UK may half term,,rules,2026-09-13T06:17:30+00:00
2026-05-26,Tue,1,WEEKDAY,0,22,5,May,26,146,2,2026,MEMORIAL_WKND,,,0,0,1,0,0,MEMORIAL,1,24,Juneteenth National Independence Day,1,Memorial Day,,,FLOWER_AND_GARDEN,,,0,MAY_HALF_TERM,,memorial wknd; EPCOT Flower And Garden; UK may half term,,rules,2026-09-13T06:17:30+00:00
2026-05-27,Wed,2,WEEKDAY,0,22,5,May,27,147,2,2026,REGULAR,,,0,0,0,0,0,MEMORIAL,2,23,Juneteenth National Independence Day,2,Memorial Day,,,FLOWER_AND_GARDEN,,,0,MAY_HALF_TERM,,EPCOT Flower And Garden; UK may half term,,rules,2026-09-13T06:17:30+00:00
2026-05-28,Thu,3,WEEKDAY,0,22,5,May,28,148,2,2026,REGULAR,,,0,0,0,0,0,MEMORIAL,3,22,Juneteenth National Independence Day,3,Memorial Day,,,FLOWER_AND_GARDEN,,,0,MAY_HALF_TERM,,EPCOT Flower And Garden; UK may half term,,rules,2026-09-13T06:17:30+00:00
2026-05-29,Fri,4,FRI,0,22,5,May,29,149,2,2026,REGULAR,,,0,0,0,0,0,MEMORIAL,4,21,Juneteenth National Independence Day,4,Memorial Day,,,FLOWER_AND_GARDEN,,,0,MAY_HALF_TERM,,EPCOT Flower And Garden; UK may half term,,rules,2026-09-13T06:17:30+00:00
2026-05-30,Sat,5,SAT,1,22,5,May,30,150,2,2026,REGULAR,,,0,0,0,0,0,MEMORIAL,5,20,Juneteenth National Independence Day,5,Memorial Day,,,FLOWER_AND_GARDEN,,,0,,,EPCOT Flower And Garden,,rules,2026-09-13T06:17:30+00:00
2026-05-31,Sun,6,SUN,1,22,5,May,31,151,2,2026,REGULAR,,,0,0,0,0,0,MEMORIAL,6,19,Juneteenth National Independence Day,6,Memorial Day,,,FLOWER_AND_GARDEN,,,0,,,EPCOT Flower And Garden,,rules,2026-09-13T06:17:30+00:00
2026-06-01,Mon,0,WEEKDAY,0,23,6,Jun,1,152,2,2026,REGULAR,,,0,0,0,0,0,MEMORIAL,7,18,Juneteenth National Independence Day,7,Memorial Day,,,FLOWER_AND_GARDEN,,,0,,,EPCOT Flower And Garden,,rules,2026-09-13T06:17:30+00:00
2026-06-02,Tue,1,WEEKDAY,0,23,6,Jun,2,153,2,2026,REGULAR,,,0,0,0,0,0,MEMORIAL,8,17,Juneteenth National Independence Day,8,Memorial Day,,,FLOWER_AND_GARDEN,,,0,,,EPCOT Flower And Garden,,rules,2026-09-13T06:17:30+00:00
2026-06-03,Wed,2,WEEKDAY,0,23,6,Jun,3,154,2,2026,REGULAR,,,0,0,0,0,0,MEMORIAL,9,16,Juneteenth National Independence Day,9,Memorial Day,,,FLOWER_AND_GARDEN,,,0,,,EPCOT Flower And Garden,,rules,2026-09-13T06:17:30+00:00
2026-06-04,Thu,3,WEEKDAY,0,23,6,Jun,4,155,2,2026,REGULAR,,,0,0,0,0,0,MEMORIAL,10,15,Juneteenth National Independence Day,10,Memorial Day,,,FLOWER_AND_GARDEN,,,0,,,EPCOT Flower And Garden,,rules,2026-09-13T06:17:30+00:00
2026-06-05,Fri,4,FRI,0,23,6,Jun,5,156,2,2026,REGULAR,,,0,0,0,0,0,,,14,Juneteenth National Independence Day,11,Memorial Day,,,FLOWER_AND_GARDEN,,,0,,,EPCOT Flower And Garden,,rules,2026-09-13T06:17:30+00:00
2026-06-06,Sat,5,SAT,1,23,6,Jun,6,157,2,2026,REGULAR,,,0,0,0,0,0,,,13,Juneteenth National Independence Day,12,Memorial Day,,,FLOWER_AND_GARDEN,,,0,,,EPCOT Flower And Garden,,rules,2026-09-13T06:17:30+00:00
2026-06-07,Sun,6,SUN,1,23,6,Jun,7,158,2,2026,REGULAR,,,0,0,0,0,0,,,12,Juneteenth National Independence Day,13,Memorial Day,,,FLOWER_AND_GARDEN,,,0,,,EPCOT Flower And Garden,,rules,2026-09-13T06:17:30+00:00
2026-06-08,Mon,0,WEEKDAY,0,24,6,Jun,8,159,2,2026,SUMMER_PEAK,,,0,0,0,0,0,,,11,Juneteenth National Independence Day,14,Memorial Day,,,FLOWER_AND_GARDEN,SUMMER,"NE,SOUTH,MIDWEST,WEST,FL",0,,,summer peak; EPCOT Flower And Garden; US school summer,,rules,2026-09-13T06:17:30+00:00
2026-06-09,Tue,1,WEEKDAY,0,24,6,Jun,9,160,2,2026,SUMMER_PEAK,,,0,0,0,0,0,,,10,Juneteenth National Independence Day,15,Memorial Day,,,FLOWER_AND_GARDEN,SUMMER,"NE,SOUTH,MIDWEST,WEST,FL",0,,,summer peak; EPCOT Flower And Garden; US school summer,,rules,2026-09-13T06:17:30+00:00
2026-06-10,Wed,2,WEEKDAY,0,24,6,Jun,10,161,2,2026,SUMMER_PEAK,,,0,0,0,0,0,,,9,Juneteenth National Independence Day,16,Memorial Day,,,FLOWER_AND_GARDEN,SUMMER,"NE,SOUTH,MIDWEST,WEST,FL",0,,,summer peak; EPCOT Flower And Garden; US school summer,,rules,2026-09-13T06:17:30+00:00
2026-06-11,Thu,3,WEEKDAY,0,24,6,Jun,11,162,2,2026,SUMMER_PEAK,,,0,0,0,0,0,,,8,Juneteenth National Independence Day,17,Memorial Day,,,FLOWER_AND_GARDEN,SUMMER,"NE,SOUTH,MIDWEST,WEST,FL",0,,,summer peak; EPCOT Flower And Garden; US school summer,,rules,2026-09-13T06:17:30+00:00
2026-06-12,Fri,4,FRI,0,24,6,Jun,12,163,2,2026,SUMMER_PEAK,,,0,0,0,0,0,,,7,Juneteenth National Independence Day,18,Memorial Day,,,FLOWER_AND_GARDEN,SUMMER,"NE,SOUTH,MIDWEST,WEST,FL",0,,,summer peak; EPCOT Flower And Garden; US school summer,,rules,2026-09-13T06:17:30+00:00
2026-06-13,Sat,5,SAT,1,24,6,Jun,13,164,2,2026,SUMMER_PEAK,,,0,0,0,0,0,,,6,Juneteenth National Independence Day,19,Memorial Day,,,FLOWER_AND_GARDEN,SUMMER,"NE,SOUTH,MIDWEST,WEST,FL",0,,,summer peak; EPCOT Flower And Garden; US school summer,,rules,2026-09-13T06:17:30+00:00
2026-06-14,Sun,6,SUN,1,24,6,Jun,14,165,2,2026,SUMMER_PEAK,,,0,0,0,0,0,,,5,Juneteenth National Independence Day,20,Memorial Day,,,FLOWER_AND_GARDEN,SUMMER,"NE,SOUTH,MIDWEST,WEST,FL",0,,,summer peak; EPCOT Flower And Garden; US school summer,,rules,2026-09-13T06:17:30+00:00
2026-06-15,Mon,0,WEEKDAY,0,25,6,Jun,15,166,2,2026,SUMMER_PEAK,,,0,0,0,0,0,,,4,Juneteenth National Independence Day,21,Memorial Day,,,FLOWER_AND_GARDEN,SUMMER,"NE,SOUTH,MIDWEST,WEST,FL",0,,,summer peak; EPCOT Flower And Garden; US school summer,,rules,2026-09-13T06:17:30+00:00
2026-06-16,Tue,1,WEEKDAY,0,25,6,Jun,16,167,2,2026,SUMMER_PEAK,,,0,0,0,0,0,,,3,Juneteenth National Independence Day,22,Memorial Day,,,FLOWER_AND_GARDEN,SUMMER,"NE,SOUTH,MIDWEST,WEST,FL",0,,,summer peak; EPCOT Flower And Garden; US school summer,,rules,2026-09-13T06:17:30+00:00
2026-06-17,Wed,2,WEEKDAY,0,25,6,Jun,17,168,2,2026,SUMMER_PEAK,,,0,0,0,0,0,,,2,Juneteenth National Independence Day,23,Memorial Day,,,FLOWER_AND_GARDEN,SUMMER,"NE,SOUTH,MIDWEST,WEST,FL",0,,,summer peak; EPCOT Flower And Garden; US school summer,,rules,2026-09-13T06:17:30+00:00
2026-06-18,Thu,3,WEEKDAY,0,25,6,Jun,18,169,2,2026,SUMMER_PEAK,,,0,1,0,0,0,,,1,Juneteenth National Independence Day,24,Memorial Day,,,FLOWER_AND_GARDEN,SUMMER,"NE,SOUTH,MIDWEST,WEST,FL",0,,,summer peak; EPCOT Flower And Garden; US school summer,,rules,2026-09-13T06:17:30+00:00
2026-06-19,Fri,4,FRI,0,25,6,Jun,19,170,2,2026,SUMMER_PEAK,Juneteenth National Independence Day,federal,1,0,0,0,0,,,15,Independence Day,25,Memorial Day,,,FLOWER_AND_GARDEN,SUMMER,"NE,SOUTH,MIDWEST,WEST,FL",0,,,Juneteenth National Independence Day; summer peak; EPCOT Flower And Garden; US school summer,,rules,2026-09-13T06:17:30+00:00
2026-06-20,Sat,5,SAT,1,25,6,Jun,20,171,2,2026,SUMMER_PEAK,,,0,0,1,0,0,,,14,Independence Day,1,Juneteenth National Independence Day,,,FLOWER_AND_GARDEN,SUMMER,"NE,SOUTH,MIDWEST,WEST,FL",0,,,summer peak; EPCOT Flower And Garden; US school summer,,rules,2026-09-13T06:17:30+00:00
2026-06-21,Sun,6,SUN,1,25,6,Jun,21,172,2,2026,SUMMER_PEAK,,,0,0,0,0,0,,,13,Independence Day,2,Juneteenth National Independence Day,,,FLOWER_AND_GARDEN,SUMMER,"NE,SOUTH,MIDWEST,WEST,FL",0,,,summer peak; EPCOT Flower And Garden; US school summer,,rules,2026-09-13T06:17:30+00:00
2026-06-22,Mon,0,WEEKDAY,0,26,6,Jun,22,173,2,2026,SUMMER_PEAK,,,0,0,0,0,0,,,12,Independence Day,3,Juneteenth National Independence Day,,,FLOWER_AND_GARDEN,SUMMER,"NE,SOUTH,MIDWEST,WEST,FL",0,,,summer peak; EPCOT Flower And Garden; US school summer,,rules,2026-09-13T06:17:30+00:00
2026-06-23,Tue,1,WEEKDAY,0,26,6,Jun,23,174,2,2026,SUMMER_PEAK,,,0,0,0,0,0,,,11,Independence Day,4,Juneteenth National Independence Day,,,FLOWER_AND_GARDEN,SUMMER,"NE,SOUTH,MIDWEST,WEST,FL",0,,,summer peak; EPCOT Flower And Garden; US school summer,,rules,2026-09-13T06:17:30+00:00
2026-06-24,Wed,2,WEEKDAY,0,26,6,Jun,24,175,2,2026,SUMMER_PEAK,,,0,0,0,0,0,JULY4,-10,10,Independence Day,5,Juneteenth National Independence Day,,,FLOWER_AND_GARDEN,SUMMER,"NE,SOUTH,MIDWEST,WEST,FL",0,,,summer peak; EPCOT Flower And Garden; US school summer,,rules,2026-09-13T06:17:30+00:00
2026-06-25,Thu,3,WEEKDAY,0,26,6,Jun,25,176,2,2026,SUMMER_PEAK,,,0,0,0,0,0,JULY4,-9,9,Independence Day,6,Juneteenth National Independence Day,,,FLOWER_AND_GARDEN,SUMMER,"NE,SOUTH,MIDWEST,WEST,FL",0,,,summer peak; EPCOT Flower And Garden; US school summer,,rules,2026-09-13T06:17:30+00:00
2026-06-26,Fri,4,FRI,0,26,6,Jun,26,177,2,2026,SUMMER_PEAK,,,0,0,0,0,0,JULY4,-8,8,Independence Day,7,Juneteenth National Independence Day,,,FLOWER_AND_GARDEN,SUMMER,"NE,SOUTH,MIDWEST,WEST,FL",0,,,summer peak; EPCOT Flower And Garden; US school summer,,rules,2026-09-13T06:17:30+00:00
2026-06-27,Sat,5,SAT,1,26,6,Jun,27,178,2,2026,SUMMER_PEAK,,,0,0,0,0,0,JULY4,-7,7,Independence Day,8,Juneteenth National Independence Day,,,FLOWER_AND_GARDEN,SUMMER,"NE,SOUTH,MIDWEST,WEST,FL",0,,,summer peak; EPCOT Flower And Garden; US school summer,,rules,2026-09-13T06:17:30+00:00
2026-06-28,Sun,6,SUN,1,26,6,Jun,28,179,2,2026,SUMMER_PEAK,,,0,0,0,0,0,JULY4,-6,6,Independence Day,9,Juneteenth National Independence Day,,,FLOWER_AND_GARDEN,SUMMER,"NE,SOUTH,MIDWEST,WEST,FL",0,,,summer peak; EPCOT Flower And Garden; US school summer,,rules,2026-09-13T06:17:30+00:00
2026-06-29,Mon,0,WEEKDAY,0,27,6,Jun,29,180,2,2026,SUMMER_PEAK,,,0,0,0,0,0,JULY4,-5,5,Independence Day,10,Juneteenth National Independence Day,,,FLOWER_AND_GARDEN,SUMMER,"NE,SOUTH,MIDWEST,WEST,FL",0,,,summer peak; EPCOT Flower And Garden; US school summer,,rules,2026-09-13T06:17:30+00:00
2026-06-30,Tue,1,WEEKDAY,0,27,6,Jun,30,181,2,2026,SUMMER_PEAK,,,0,0,0,0,0,JULY4,-4,4,Independence Day,11,Juneteenth National Independence Day,,,FLOWER_AND_GARDEN,SUMMER,"NE,SOUTH,MIDWEST,WEST,FL",0,,,summer peak; EPCOT Flower And Garden; US school summer,,rules,2026-09-13T06:17:30+00:00
2026-07-01,Wed,2,WEEKDAY,0,27,7,Jul,1,182,3,2026,JULY4_WK,,,0,0,0,0,0,JULY4,-3,3,Independence Day,12,Juneteenth National Independence Day,,,FLOWER_AND_GARDEN,SUMMER,"NE,SOUTH,MIDWEST,WEST,FL",0,,WINTER,july4 wk; EPCOT Flower And Garden; US school summer; Brazil winter,,rules,2026-09-13T06:17:30+00:00
2026-07-02,Thu,3,WEEKDAY,0,27,7,Jul,2,183,3,2026,JULY4_WK,,,0,1,0,0,0,JULY4,-2,2,Independence Day,13,Juneteenth National Independence Day,,,FLOWER_AND_GARDEN,SUMMER,"NE,SOUTH,MIDWEST,WEST,FL",0,,WINTER,july4 wk; EPCOT Flower And Garden; US school summer; Brazil winter,,rules,2026-09-13T06:17:30+00:00
2026-07-03,Fri,4,FRI,0,27,7,Jul,3,184,3,2026,JULY4_WK,Independence Day (observed),observed,1,1,0,0,0,JULY4,-1,1,Independence Day,14,Juneteenth National Independence Day,,,FLOWER_AND_GARDEN,SUMMER,"NE,SOUTH,MIDWEST,WEST,FL",0,,WINTER,Independence Day (observed); july4 wk; EPCOT Flower And Garden; US school summer; Brazil winter,,rules,2026-09-13T06:17:30+00:00
2026-07-04,Sat,5,SAT,1,27,7,Jul,4,185,3,2026,JULY4_WK,Independence Day,federal,1,0,1,0,0,JULY4,0,65,Labor Day,15,Juneteenth National Independence Day,,,FLOWER_AND_GARDEN,SUMMER,"NE,SOUTH,MIDWEST,WEST,FL",0,,WINTER,Independence Day; july4 wk; EPCOT Flower And Garden; US school summer; Brazil winter,,rules,2026-09-13T06:17:30+00:00
2026-07-05,Sun,6,SUN,1,27,7,Jul,5,186,3,2026,JULY4_WK,,,0,0,1,0,0,JULY4,1,64,Labor Day,1,Independence Day,,,FLOWER_AND_GARDEN,SUMMER,"NE,SOUTH,MIDWEST,WEST,FL",0,,WINTER,july4 wk; EPCOT Flower And Garden; US school summer; Brazil winter,,rules,2026-09-13T06:17:30+00:00
2026-07-06,Mon,0,WEEKDAY,0,28,7,Jul,6,187,3,2026,JULY4_WK,,,0,0,0,0,0,JULY4,2,63,Labor Day,2,Independence Day,,,FLOWER_AND_GARDEN,SUMMER,"NE,SOUTH,MIDWEST,WEST,FL",0,,WINTER,july4 wk; EPCOT Flower And Garden; US school summer; Brazil winter,,rules,2026-09-13T06:17:30+00:00
2026-07-07,Tue,1,WEEKDAY,0,28,7,Jul,7,188,3,2026,JULY4_WK,,,0,0,0,0,0,JULY4,3,62,Labor Day,3,Independence Day,,,,SUMMER,"NE,SOUTH,MIDWEST,WEST,FL",0,,WINTER,july4 wk; US school summer; Brazil winter,,rules,2026-09-13T06:17:30+00:00
2026-07-08,Wed,2,WEEKDAY,0,28,7,Jul,8,189,3,2026,SUMMER_PEAK,,,0,0,0,0,0,JULY4,4,61,Labor Day,4,Independence Day,,,,SUMMER,"NE,SOUTH,MIDWEST,WEST,FL",0,,WINTER,summer peak; US school summer; Brazil winter,,rules,2026-09-13T06:17:30+00:00
2026-07-09,Thu,3,WEEKDAY,0,28,7,Jul,9,190,3,2026,SUMMER_PEAK,,,0,0,0,0,0,JULY4,5,60,Labor Day,5,Independence Day,,,,SUMMER,"NE,SOUTH,MIDWEST,WEST,FL",0,,WINTER,summer peak; US school summer; Brazil winter,,rules,2026-09-13T06:17:30+00:00
2026-07-10,Fri,4,FRI,0,28,7,Jul,10,191,3,2026,SUMMER_PEAK,,,0,0,0,0,0,JULY4,6,59,Labor Day,6,Independence Day,,,,SUMMER,"NE,SOUTH,MIDWEST,WEST,FL",0,,WINTER,summer peak; US school summer; Brazil winter,,rules,2026-09-13T06:17:30+00:00
2026-07-11,Sat,5,SAT,1,28,7,Jul,11,192,3,2026,SUMMER_PEAK,,,0,0,0,0,0,JULY4,7,58,Labor Day,7,Independence Day,,,,SUMMER,"NE,SOUTH,MIDWEST,WEST,FL",0,,WINTER,summer peak; US school summer; Brazil winter,,rules,2026-09-13T06:17:30+00:00
2026-07-12,Sun,6,SUN,1,28,7,Jul,12,193,3,2026,SUMMER_PEAK,,,0,0,0,0,0,JULY4,8,57,Labor Day,8,Independence Day,,,,SUMMER,"NE,SOUTH,MIDWEST,WEST,FL",0,,WINTER,summer peak; US school summer; Brazil winter,,rules,2026-09-13T06:17:30+00:00
2026-07-13,Mon,0,WEEKDAY,0,29,7,Jul,13,194,3,2026,SUMMER_PEAK,,,0,0,0,0,0,JULY4,9,56,Labor Day,9,Independence Day,,,,SUMMER,"NE,SOUTH,MIDWEST,WEST,FL",0,,WINTER,summer peak; US school summer; Brazil winter,,rules,2026-09-13T06:17:30+00:00
2026-07-14,Tue,1,WEEKDAY,0,29,7,Jul,14,195,3,2026,SUMMER_PEAK,,,0,0,0,0,0,JULY4,10,55,Labor Day,10,Independence Day,,,,SUMMER,"NE,SOUTH,MIDWEST,WEST,FL",0,,WINTER,summer peak; US school summer; Brazil winter,,rules,2026-09-13T06:17:30+00:00
2026-07-15,Wed,2,WEEKDAY,0,29,7,Jul,15,196,3,2026,SUMMER_PEAK,,,0,0,0,0,0,,,54,Labor Day,11,Independence Day,,,,SUMMER,"NE,SOUTH,MIDWEST,WEST,FL",0,,WINTER,summer peak; US school summer; Brazil winter,,rules,2026-09-13T06:17:30+00:00
2026-07-16,Thu,3,WEEKDAY,0,29,7,Jul,16,197,3,2026,SUMMER_PEAK,,,0,0,0,0,0,,,53,Labor Day,12,Independence Day,,,,SUMMER,"NE,SOUTH,MIDWEST,WEST,FL",0,,WINTER,summer peak; US school summer; Brazil winter,,rules,2026-09-13T06:17:30+00:00
2026-07-17,Fri,4,FRI,0,29,7,Jul,17,198,3,2026,SUMMER_PEAK,,,0,0,0,0,0,,,52,Labor Day,13,Independence Day,,,,SUMMER,"NE,SOUTH,MIDWEST,WEST,FL",0,,WINTER,summer peak; US school summer; Brazil winter,,rules,2026-09-13T06:17:30+00:00
2026-07-18,Sat,5,SAT,1,29,7,Jul,18,199,3,2026,SUMMER_PEAK,,,0,0,0,0,0,,,51,Labor Day,14,Independence Day,,,,SUMMER,"NE,SOUTH,MIDWEST,WEST,FL",0,,WINTER,summer peak; US school summer; Brazil winter,,rules,2026-09-13T06:17:30+00:00
2026-07-19,Sun,6,SUN,1,29,7,Jul,19,200,3,2026,SUMMER_PEAK,,,0,0,0,0,0,,,50,Labor Day,15,Independence Day,,,,SUMMER,"NE,SOUTH,MIDWEST,WEST,FL",0,,WINTER,summer peak; US school summer; Brazil winter,,rules,2026-09-13T06:17:30+00:00
2026-07-20,Mon,0,WEEKDAY,0,30,7,Jul,20,201,3,2026,SUMMER_PEAK,,,0,0,0,0,0,,,49,Labor Day,16,Independence Day,,,,SUMMER,"NE,SOUTH,MIDWEST,WEST,FL",0,,WINTER,summer peak; US school summer; Brazil winter,,rules,2026-09-13T06:17:30+00:00
2026-07-21,Tue,1,WEEKDAY,0,30,7,Jul,21,202,3,2026,SUMMER_PEAK,,,0,0,0,0,0,,,48,Labor Day,17,Independence Day,,,,SUMMER,"NE,SOUTH,MIDWEST,WEST,FL",0,,WINTER,summer peak; US school summer; Brazil winter,,rules,2026-09-13T06:17:30+00:00
2026-07-22,Wed,2,WEEKDAY,0,30,7,Jul,22,203,3,2026,SUMMER_PEAK,,,0,0,0,0,0,,,47,Labor Day,18,Independence Day,,,,SUMMER,"NE,SOUTH,MIDWEST,WEST,FL",0,,WINTER,summer peak; US school summer; Brazil winter,,rules,2026-09-13T06:17:30+00:00
2026-07-23,Thu,3,WEEKDAY,0,30,7,Jul,23,204,3,2026,SUMMER_PEAK,,,0,0,0,0,0,,,46,Labor Day,19,Independence Day,,,,SUMMER,"NE,SOUTH,MIDWEST,WEST,FL",0,SUMMER,WINTER,summer peak; US school summer; UK summer; Brazil winter,,rules,2026-09-13T06:17:30+00:00
2026-07-24,Fri,4,FRI,0,30,7,Jul,24,205,3,2026,SUMMER_PEAK,,,0,0,0,0,0,,,45,Labor Day,20,Independence Day,,,,SUMMER,"NE,SOUTH,MIDWEST,WEST,FL",0,SUMMER,WINTER,summer peak; US school summer; UK summer; Brazil winter,,rules,2026-09-13T06:17:30+00:00
2026-07-25,Sat,5,SAT,1,30,7,Jul,25,206,3,2026,SUMMER_PEAK,,,0,0,0,0,0,,,44,Labor Day,21,Independence Day,,,,SUMMER,"NE,SOUTH,MIDWEST,WEST,FL",0,SUMMER,WINTER,summer peak; US school summer; UK summer; Brazil winter,,rules,2026-09-13T06:17:30+00:00
2026-07-26,Sun,6,SUN,1,30,7,Jul,26,207,3,2026,SUMMER_PEAK,,,0,0,0,0,0,,,43,Labor Day,22,Independence Day,,,,SUMMER,"NE,SOUTH,MIDWEST,WEST,FL",0,SUMMER,WINTER,summer peak; US school summer; UK summer; Brazil winter,,rules,2026-09-13T06:17:30+00:00
2026-07-27,Mon,0,WEEKDAY,0,31,7,Jul,27,208,3,2026,SUMMER_PEAK,,,0,0,0,0,0,,,42,Labor Day,23,Independence Day,,,,SUMMER,"NE,SOUTH,MIDWEST,WEST,FL",0,SUMMER,WINTER,summer peak; US school summer; UK summer; Brazil winter,,rules,2026-09-13T06:17:30+00:00
2026-07-28,Tue,1,WEEKDAY,0,31,7,Jul,28,209,3,2026,SUMMER_PEAK,,,0,0,0,0,0,,,41,Labor Day,24,Independence Day,,,,SUMMER,"NE,SOUTH,MIDWEST,WEST,FL",0,SUMMER,WINTER,summer peak; US school summer; UK summer; Brazil winter,,rules,2026-09-13T06:17:30+00:00
2026-07-29,Wed,2,WEEKDAY,0,31,7,Jul,29,210,3,2026,SUMMER_PEAK,,,0,0,0,0,0,,,40,Labor Day,25,Independence Day,,,,SUMMER,"NE,SOUTH,MIDWEST,WEST,FL",0,SUMMER,WINTER,summer peak; US school summer; UK summer; Brazil winter,,rules,2026-09-13T06:17:30+00:00
2026-07-30,Thu,3,WEEKDAY,0,31,7,Jul,30,211,3,2026,SUMMER_PEAK,,,0,0,0,0,0,,,39,Labor Day,26,Independence Day,,,,SUMMER,"NE,SOUTH,MIDWEST,WEST,FL",0,SUMMER,WINTER,summer peak; US school summer; UK summer; Brazil winter,,rules,2026-09-13T06:17:30+00:00
2026-07-31,Fri,4,FRI,0,31,7,Jul,31,212,3,2026,SUMMER_PEAK,,,0,0,0,0,0,,,38,Labor Day,27,Independence Day,,,,SUMMER,"NE,SOUTH,MIDWEST,WEST,FL",0,SUMMER,WINTER,summer peak; US school summer; UK summer; Brazil winter,,rules,2026-09-13T06:17:30+00:00
2026-08-01,Sat,5,SAT,1,31,8,Aug,1,213,3,2026,SUMMER_PEAK,,,0,0,0,0,0,,,37,Labor Day,28,Independence Day,,,,SUMMER,"NE,SOUTH,MIDWEST,WEST,FL",0,SUMMER,,summer peak; US school summer; UK summer,,rules,2026-09-13T06:17:30+00:00
2026-08-02,Sun,6,SUN,1,31,8,Aug,2,214,3,2026,SUMMER_PEAK,,,0,0,0,0,0,,,36,Labor Day,29,Independence Day,,,,SUMMER,"NE,SOUTH,MIDWEST,WEST,FL",0,SUMMER,,summer peak; US school summer; UK summer,,rules,2026-09-13T06:17:30+00:00
2026-08-03,Mon,0,WEEKDAY,0,32,8,Aug,3,215,3,2026,SUMMER_PEAK,,,0,0,0,0,0,,,35,Labor Day,30,Independence Day,,,,SUMMER,"NE,SOUTH,MIDWEST,WEST,FL",0,SUMMER,,summer peak; US school summer; UK summer,,rules,2026-09-13T06:17:30+00:00
2026-08-04,Tue,1,WEEKDAY,0,32,8,Aug,4,216,3,2026,SUMMER_PEAK,,,0,0,0,0,0,,,34,Labor Day,31,Independence Day,,,,SUMMER,"NE,SOUTH,MIDWEST,WEST,FL",0,SUMMER,,summer peak; US school summer; UK summer,,rules,2026-09-13T06:17:30+00:00
2026-08-05,Wed,2,WEEKDAY,0,32,8,Aug,5,217,3,2026,SUMMER_PEAK,,,0,0,0,0,0,,,33,Labor Day,32,Independence Day,,,,SUMMER,"NE,SOUTH,MIDWEST,WEST,FL",0,SUMMER,,summer peak; US school summer; UK summer,,rules,2026-09-13T06:17:30+00:00
2026-08-06,Thu,3,WEEKDAY,0,32,8,Aug,6,218,3,2026,SUMMER_PEAK,,,0,0,0,0,0,,,32,Labor Day,33,Independence Day,,,,SUMMER,"NE,SOUTH,MIDWEST,WEST,FL",0,SUMMER,,summer peak; US school summer; UK summer,,rules,2026-09-13T06:17:30+00:00
2026-08-07,Fri,4,FRI,0,32,8,Aug,7,219,3,2026,SUMMER_PEAK,,,0,0,0,0,0,,,31,Labor Day,34,Independence Day,,,,SUMMER,"NE,SOUTH,MIDWEST,WEST,FL",0,SUMMER,,summer peak; US school summer; UK summer,,rules,2026-09-13T06:17:30+00:00
2026-08-08,Sat,5,SAT,1,32,8,Aug,8,220,3,2026,SUMMER_PEAK,,,0,0,0,0,0,,,30,Labor Day,35,Independence Day,,WDW_HALLOWEEN,,SUMMER,"NE,SOUTH,MIDWEST,WEST,FL",0,SUMMER,,summer peak; US school summer; UK summer,,rules,2026-09-13T06:17:30+00:00
2026-08-09,Sun,6,SUN,1,32,8,Aug,9,221,3,2026,SUMMER_PEAK,,,0,0,0,0,0,,,29,Labor Day,36,Independence Day,,WDW_HALLOWEEN,,SUMMER,"NE,SOUTH,MIDWEST,WEST,FL",0,SUMMER,,summer peak; US school summer; UK summer,,rules,2026-09-13T06:17:30+00:00
2026-08-10,Mon,0,WEEKDAY,0,33,8,Aug,10,222,3,2026,SUMMER_PEAK,,,0,0,0,0,0,,,28,Labor Day,37,Independence Day,,WDW_HALLOWEEN,,SUMMER,"NE,SOUTH,MIDWEST,WEST,FL",0,SUMMER,,summer peak; US school summer; UK summer,,rules,2026-09-13T06:17:30+00:00
2026-08-11,Tue,1,WEEKDAY,0,33,8,Aug,11,223,3,2026,LATE_SUMMER,,,0,0,0,0,0,,,27,Labor Day,38,Independence Day,,WDW_HALLOWEEN,,SUMMER,"NE,SOUTH,MIDWEST,WEST,FL",0,SUMMER,,late summer; US school summer; UK summer,,rules,2026-09-13T06:17:30+00:00
2026-08-12,Wed,2,WEEKDAY,0,33,8,Aug,12,224,3,2026,LATE_SUMMER,,,0,0,0,0,0,,,26,Labor Day,39,Independence Day,,WDW_HALLOWEEN,,SUMMER,"NE,SOUTH,MIDWEST,WEST,FL",0,SUMMER,,late summer; US school summer; UK summer,,rules,2026-09-13T06:17:30+00:00
2026-08-13,Thu,3,WEEKDAY,0,33,8,Aug,13,225,3,2026,LATE_SUMMER,,,0,0,0,0,0,,,25,Labor Day,40,Independence Day,,WDW_HALLOWEEN,,SUMMER,"NE,SOUTH,MIDWEST,WEST,FL",0,SUMMER,,late summer; US school summer; UK summer,,rules,2026-09-13T06:17:30+00:00
2026-08-14,Fri,4,FRI,0,33,8,Aug,14,226,3,2026,LATE_SUMMER,,,0,0,0,0,0,,,24,Labor Day,41,Independence Day,,WDW_HALLOWEEN,,SUMMER,"NE,SOUTH,MIDWEST,WEST,FL",0,SUMMER,,late summer; US school summer; UK summer,,rules,2026-09-13T06:17:30+00:00
2026-08-15,Sat,5,SAT,1,33,8,Aug,15,227,3,2026,LATE_SUMMER,,,0,0,0,0,0,,,23,Labor Day,42,Independence Day,HALLOWEEN_SEASON,WDW_HALLOWEEN,,SUMMER,"NE,SOUTH,MIDWEST,WEST,FL",0,SUMMER,,late summer; halloween season; US school summer; UK summer,,rules,2026-09-13T06:17:30+00:00
2026-08-16,Sun,6,SUN,1,33,8,Aug,16,228,3,2026,LATE_SUMMER,,,0,0,0,0,0,,,22,Labor Day,43,Independence Day,HALLOWEEN_SEASON,WDW_HALLOWEEN,,SUMMER,"NE,SOUTH,MIDWEST,WEST,FL",0,SUMMER,,late summer; halloween season; US school summer; UK summer,,rules,2026-09-13T06:17:30+00:00
2026-08-17,Mon,0,WEEKDAY,0,34,8,Aug,17,229,3,2026,LATE_SUMMER,,,0,0,0,0,0,,,21,Labor Day,44,Independence Day,HALLOWEEN_SEASON,WDW_HALLOWEEN,,,,0,SUMMER,,late summer; halloween season; UK summer,,rules,2026-09-13T06:17:30+00:00
2026-08-18,Tue,1,WEEKDAY,0,34,8,Aug,18,230,3,2026,LATE_SUMMER,,,0,0,0,0,0,,,20,Labor Day,45,Independence Day,HALLOWEEN_SEASON,WDW_HALLOWEEN,,,,0,SUMMER,,late summer; halloween season; UK summer,,rules,2026-09-13T06:17:30+00:00
2026-08-19,Wed,2,WEEKDAY,0,34,8,Aug,19,231,3,2026,LATE_SUMMER,,,0,0,0,0,0,,,19,Labor Day,46,Independence Day,HALLOWEEN_SEASON,WDW_HALLOWEEN,,,,0,SUMMER,,late summer; halloween season; UK summer,,rules,2026-09-13T06:17:30+00:00
2026-08-20,Thu,3,WEEKDAY,0,34,8,Aug,20,232,3,2026,LATE_SUMMER,,,0,0,0,0,0,,,18,Labor Day,47,Independence Day,HALLOWEEN_SEASON,WDW_HALLOWEEN,,,,0,SUMMER,,late summer; halloween season; UK summer,,rules,2026-09-13T06:17:30+00:00
2026-08-21,Fri,4,FRI,0,34,8,Aug,21,233,3,2026,LATE_SUMMER,,,0,0,0,0,0,,,17,Labor Day,48,Independence Day,HALLOWEEN_SEASON,WDW_HALLOWEEN,,,,0,SUMMER,,late summer; halloween season; UK summer,,rules,2026-09-13T06:17:30+00:00
2026-08-22,Sat,5,SAT,1,34,8,Aug,22,234,3,2026,LATE_SUMMER,,,0,0,0,0,0,,,16,Labor Day,49,Independence Day,HALLOWEEN_SEASON,WDW_HALLOWEEN,,,,0,SUMMER,,late summer; halloween season; UK summer,,rules,2026-09-13T06:17:30+00:00
2026-08-23,Sun,6,SUN,1,34,8,Aug,23,235,3,2026,LATE_SUMMER,,,0,0,0,0,0,,,15,Labor Day,50,Independence Day,HALLOWEEN_SEASON,WDW_HALLOWEEN,,,,0,SUMMER,,late summer; halloween season; UK summer,,rules,2026-09-13T06:17:30+00:00
2026-08-24,Mon,0,WEEKDAY,0,35,8,Aug,24,236,3,2026,LATE_SUMMER,,,0,0,0,0,0,,,14,Labor Day,51,Independence Day,HALLOWEEN_SEASON,WDW_HALLOWEEN,,,,0,SUMMER,,late summer; halloween season; UK summer,,rules,2026-09-13T06:17:30+00:00
2026-08-25,Tue,1,WEEKDAY,0,35,8,Aug,25,237,3,2026,LATE_SUMMER,,,0,0,0,0,0,,,13,Labor Day,52,Independence Day,HALLOWEEN_SEASON,WDW_HALLOWEEN,,,,0,SUMMER,,late summer; halloween season; UK summer,,rules,2026-09-13T06:17:30+00:00
2026-08-26,Wed,2,WEEKDAY,0,35,8,Aug,26,238,3,2026,LATE_SUMMER,,,0,0,0,0,0,,,12,Labor Day,53,Independence Day,HALLOWEEN_SEASON,WDW_HALLOWEEN,,,,0,SUMMER,,late summer; halloween season; UK summer,,rules,2026-09-13T06:17:30+00:00
2026-08-27,Thu,3,WEEKDAY,0,35,8,Aug,27,239,3,2026,LATE_SUMMER,,,0,0,0,0,0,,,11,Labor Day,54,Independence Day,HALLOWEEN_SEASON,WDW_HALLOWEEN,FOOD_AND_WINE,,,0,SUMMER,,late summer; halloween season; EPCOT Food And Wine; UK summer,,rules,2026-09-13T06:17:30+00:00
2026-08-28,Fri,4,FRI,0,35,8,Aug,28,240,3,2026,LATE_SUMMER,,,0,0,0,0,0,LABOR,-10,10,Labor Day,55,Independence Day,HALLOWEEN_SEASON,WDW_HALLOWEEN,FOOD_AND_WINE,,,0,SUMMER,,late summer; halloween season; EPCOT Food And Wine; UK summer,,rules,2026-09-13T06:17:30+00:00
2026-08-29,Sat,5,SAT,1,35,8,Aug,29,241,3,2026,LATE_SUMMER,,,0,0,0,0,0,LABOR,-9,9,Labor Day,56,Independence Day,HALLOWEEN_SEASON,"UOR_HHN,WDW_HALLOWEEN",FOOD_AND_WINE,,,0,SUMMER,,late summer; halloween season; EPCOT Food And Wine; UK summer,,rules,2026-09-13T06:17:30+00:00
2026-08-30,Sun,6,SUN,1,35,8,Aug,30,242,3,2026,LATE_SUMMER,,,0,0,0,0,0,LABOR,-8,8,Labor Day,57,Independence Day,HALLOWEEN_SEASON,"UOR_HHN,WDW_HALLOWEEN",FOOD_AND_WINE,,,0,SUMMER,,late summer; halloween season; EPCOT Food And Wine; UK summer,,rules,2026-09-13T06:17:30+00:00
2026-08-31,Mon,0,WEEKDAY,0,36,8,Aug,31,243,3,2026,LATE_SUMMER,,,0,0,0,0,0,LABOR,-7,7,Labor Day,58,Independence Day,HALLOWEEN_SEASON,"UOR_HHN,WDW_HALLOWEEN",FOOD_AND_WINE,,,0,SUMMER,,late summer; halloween season; EPCOT Food And Wine; UK summer,,rules,2026-09-13T06:17:30+00:00
2026-09-01,Tue,1,WEEKDAY,0,36,9,Sep,1,244,3,2026,LATE_SUMMER,,,0,0,0,0,0,LABOR,-6,6,Labor Day,59,Independence Day,HALLOWEEN_SEASON,"UOR_HHN,WDW_HALLOWEEN",FOOD_AND_WINE,,,0,SUMMER,,late summer; halloween season; EPCOT Food And Wine; UK summer,,rules,2026-09-13T06:17:30+00:00
2026-09-02,Wed,2,WEEKDAY,0,36,9,Sep,2,245,3,2026,LATE_SUMMER,,,0,0,0,0,0,LABOR,-5,5,Labor Day,60,Independence Day,HALLOWEEN_SEASON,"UOR_HHN,WDW_HALLOWEEN",FOOD_AND_WINE,,,0,,,late summer; halloween season; EPCOT Food And Wine,,rules,2026-09-13T06:17:30+00:00
2026-09-03,Thu,3,WEEKDAY,0,36,9,Sep,3,246,3,2026,FALL_OFFPEAK,,,0,0,0,0,0,LABOR,-4,4,Labor Day,61,Independence Day,HALLOWEEN_SEASON,"UOR_HHN,WDW_HALLOWEEN",FOOD_AND_WINE,,,0,,,fall offpeak; halloween season; EPCOT Food And Wine,,rules,2026-09-13T06:17:30+00:00
2026-09-04,Fri,4,FRI,0,36,9,Sep,4,247,3,2026,LABOR_WKND,,,0,0,0,1,0,LABOR,-3,3,Labor Day,62,Independence Day,HALLOWEEN_SEASON,"UOR_HHN,WDW_HALLOWEEN",FOOD_AND_WINE,,,0,,,long weekend; labor wknd; halloween season; EPCOT Food And Wine,,rules,2026-09-13T06:17:30+00:00
2026-09-05,Sat,5,SAT,1,36,9,Sep,5,248,3,2026,LABOR_WKND,,,0,0,0,1,0,LABOR,-2,2,Labor Day,63,Independence Day,HALLOWEEN_SEASON,"SEA_HOS,UOR_HHN,WDW_HALLOWEEN",FOOD_AND_WINE,,,0,,,long weekend; labor wknd; halloween season; EPCOT Food And Wine,,rules,2026-09-13T06:17:30+00:00
2026-09-06,Sun,6,SUN,1,36,9,Sep,6,249,3,2026,LABOR_WKND,,,0,1,0,1,0,LABOR,-1,1,Labor Day,64,Independence Day,HALLOWEEN_SEASON,"SEA_HOS,UOR_HHN,WDW_HALLOWEEN",FOOD_AND_WINE,,,0,,,long weekend; labor wknd; halloween season; EPCOT Food And Wine,,rules,2026-09-13T06:17:30+00:00
2026-09-07,Mon,0,WEEKDAY,0,37,9,Sep,7,250,3,2026,LABOR_WKND,Labor Day,federal,1,0,0,1,0,LABOR,0,35,Columbus Day,65,Independence Day,HALLOWEEN_SEASON,"SEA_HOS,UOR_HHN,WDW_HALLOWEEN",FOOD_AND_WINE,,,0,,,Labor Day; labor wknd; halloween season; EPCOT Food And Wine,,rules,2026-09-13T06:17:30+00:00
2026-09-08,Tue,1,WEEKDAY,0,37,9,Sep,8,251,3,2026,LABOR_WKND,,,0,0,1,0,0,LABOR,1,34,Columbus Day,1,Labor Day,HALLOWEEN_SEASON,"SEA_HOS,UOR_HHN,WDW_HALLOWEEN",FOOD_AND_WINE,,,0,,,labor wknd; halloween season; EPCOT Food And Wine,,rules,2026-09-13T06:17:30+00:00
2026-09-09,Wed,2,WEEKDAY,0,37,9,Sep,9,252,3,2026,FALL_OFFPEAK,,,0,0,0,0,0,LABOR,2,33,Columbus Day,2,Labor Day,HALLOWEEN_SEASON,"SEA_HOS,UOR_HHN,WDW_HALLOWEEN",FOOD_AND_WINE,,,0,,,fall offpeak; halloween season; EPCOT Food And Wine,,rules,2026-09-13T06:17:30+00:00
2026-09-10,Thu,3,WEEKDAY,0,37,9,Sep,10,253,3,2026,FALL_OFFPEAK,,,0,0,0,0,0,LABOR,3,32,Columbus Day,3,Labor Day,HALLOWEEN_SEASON,"SEA_HOS,UOR_HHN,WDW_HALLOWEEN",FOOD_AND_WINE,,,0,,,fall offpeak; halloween season; EPCOT Food And Wine,,rules,2026-09-13T06:17:30+00:00
2026-09-11,Fri,4,FRI,0,37,9,Sep,11,254,3,2026,FALL_OFFPEAK,,,0,0,0,0,0,LABOR,4,31,Columbus Day,4,Labor Day,HALLOWEEN_SEASON,"SEA_HOS,UOR_HHN,WDW_HALLOWEEN",FOOD_AND_WINE,,,0,,,fall offpeak; halloween season; EPCOT Food And Wine,,rules,2026-09-13T06:17:30+00:00
2026-09-12,Sat,5,SAT,1,37,9,Sep,12,255,3,2026,FALL_OFFPEAK,,,0,0,0,0,0,LABOR,5,30,Columbus Day,5,Labor Day,HALLOWEEN_SEASON,"SEA_HOS,UOR_HHN,WDW_HALLOWEEN",FOOD_AND_WINE,,,0,,,fall offpeak; halloween season; EPCOT Food And Wine,,rules,2026-09-13T06:17:30+00:00
2026-09-13,Sun,6,SUN,1,37,9,Sep,13,256,3,2026,FALL_OFFPEAK,,,0,0,0,0,0,LABOR,6,29,Columbus Day,6,Labor Day,HALLOWEEN_SEASON,"SEA_HOS,UOR_HHN,WDW_HALLOWEEN",FOOD_AND_WINE,,,0,,,fall offpeak; halloween season; EPCOT Food And Wine,,rules,2026-09-13T06:17:30+00:00
2026-09-14,Mon,0,WEEKDAY,0,38,9,Sep,14,257,3,2026,FALL_OFFPEAK,,,0,0,0,0,0,LABOR,7,28,Columbus Day,7,Labor Day,HALLOWEEN_SEASON,"SEA_HOS,UOR_HHN,WDW_HALLOWEEN",FOOD_AND_WINE,,,0,,,fall offpeak; halloween season; EPCOT Food And Wine,,rules,2026-09-13T06:17:30+00:00
2026-09-15,Tue,1,WEEKDAY,0,38,9,Sep,15,258,3,2026,FALL_OFFPEAK,,,0,0,0,0,0,LABOR,8,27,Columbus Day,8,Labor Day,HALLOWEEN_SEASON,"SEA_HOS,UOR_HHN,WDW_HALLOWEEN",FOOD_AND_WINE,,,0,,,fall offpeak; halloween season; EPCOT Food And Wine,,rules,2026-09-13T06:17:30+00:00
2026-09-16,Wed,2,WEEKDAY,0,38,9,Sep,16,259,3,2026,FALL_OFFPEAK,,,0,0,0,0,0,LABOR,9,26,Columbus Day,9,Labor Day,HALLOWEEN_SEASON,"SEA_HOS,UOR_HHN,WDW_HALLOWEEN",FOOD_AND_WINE,,,0,,,fall offpeak; halloween season; EPCOT Food And Wine,,rules,2026-09-13T06:17:30+00:00
2026-09-17,Thu,3,WEEKDAY,0,38,9,Sep,17,260,3,2026,FALL_OFFPEAK,,,0,0,0,0,0,LABOR,10,25,Columbus Day,10,Labor Day,HALLOWEEN_SEASON,"SEA_HOS,UOR_HHN,WDW_HALLOWEEN",FOOD_AND_WINE,,,0,,,fall offpeak; halloween season; EPCOT Food And Wine,,rules,2026-09-13T06:17:30+00:00
2026-09-18,Fri,4,FRI,0,38,9,Sep,18,261,3,2026,FALL_OFFPEAK,,,0,0,0,0,0,,,24,Columbus Day,11,Labor Day,HALLOWEEN_SEASON,"SEA_HOS,UOR_HHN,WDW_HALLOWEEN",FOOD_AND_WINE,,,0,,,fall offpeak; halloween season; EPCOT Food And Wine,,rules,2026-09-13T06:17:30+00:00
2026-09-19,Sat,5,SAT,1,38,9,Sep,19,262,3,2026,FALL_OFFPEAK,,,0,0,0,0,0,,,23,Columbus Day,12,Labor Day,HALLOWEEN_SEASON,"SEA_HOS,UOR_HHN,WDW_HALLOWEEN",FOOD_AND_WINE,,,0,,,fall offpeak; halloween season; EPCOT Food And Wine,,rules,2026-09-13T06:17:30+00:00
2026-09-20,Sun,6,SUN,1,38,9,Sep,20,263,3,2026,FALL_OFFPEAK,,,0,0,0,0,0,,,22,Columbus Day,13,Labor Day,HALLOWEEN_SEASON,"SEA_HOS,UOR_HHN,WDW_HALLOWEEN",FOOD_AND_WINE,,,0,,,fall offpeak; halloween season; EPCOT Food And Wine,,rules,2026-09-13T06:17:30+00:00
2026-09-21,Mon,0,WEEKDAY,0,39,9,Sep,21,264,3,2026,FALL_OFFPEAK,,,0,0,0,0,0,,,21,Columbus Day,14,Labor Day,HALLOWEEN_SEASON,"SEA_HOS,UOR_HHN,WDW_HALLOWEEN",FOOD_AND_WINE,,,0,,,fall offpeak; halloween season; EPCOT Food And Wine,,rules,2026-09-13T06:17:30+00:00
2026-09-22,Tue,1,WEEKDAY,0,39,9,Sep,22,265,3,2026,FALL_OFFPEAK,,,0,0,0,0,0,,,20,Columbus Day,15,Labor Day,HALLOWEEN_SEASON,"SEA_HOS,UOR_HHN,WDW_HALLOWEEN",FOOD_AND_WINE,,,0,,,fall offpeak; halloween season; EPCOT Food And Wine,,rules,2026-09-13T06:17:30+00:00
2026-09-23,Wed,2,WEEKDAY,0,39,9,Sep,23,266,3,2026,FALL_OFFPEAK,,,0,0,0,0,0,,,19,Columbus Day,16,Labor Day,HALLOWEEN_SEASON,"SEA_HOS,UOR_HHN,WDW_HALLOWEEN",FOOD_AND_WINE,,,0,,,fall offpeak; halloween season; EPCOT Food And Wine,,rules,2026-09-13T06:17:30+00:00
2026-09-24,Thu,3,WEEKDAY,0,39,9,Sep,24,267,3,2026,FALL_OFFPEAK,,,0,0,0,0,0,,,18,Columbus Day,17,Labor Day,HALLOWEEN_SEASON,"SEA_HOS,UOR_HHN,WDW_HALLOWEEN",FOOD_AND_WINE,,,0,,,fall offpeak; halloween season; EPCOT Food And Wine,,rules,2026-09-13T06:17:30+00:00
2026-09-25,Fri,4,FRI,0,39,9,Sep,25,268,3,2026,FALL_OFFPEAK,,,0,0,0,0,0,,,17,Columbus Day,18,Labor Day,HALLOWEEN_SEASON,"SEA_HOS,UOR_HHN,WDW_HALLOWEEN",FOOD_AND_WINE,,,0,,,fall offpeak; halloween season; EPCOT Food And Wine,,rules,2026-09-13T06:17:30+00:00
2026-09-26,Sat,5,SAT,1,39,9,Sep,26,269,3,2026,FALL_OFFPEAK,,,0,0,0,0,0,,,16,Columbus Day,19,Labor Day,HALLOWEEN_SEASON,"SEA_HOS,UOR_HHN,WDW_HALLOWEEN",FOOD_AND_WINE,,,0,,,fall offpeak; halloween season; EPCOT Food And Wine,,rules,2026-09-13T06:17:30+00:00
2026-09-27,Sun,6,SUN,1,39,9,Sep,27,270,3,2026,FALL_OFFPEAK,,,0,0,0,0,0,,,15,Columbus Day,20,Labor Day,HALLOWEEN_SEASON,"SEA_HOS,UOR_HHN,WDW_HALLOWEEN",FOOD_AND_WINE,,,0,,,fall offpeak; halloween season; EPCOT Food And Wine,,rules,2026-09-13T06:17:30+00:00
2026-09-28,Mon,0,WEEKDAY,0,40,9,Sep,28,271,3,2026,FALL_OFFPEAK,,,0,0,0,0,0,,,14,Columbus Day,21,Labor Day,HALLOWEEN_SEASON,"SEA_HOS,UOR_HHN,WDW_HALLOWEEN",FOOD_AND_WINE,,,0,,,fall offpeak; halloween season; EPCOT Food And Wine,,rules,2026-09-13T06:17:30+00:00
2026-09-29,Tue,1,WEEKDAY,0,40,9,Sep,29,272,3,2026,FALL_OFFPEAK,,,0,0,0,0,0,,,13,Columbus Day,22,Labor Day,HALLOWEEN_SEASON,"SEA_HOS,UOR_HHN,WDW_HALLOWEEN",FOOD_AND_WINE,,,0,,,fall offpeak; halloween season; EPCOT Food And Wine,,rules,2026-09-13T06:17:30+00:00
2026-09-30,Wed,2,WEEKDAY,0,40,9,Sep,30,273,3,2026,FALL_OFFPEAK,,,0,0,0,0,0,,,12,Columbus Day,23,Labor Day,HALLOWEEN_SEASON,"SEA_HOS,UOR_HHN,WDW_HALLOWEEN",FOOD_AND_WINE,,,0,,,fall offpeak; halloween season; EPCOT Food And Wine,,rules,2026-09-13T06:17:30+00:00
2026-10-01,Thu,3,WEEKDAY,0,40,10,Oct,1,274,4,2026,FALL_OFFPEAK,,,0,0,0,0,0,,,11,Columbus Day,24,Labor Day,HALLOWEEN_SEASON,"SEA_HOS,UOR_HHN,WDW_HALLOWEEN",FOOD_AND_WINE,,,0,,,fall offpeak; halloween season; EPCOT Food And Wine,,rules,2026-09-13T06:17:30+00:00
2026-10-02,Fri,4,FRI,0,40,10,Oct,2,275,4,2026,FALL_OFFPEAK,,,0,0,0,0,0,COLUMBUS,-10,10,Columbus Day,25,Labor Day,HALLOWEEN_SEASON,"SEA_HOS,UOR_HHN,WDW_HALLOWEEN",FOOD_AND_WINE,,,0,,,fall offpeak; halloween season; EPCOT Food And Wine,,rules,2026-09-13T06:17:30+00:00
2026-10-03,Sat,5,SAT,1,40,10,Oct,3,276,4,2026,FALL_OFFPEAK,,,0,0,0,0,0,COLUMBUS,-9,9,Columbus Day,26,Labor Day,HALLOWEEN_SEASON,"SEA_HOS,UOR_HHN,WDW_HALLOWEEN",FOOD_AND_WINE,,,0,,,fall offpeak; halloween season; EPCOT Food And Wine,,rules,2026-09-13T06:17:30+00:00
2026-10-04,Sun,6,SUN,1,40,10,Oct,4,277,4,2026,FALL_OFFPEAK,,,0,0,0,0,0,COLUMBUS,-8,8,Columbus Day,27,Labor Day,HALLOWEEN_SEASON,"SEA_HOS,UOR_HHN,WDW_HALLOWEEN",FOOD_AND_WINE,,,0,,,fall offpeak; halloween season; EPCOT Food And Wine,,rules,2026-09-13T06:17:30+00:00
2026-10-05,Mon,0,WEEKDAY,0,41,10,Oct,5,278,4,2026,FALL_OFFPEAK,,,0,0,0,0,0,COLUMBUS,-7,7,Columbus Day,28,Labor Day,HALLOWEEN_SEASON,"SEA_HOS,UOR_HHN,WDW_HALLOWEEN",FOOD_AND_WINE,,,0,,,fall offpeak; halloween season; EPCOT Food And Wine,,rules,2026-09-13T06:17:30+00:00
2026-10-06,Tue,1,WEEKDAY,0,41,10,Oct,6,279,4,2026,FALL_OFFPEAK,,,0,0,0,0,0,COLUMBUS,-6,6,Columbus Day,29,Labor Day,HALLOWEEN_SEASON,"SEA_HOS,UOR_HHN,WDW_HALLOWEEN",FOOD_AND_WINE,,,0,,,fall offpeak; halloween season; EPCOT Food And Wine,,rules,2026-09-13T06:17:30+00:00
2026-10-07,Wed,2,WEEKDAY,0,41,10,Oct,7,280,4,2026,FALL_OFFPEAK,,,0,0,0,0,0,COLUMBUS,-5,5,Columbus Day,30,Labor Day,HALLOWEEN_SEASON,"SEA_HOS,UOR_HHN,WDW_HALLOWEEN",FOOD_AND_WINE,,,0,,,fall offpeak; halloween season; EPCOT Food And Wine,,rules,2026-09-13T06:17:30+00:00
2026-10-08,Thu,3,WEEKDAY,0,41,10,Oct,8,281,4,2026,FALL_OFFPEAK,,,0,0,0,0,0,COLUMBUS,-4,4,Columbus Day,31,Labor Day,HALLOWEEN_SEASON,"SEA_HOS,UOR_HHN,WDW_HALLOWEEN",FOOD_AND_WINE,,,0,,,fall offpeak; halloween season; EPCOT Food And Wine,,rules,2026-09-13T06:17:30+00:00
2026-10-09,Fri,4,FRI,0,41,10,Oct,9,282,4,2026,FALL_OFFPEAK,,,0,0,0,1,0,COLUMBUS,-3,3,Columbus Day,32,Labor Day,HALLOWEEN_SEASON,"SEA_HOS,UOR_HHN,WDW_HALLOWEEN",FOOD_AND_WINE,,,0,,,long weekend; fall offpeak; halloween season; EPCOT Food And Wine,,rules,2026-09-13T06:17:30+00:00
2026-10-10,Sat,5,SAT,1,41,10,Oct,10,283,4,2026,FALL_OFFPEAK,,,0,0,0,1,0,COLUMBUS,-2,2,Columbus Day,33,Labor Day,HALLOWEEN_SEASON,"SEA_HOS,UOR_HHN,WDW_HALLOWEEN",FOOD_AND_WINE,,,0,,,long weekend; fall offpeak; halloween season; EPCOT Food And Wine,,rules,2026-09-13T06:17:30+00:00
2026-10-11,Sun,6,SUN,1,41,10,Oct,11,284,4,2026,FALL_OFFPEAK,,,0,1,0,1,0,COLUMBUS,-1,1,Columbus Day,34,Labor Day,HALLOWEEN_SEASON,"SEA_HOS,UOR_HHN,WDW_HALLOWEEN",FOOD_AND_WINE,,,0,,,long weekend; fall offpeak; halloween season; EPCOT Food And Wine,,rules,2026-09-13T06:17:30+00:00
2026-10-12,Mon,0,WEEKDAY,0,42,10,Oct,12,285,4,2026,FALL_OFFPEAK,Columbus Day,federal,1,0,0,1,0,COLUMBUS,0,30,Veterans Day,35,Labor Day,HALLOWEEN_SEASON,"SEA_HOS,UOR_HHN,WDW_HALLOWEEN",FOOD_AND_WINE,,,0,,,Columbus Day; fall offpeak; halloween season; EPCOT Food And Wine,,rules,2026-09-13T06:17:30+00:00
2026-10-13,Tue,1,WEEKDAY,0,42,10,Oct,13,286,4,2026,FALL_OFFPEAK,,,0,0,1,0,0,COLUMBUS,1,29,Veterans Day,1,Columbus Day,HALLOWEEN_SEASON,"SEA_HOS,UOR_HHN,WDW_HALLOWEEN",FOOD_AND_WINE,,,0,,,fall offpeak; halloween season; EPCOT Food And Wine,,rules,2026-09-13T06:17:30+00:00
2026-10-14,Wed,2,WEEKDAY,0,42,10,Oct,14,287,4,2026,FALL_OFFPEAK,,,0,0,0,0,0,COLUMBUS,2,28,Veterans Day,2,Columbus Day,HALLOWEEN_SEASON,"SEA_HOS,UOR_HHN,WDW_HALLOWEEN",FOOD_AND_WINE,,,0,,,fall offpeak; halloween season; EPCOT Food And Wine,,rules,2026-09-13T06:17:30+00:00
2026-10-15,Thu,3,WEEKDAY,0,42,10,Oct,15,288,4,2026,FALL_OFFPEAK,,,0,0,0,0,0,COLUMBUS,3,27,Veterans Day,3,Columbus Day,HALLOWEEN_SEASON,"SEA_HOS,UOR_HHN,WDW_HALLOWEEN",FOOD_AND_WINE,,,0,,,fall offpeak; halloween season; EPCOT Food And Wine,,rules,2026-09-13T06:17:30+00:00
2026-10-16,Fri,4,FRI,0,42,10,Oct,16,289,4,2026,FALL_OFFPEAK,,,0,0,0,0,0,COLUMBUS,4,26,Veterans Day,4,Columbus Day,HALLOWEEN_SEASON,"SEA_HOS,UOR_HHN,WDW_HALLOWEEN",FOOD_AND_WINE,,,0,,,fall offpeak; halloween season; EPCOT Food And Wine,,rules,2026-09-13T06:17:30+00:00
2026-10-17,Sat,5,SAT,1,42,10,Oct,17,290,4,2026,FALL_OFFPEAK,,,0,0,0,0,0,COLUMBUS,5,25,Veterans Day,5,Columbus Day,HALLOWEEN_SEASON,"SEA_HOS,UOR_HHN,WDW_HALLOWEEN",FOOD_AND_WINE,,,0,,,fall offpeak; halloween season; EPCOT Food And Wine,,rules,2026-09-13T06:17:30+00:00
2026-10-18,Sun,6,SUN,1,42,10,Oct,18,291,4,2026,FALL_OFFPEAK,,,0,0,0,0,0,COLUMBUS,6,24,Veterans Day,6,Columbus Day,HALLOWEEN_SEASON,"SEA_HOS,UOR_HHN,WDW_HALLOWEEN",FOOD_AND_WINE,,,0,,,fall offpeak; halloween season; EPCOT Food And Wine,,rules,2026-09-13T06:17:30+00:00
2026-10-19,Mon,0,WEEKDAY,0,43,10,Oct,19,292,4,2026,FALL_OFFPEAK,,,0,0,0,0,0,COLUMBUS,7,23,Veterans Day,7,Columbus Day,HALLOWEEN_SEASON,"SEA_HOS,UOR_HHN,WDW_HALLOWEEN",FOOD_AND_WINE,,,0,,,fall offpeak; halloween season; EPCOT Food And Wine,,rules,2026-09-13T06:17:30+00:00
2026-10-20,Tue,1,WEEKDAY,0,43,10,Oct,20,293,4,2026,FALL_OFFPEAK,,,0,0,0,0,0,COLUMBUS,8,22,Veterans Day,8,Columbus Day,HALLOWEEN_SEASON,"SEA_HOS,UOR_HHN,WDW_HALLOWEEN",FOOD_AND_WINE,,,0,,,fall offpeak; halloween season; EPCOT Food And Wine,,rules,2026-09-13T06:17:30+00:00
2026-10-21,Wed,2,WEEKDAY,0,43,10,Oct,21,294,4,2026,FALL_OFFPEAK,,,0,0,0,0,0,COLUMBUS,9,21,Veterans Day,9,Columbus Day,HALLOWEEN_SEASON,"SEA_HOS,UOR_HHN,WDW_HALLOWEEN",FOOD_AND_WINE,,,0,,,fall offpeak; halloween season; EPCOT Food And Wine,,rules,2026-09-13T06:17:30+00:00
2026-10-22,Thu,3,WEEKDAY,0,43,10,Oct,22,295,4,2026,FALL_OFFPEAK,,,0,0,0,0,0,HALLOWEEN,-9,20,Veterans Day,10,Columbus Day,HALLOWEEN_SEASON,"SEA_HOS,UOR_HHN,WDW_HALLOWEEN",FOOD_AND_WINE,,,0,,,fall offpeak; halloween season; EPCOT Food And Wine,,rules,2026-09-13T06:17:30+00:00
2026-10-23,Fri,4,FRI,0,43,10,Oct,23,296,4,2026,FALL_OFFPEAK,,,0,0,0,0,0,HALLOWEEN,-8,19,Veterans Day,11,Columbus Day,HALLOWEEN_SEASON,"SEA_HOS,UOR_HHN,WDW_HALLOWEEN",FOOD_AND_WINE,,,0,,,fall offpeak; halloween season; EPCOT Food And Wine,,rules,2026-09-13T06:17:30+00:00
2026-10-24,Sat,5,SAT,1,43,10,Oct,24,297,4,2026,FALL_OFFPEAK,,,0,0,0,0,0,HALLOWEEN,-7,18,Veterans Day,12,Columbus Day,HALLOWEEN_SEASON,"SEA_HOS,UOR_HHN,WDW_HALLOWEEN",FOOD_AND_WINE,,,0,OCT_HALF_TERM,,fall offpeak; halloween season; EPCOT Food And Wine; UK oct half term,,rules,2026-09-13T06:17:30+00:00
2026-10-25,Sun,6,SUN,1,43,10,Oct,25,298,4,2026,FALL_OFFPEAK,,,0,0,0,0,0,HALLOWEEN,-6,17,Veterans Day,13,Columbus Day,HALLOWEEN_SEASON,"SEA_HOS,UOR_HHN,WDW_HALLOWEEN",FOOD_AND_WINE,,,0,OCT_HALF_TERM,,fall offpeak; halloween season; EPCOT Food And Wine; UK oct half term,,rules,2026-09-13T06:17:30+00:00
2026-10-26,Mon,0,WEEKDAY,0,44,10,Oct,26,299,4,2026,FALL_OFFPEAK,,,0,0,0,0,0,HALLOWEEN,-5,16,Veterans Day,14,Columbus Day,HALLOWEEN_SEASON,"SEA_HOS,UOR_HHN,WDW_HALLOWEEN",FOOD_AND_WINE,,,0,OCT_HALF_TERM,,fall offpeak; halloween season; EPCOT Food And Wine; UK oct half term,,rules,2026-09-13T06:17:30+00:00
2026-10-27,Tue,1,WEEKDAY,0,44,10,Oct,27,300,4,2026,FALL_OFFPEAK,,,0,0,0,0,0,HALLOWEEN,-4,15,Veterans Day,15,Columbus Day,HALLOWEEN_SEASON,"SEA_HOS,UOR_HHN,WDW_HALLOWEEN",FOOD_AND_WINE,,,0,OCT_HALF_TERM,,fall offpeak; halloween season; EPCOT Food And Wine; UK oct half term,,rules,2026-09-13T06:17:30+00:00
2026-10-28,Wed,2,WEEKDAY,0,44,10,Oct,28,301,4,2026,FALL_OFFPEAK,,,0,0,0,0,0,HALLOWEEN,-3,14,Veterans Day,16,Columbus Day,HALLOWEEN_SEASON,"SEA_HOS,UOR_HHN,WDW_HALLOWEEN",FOOD_AND_WINE,,,0,OCT_HALF_TERM,,fall offpeak; halloween season; EPCOT Food And Wine; UK oct half term,,rules,2026-09-13T06:17:30+00:00
2026-10-29,Thu,3,WEEKDAY,0,44,10,Oct,29,302,4,2026,FALL_OFFPEAK,,,0,0,0,0,0,HALLOWEEN,-2,13,Veterans Day,17,Columbus Day,HALLOWEEN_SEASON,"SEA_HOS,UOR_HHN,WDW_HALLOWEEN",FOOD_AND_WINE,,,0,OCT_HALF_TERM,,fall offpeak; halloween season; EPCOT Food And Wine; UK oct half term,,rules,2026-09-13T06:17:30+00:00
2026-10-30,Fri,4,FRI,0,44,10,Oct,30,303,4,2026,FALL_OFFPEAK,,,0,0,0,0,0,HALLOWEEN,-1,12,Veterans Day,18,Columbus Day,HALLOWEEN_SEASON,"SEA_HOS,UOR_HHN,WDW_HALLOWEEN",FOOD_AND_WINE,,,0,OCT_HALF_TERM,,fall offpeak; halloween season; EPCOT Food And Wine; UK oct half term,,rules,2026-09-13T06:17:30+00:00
2026-10-31,Sat,5,SAT,1,44,10,Oct,31,304,4,2026,FALL_OFFPEAK,,,0,0,0,0,0,HALLOWEEN,0,11,Veterans Day,19,Columbus Day,HALLOWEEN_SEASON,"SEA_HOS,UOR_HHN,WDW_HALLOWEEN",FOOD_AND_WINE,,,0,OCT_HALF_TERM,,fall offpeak; halloween season; EPCOT Food And Wine; UK oct half term,,rules,2026-09-13T06:17:30+00:00
2026-11-01,Sun,6,SUN,1,44,11,Nov,1,305,4,2026,FALL_OFFPEAK,,,0,0,0,0,0,HALLOWEEN,1,10,Veterans Day,20,Columbus Day,,"SEA_HOS,UOR_HHN",FOOD_AND_WINE,,,0,,,fall offpeak; EPCOT Food And Wine,,rules,2026-09-13T06:17:30+00:00
2026-11-02,Mon,0,WEEKDAY,0,45,11,Nov,2,306,4,2026,FALL_OFFPEAK,,,0,0,0,0,0,HALLOWEEN,2,9,Veterans Day,21,Columbus Day,,"SEA_HOS,UOR_HHN",FOOD_AND_WINE,,,0,,,fall offpeak; EPCOT Food And Wine,,rules,2026-09-13T06:17:30+00:00
2026-11-03,Tue,1,WEEKDAY,0,45,11,Nov,3,307,4,2026,FALL_OFFPEAK,,,0,0,0,0,0,HALLOWEEN,3,8,Veterans Day,22,Columbus Day,,,FOOD_AND_WINE,,,0,,,fall offpeak; EPCOT Food And Wine,,rules,2026-09-13T06:17:30+00:00
2026-11-04,Wed,2,WEEKDAY,0,45,11,Nov,4,308,4,2026,FALL_OFFPEAK,,,0,0,0,0,0,HALLOWEEN,4,7,Veterans Day,23,Columbus Day,,,FOOD_AND_WINE,,,0,,,fall offpeak; EPCOT Food And Wine,,rules,2026-09-13T06:17:30+00:00
2026-11-05,Thu,3,WEEKDAY,0,45,11,Nov,5,309,4,2026,JERSEY_WEEK,,,0,0,0,0,0,HALLOWEEN,5,6,Veterans Day,24,Columbus Day,,,FOOD_AND_WINE,,,0,,,jersey week; EPCOT Food And Wine,,rules,2026-09-13T06:17:30+00:00
2026-11-06,Fri,4,FRI,0,45,11,Nov,6,310,4,2026,JERSEY_WEEK,,,0,0,0,0,0,HALLOWEEN,6,5,Veterans Day,25,Columbus Day,,,FOOD_AND_WINE,,,0,,,jersey week; EPCOT Food And Wine,,rules,2026-09-13T06:17:30+00:00
2026-11-07,Sat,5,SAT,1,45,11,Nov,7,311,4,2026,JERSEY_WEEK,,,0,0,0,0,0,HALLOWEEN,7,4,Veterans Day,26,Columbus Day,,,FOOD_AND_WINE,,,0,,,jersey week; EPCOT Food And Wine,,rules,2026-09-13T06:17:30+00:00
2026-11-08,Sun,6,SUN,1,45,11,Nov,8,312,4,2026,JERSEY_WEEK,,,0,0,0,0,0,HALLOWEEN,8,3,Veterans Day,27,Columbus Day,HOLIDAY_SEASON,WDW_HOLIDAY,FOOD_AND_WINE,,,0,,,jersey week; holiday season; EPCOT Food And Wine,,rules,2026-09-13T06:17:30+00:00
2026-11-09,Mon,0,WEEKDAY,0,46,11,Nov,9,313,4,2026,JERSEY_WEEK,,,0,0,0,0,0,HALLOWEEN,9,2,Veterans Day,28,Columbus Day,HOLIDAY_SEASON,WDW_HOLIDAY,FOOD_AND_WINE,,,0,,,jersey week; holiday season; EPCOT Food And Wine,,rules,2026-09-13T06:17:30+00:00
2026-11-10,Tue,1,WEEKDAY,0,46,11,Nov,10,314,4,2026,JERSEY_WEEK,,,0,1,0,0,0,HALLOWEEN,10,1,Veterans Day,29,Columbus Day,HOLIDAY_SEASON,WDW_HOLIDAY,FOOD_AND_WINE,,,0,,,jersey week; holiday season; EPCOT Food And Wine,,rules,2026-09-13T06:17:30+00:00
2026-11-11,Wed,2,WEEKDAY,0,46,11,Nov,11,315,4,2026,JERSEY_WEEK,Veterans Day,federal,1,0,0,0,0,,,15,Thanksgiving Day,30,Columbus Day,HOLIDAY_SEASON,WDW_HOLIDAY,FOOD_AND_WINE,,,0,,,Veterans Day; jersey week; holiday season; EPCOT Food And Wine,,rules,2026-09-13T06:17:30+00:00
2026-11-12,Thu,3,WEEKDAY,0,46,11,Nov,12,316,4,2026,JERSEY_WEEK,,,0,0,1,0,0,,,14,Thanksgiving Day,1,Veterans Day,HOLIDAY_SEASON,WDW_HOLIDAY,FOOD_AND_WINE,,,0,,,jersey week; holiday season; EPCOT Food And Wine,,rules,2026-09-13T06:17:30+00:00
2026-11-13,Fri,4,FRI,0,46,11,Nov,13,317,4,2026,JERSEY_WEEK,,,0,0,0,0,0,,,13,Thanksgiving Day,2,Veterans Day,HOLIDAY_SEASON,WDW_HOLIDAY,FOOD_AND_WINE,,,0,,,jersey week; holiday season; EPCOT Food And Wine,,rules,2026-09-13T06:17:30+00:00
2026-11-14,Sat,5,SAT,1,46,11,Nov,14,318,4,2026,JERSEY_WEEK,,,0,0,0,0,0,,,12,Thanksgiving Day,3,Veterans Day,HOLIDAY_SEASON,"SEA_CHRISTMAS,WDW_HOLIDAY",FOOD_AND_WINE,,,0,,,jersey week; holiday season; EPCOT Food And Wine,,rules,2026-09-13T06:17:30+00:00
2026-11-15,Sun,6,SUN,1,46,11,Nov,15,319,4,2026,REGULAR,,,0,0,0,0,0,,,11,Thanksgiving Day,4,Veterans Day,HOLIDAY_SEASON,"SEA_CHRISTMAS,UOR_HOLIDAY,WDW_HOLIDAY",FOOD_AND_WINE,,,0,,,holiday season; EPCOT Food And Wine,,rules,2026-09-13T06:17:30+00:00
2026-11-16,Mon,0,WEEKDAY,0,47,11,Nov,16,320,4,2026,REGULAR,,,0,0,0,0,0,THANKSGIVING,-10,10,Thanksgiving Day,5,Veterans Day,HOLIDAY_SEASON,"SEA_CHRISTMAS,UOR_HOLIDAY,WDW_HOLIDAY",FOOD_AND_WINE,,,0,,,holiday season; EPCOT Food And Wine,,rules,2026-09-13T06:17:30+00:00
2026-11-17,Tue,1,WEEKDAY,0,47,11,Nov,17,321,4,2026,REGULAR,,,0,0,0,0,0,THANKSGIVING,-9,9,Thanksgiving Day,6,Veterans Day,HOLIDAY_SEASON,"SEA_CHRISTMAS,UOR_HOLIDAY,WDW_HOLIDAY",FOOD_AND_WINE,,,0,,,holiday season; EPCOT Food And Wine,,rules,2026-09-13T06:17:30+00:00
2026-11-18,Wed,2,WEEKDAY,0,47,11,Nov,18,322,4,2026,REGULAR,,,0,0,0,0,0,THANKSGIVING,-8,8,Thanksgiving Day,7,Veterans Day,HOLIDAY_SEASON,"SEA_CHRISTMAS,UOR_HOLIDAY,WDW_HOLIDAY",FOOD_AND_WINE,,,0,,,holiday season; EPCOT Food And Wine,,rules,2026-09-13T06:17:30+00:00
2026-11-19,Thu,3,WEEKDAY,0,47,11,Nov,19,323,4,2026,REGULAR,,,0,0,0,0,0,THANKSGIVING,-7,7,Thanksgiving Day,8,Veterans Day,HOLIDAY_SEASON,"SEA_CHRISTMAS,UOR_HOLIDAY,WDW_HOLIDAY",FOOD_AND_WINE,,,0,,,holiday season; EPCOT Food And Wine,,rules,2026-09-13T06:17:30+00:00
2026-11-20,Fri,4,FRI,0,47,11,Nov,20,324,4,2026,REGULAR,,,0,0,0,0,0,THANKSGIVING,-6,6,Thanksgiving Day,9,Veterans Day,HOLIDAY_SEASON,"SEA_CHRISTMAS,UOR_HOLIDAY,WDW_HOLIDAY",FOOD_AND_WINE,,,0,,,holiday season; EPCOT Food And Wine,,rules,2026-09-13T06:17:30+00:00
2026-11-21,Sat,5,SAT,1,47,11,Nov,21,325,4,2026,REGULAR,,,0,0,0,0,0,THANKSGIVING,-5,5,Thanksgiving Day,10,Veterans Day,HOLIDAY_SEASON,"SEA_CHRISTMAS,UOR_HOLIDAY,WDW_HOLIDAY",FOOD_AND_WINE,,,0,,,holiday season; EPCOT Food And Wine,,rules,2026-09-13T06:17:30+00:00
2026-11-22,Sun,6,SUN,1,47,11,Nov,22,326,4,2026,REGULAR,,,0,0,0,0,0,THANKSGIVING,-4,4,Thanksgiving Day,11,Veterans Day,HOLIDAY_SEASON,"SEA_CHRISTMAS,UOR_HOLIDAY,WDW_HOLIDAY",FOOD_AND_WINE,,,0,,,holiday season; EPCOT Food And Wine,,rules,2026-09-13T06:17:30+00:00
2026-11-23,Mon,0,WEEKDAY,0,48,11,Nov,23,327,4,2026,REGULAR,,,0,0,0,0,0,THANKSGIVING,-3,3,Thanksgiving Day,12,Veterans Day,HOLIDAY_SEASON,"SEA_CHRISTMAS,UOR_HOLIDAY,WDW_HOLIDAY",,,,0,,,holiday season,,rules,2026-09-13T06:17:30+00:00
2026-11-24,Tue,1,WEEKDAY,0,48,11,Nov,24,328,4,2026,THANKSGIVING_WK,,,0,0,0,0,0,THANKSGIVING,-2,2,Thanksgiving Day,13,Veterans Day,HOLIDAY_SEASON,"SEA_CHRISTMAS,UOR_HOLIDAY,WDW_HOLIDAY",,,,0,,,thanksgiving wk; holiday season,,rules,2026-09-13T06:17:30+00:00
2026-11-25,Wed,2,WEEKDAY,0,48,11,Nov,25,329,4,2026,THANKSGIVING_WK,,,0,1,0,0,0,THANKSGIVING,-1,1,Thanksgiving Day,14,Veterans Day,HOLIDAY_SEASON,"SEA_CHRISTMAS,UOR_HOLIDAY,WDW_HOLIDAY",,THANKSGIVING,"NE,SOUTH,MIDWEST,WEST,FL",0,,,thanksgiving wk; holiday season; US school thanksgiving,,rules,2026-09-13T06:17:30+00:00
2026-11-26,Thu,3,WEEKDAY,0,48,11,Nov,26,330,4,2026,THANKSGIVING_WK,Thanksgiving Day,federal,1,0,0,1,0,THANKSGIVING,0,29,Christmas Day,15,Veterans Day,HOLIDAY_SEASON,"SEA_CHRISTMAS,UOR_HOLIDAY,WDW_HOLIDAY",,THANKSGIVING,"NE,SOUTH,MIDWEST,WEST,FL",0,,,Thanksgiving Day; thanksgiving wk; holiday season; US school thanksgiving,,rules,2026-09-13T06:17:30+00:00
2026-11-27,Fri,4,FRI,0,48,11,Nov,27,331,4,2026,THANKSGIVING_WK,,,0,0,1,1,1,THANKSGIVING,1,28,Christmas Day,1,Thanksgiving Day,HOLIDAY_SEASON,"SEA_CHRISTMAS,UOR_HOLIDAY,WDW_HOLIDAY",,THANKSGIVING,"NE,SOUTH,MIDWEST,WEST,FL",0,,,long weekend; thanksgiving wk; holiday season; US school thanksgiving,,rules,2026-09-13T06:17:30+00:00
2026-11-28,Sat,5,SAT,1,48,11,Nov,28,332,4,2026,THANKSGIVING_WK,,,0,0,0,1,0,THANKSGIVING,2,27,Christmas Day,2,Thanksgiving Day,HOLIDAY_SEASON,"SEA_CHRISTMAS,UOR_HOLIDAY,WDW_HOLIDAY",HOLIDAYS,THANKSGIVING,"NE,SOUTH,MIDWEST,WEST,FL",0,,,long weekend; thanksgiving wk; holiday season; EPCOT Holidays; US school thanksgiving,,rules,2026-09-13T06:17:30+00:00
2026-11-29,Sun,6,SUN,1,48,11,Nov,29,333,4,2026,THANKSGIVING_WK,,,0,0,0,1,0,THANKSGIVING,3,26,Christmas Day,3,Thanksgiving Day,HOLIDAY_SEASON,"SEA_CHRISTMAS,UOR_HOLIDAY,WDW_HOLIDAY",HOLIDAYS,,,0,,,long weekend; thanksgiving wk; holiday season; EPCOT Holidays,,rules,2026-09-13T06:17:30+00:00
2026-11-30,Mon,0,WEEKDAY,0,49,11,Nov,30,334,4,2026,THANKSGIVING_WK,,,0,0,0,0,0,THANKSGIVING,4,25,Christmas Day,4,Thanksgiving Day,HOLIDAY_SEASON,"SEA_CHRISTMAS,UOR_HOLIDAY,WDW_HOLIDAY",HOLIDAYS,,,0,,,thanksgiving wk; holiday season; EPCOT Holidays,,rules,2026-09-13T06:17:30+00:00
2026-12-01,Tue,1,WEEKDAY,0,49,12,Dec,1,335,4,2026,EARLY_DEC,,,0,0,0,0,0,THANKSGIVING,5,24,Christmas Day,5,Thanksgiving Day,HOLIDAY_SEASON,"SEA_CHRISTMAS,UOR_HOLIDAY,WDW_HOLIDAY",HOLIDAYS,,,0,,,early dec; holiday season; EPCOT Holidays,,rules,2026-09-13T06:17:30+00:00
2026-12-02,Wed,2,WEEKDAY,0,49,12,Dec,2,336,4,2026,EARLY_DEC,,,0,0,0,0,0,THANKSGIVING,6,23,Christmas Day,6,Thanksgiving Day,HOLIDAY_SEASON,"SEA_CHRISTMAS,UOR_HOLIDAY,WDW_HOLIDAY",HOLIDAYS,,,0,,,early dec; holiday season; EPCOT Holidays,,rules,2026-09-13T06:17:30+00:00
2026-12-03,Thu,3,WEEKDAY,0,49,12,Dec,3,337,4,2026,EARLY_DEC,,,0,0,0,0,0,THANKSGIVING,7,22,Christmas Day,7,Thanksgiving Day,HOLIDAY_SEASON,"SEA_CHRISTMAS,UOR_HOLIDAY,WDW_HOLIDAY",HOLIDAYS,,,0,,,early dec; holiday season; EPCOT Holidays,,rules,2026-09-13T06:17:30+00:00
2026-12-04,Fri,4,FRI,0,49,12,Dec,4,338,4,2026,EARLY_DEC,,,0,0,0,0,0,THANKSGIVING,8,21,Christmas Day,8,Thanksgiving Day,HOLIDAY_SEASON,"SEA_CHRISTMAS,UOR_HOLIDAY,WDW_HOLIDAY",HOLIDAYS,,,0,,,early dec; holiday season; EPCOT Holidays,,rules,2026-09-13T06:17:30+00:00
2026-12-05,Sat,5,SAT,1,49,12,Dec,5,339,4,2026,EARLY_DEC,,,0,0,0,0,0,THANKSGIVING,9,20,Christmas Day,9,Thanksgiving Day,HOLIDAY_SEASON,"SEA_CHRISTMAS,UOR_HOLIDAY,WDW_HOLIDAY",HOLIDAYS,,,0,,,early dec; holiday season; EPCOT Holidays,,rules,2026-09-13T06:17:30+00:00
2026-12-06,Sun,6,SUN,1,49,12,Dec,6,340,4,2026,EARLY_DEC,,,0,0,0,0,0,THANKSGIVING,10,19,Christmas Day,10,Thanksgiving Day,HOLIDAY_SEASON,"SEA_CHRISTMAS,UOR_HOLIDAY,WDW_HOLIDAY",HOLIDAYS,,,0,,,early dec; holiday season; EPCOT Holidays,,rules,2026-09-13T06:17:30+00:00
2026-12-07,Mon,0,WEEKDAY,0,50,12,Dec,7,341,4,2026,EARLY_DEC,,,0,0,0,0,0,,,18,Christmas Day,11,Thanksgiving Day,HOLIDAY_SEASON,"SEA_CHRISTMAS,UOR_HOLIDAY,WDW_HOLIDAY",HOLIDAYS,,,0,,,early dec; holiday season; EPCOT Holidays,,rules,2026-09-13T06:17:30+00:00
2026-12-08,Tue,1,WEEKDAY,0,50,12,Dec,8,342,4,2026,EARLY_DEC,,,0,0,0,0,0,,,17,Christmas Day,12,Thanksgiving Day,HOLIDAY_SEASON,"SEA_CHRISTMAS,UOR_HOLIDAY,WDW_HOLIDAY",HOLIDAYS,,,0,,,early dec; holiday season; EPCOT Holidays,,rules,2026-09-13T06:17:30+00:00
2026-12-09,Wed,2,WEEKDAY,0,50,12,Dec,9,343,4,2026,EARLY_DEC,,,0,0,0,0,0,,,16,Christmas Day,13,Thanksgiving Day,HOLIDAY_SEASON,"SEA_CHRISTMAS,UOR_HOLIDAY,WDW_HOLIDAY",HOLIDAYS,,,0,,,early dec; holiday season; EPCOT Holidays,,rules,2026-09-13T06:17:30+00:00
2026-12-10,Thu,3,WEEKDAY,0,50,12,Dec,10,344,4,2026,EARLY_DEC,,,0,0,0,0,0,,,15,Christmas Day,14,Thanksgiving Day,HOLIDAY_SEASON,"SEA_CHRISTMAS,UOR_HOLIDAY,WDW_HOLIDAY",HOLIDAYS,,,0,,,early dec; holiday season; EPCOT Holidays,,rules,2026-09-13T06:17:30+00:00
2026-12-11,Fri,4,FRI,0,50,12,Dec,11,345,4,2026,EARLY_DEC,,,0,0,0,0,0,,,14,Christmas Day,15,Thanksgiving Day,HOLIDAY_SEASON,"SEA_CHRISTMAS,UOR_HOLIDAY,WDW_HOLIDAY",HOLIDAYS,,,0,,,early dec; holiday season; EPCOT Holidays,,rules,2026-09-13T06:17:30+00:00
2026-12-12,Sat,5,SAT,1,50,12,Dec,12,346,4,2026,EARLY_DEC,,,0,0,0,0,0,,,13,Christmas Day,16,Thanksgiving Day,HOLIDAY_SEASON,"SEA_CHRISTMAS,UOR_HOLIDAY,WDW_HOLIDAY",HOLIDAYS,,,0,,,early dec; holiday season; EPCOT Holidays,,rules,2026-09-13T06:17:30+00:00
2026-12-13,Sun,6,SUN,1,50,12,Dec,13,347,4,2026,EARLY_DEC,,,0,0,0,0,0,,,12,Christmas Day,17,Thanksgiving Day,HOLIDAY_SEASON,"SEA_CHRISTMAS,UOR_HOLIDAY,WDW_HOLIDAY",HOLIDAYS,,,0,,SUMMER,early dec; holiday season; EPCOT Holidays; Brazil summer,,rules,2026-09-13T06:17:30+00:00
2026-12-14,Mon,0,WEEKDAY,0,51,12,Dec,14,348,4,2026,EARLY_DEC,,,0,0,0,0,0,,,11,Christmas Day,18,Thanksgiving Day,HOLIDAY_SEASON,"SEA_CHRISTMAS,UOR_HOLIDAY,WDW_HOLIDAY",HOLIDAYS,,,0,,SUMMER,early dec; holiday season; EPCOT Holidays; Brazil summer,,rules,2026-09-13T06:17:30+00:00
2026-12-15,Tue,1,WEEKDAY,0,51,12,Dec,15,349,4,2026,EARLY_DEC,,,0,0,0,0,0,CHRISTMAS,-10,10,Christmas Day,19,Thanksgiving Day,HOLIDAY_SEASON,"SEA_CHRISTMAS,UOR_HOLIDAY,WDW_HOLIDAY",HOLIDAYS,,,0,,SUMMER,early dec; holiday season; EPCOT Holidays; Brazil summer,,rules,2026-09-13T06:17:30+00:00
2026-12-16,Wed,2,WEEKDAY,0,51,12,Dec,16,350,4,2026,EARLY_DEC,,,0,0,0,0,0,CHRISTMAS,-9,9,Christmas Day,20,Thanksgiving Day,HOLIDAY_SEASON,"SEA_CHRISTMAS,UOR_HOLIDAY,WDW_HOLIDAY",HOLIDAYS,,,0,,SUMMER,early dec; holiday season; EPCOT Holidays; Brazil summer,,rules,2026-09-13T06:17:30+00:00
2026-12-17,Thu,3,WEEKDAY,0,51,12,Dec,17,351,4,2026,EARLY_DEC,,,0,0,0,0,0,CHRISTMAS,-8,8,Christmas Day,21,Thanksgiving Day,HOLIDAY_SEASON,"SEA_CHRISTMAS,UOR_HOLIDAY,WDW_HOLIDAY",HOLIDAYS,,,0,,SUMMER,early dec; holiday season; EPCOT Holidays; Brazil summer,,rules,2026-09-13T06:17:30+00:00
2026-12-18,Fri,4,FRI,0,51,12,Dec,18,352,4,2026,EARLY_DEC,,,0,0,0,0,0,CHRISTMAS,-7,7,Christmas Day,22,Thanksgiving Day,HOLIDAY_SEASON,"SEA_CHRISTMAS,UOR_HOLIDAY,WDW_HOLIDAY",HOLIDAYS,,,0,,SUMMER,early dec; holiday season; EPCOT Holidays; Brazil summer,,rules,2026-09-13T06:17:30+00:00
2026-12-19,Sat,5,SAT,1,51,12,Dec,19,353,4,2026,EARLY_DEC,,,0,0,0,0,0,CHRISTMAS,-6,6,Christmas Day,23,Thanksgiving Day,HOLIDAY_SEASON,"SEA_CHRISTMAS,UOR_HOLIDAY,WDW_HOLIDAY",HOLIDAYS,,,0,,SUMMER,early dec; holiday season; EPCOT Holidays; Brazil summer,,rules,2026-09-13T06:17:30+00:00
2026-12-20,Sun,6,SUN,1,51,12,Dec,20,354,4,2026,EARLY_DEC,,,0,0,0,0,0,CHRISTMAS,-5,5,Christmas Day,24,Thanksgiving Day,HOLIDAY_SEASON,"SEA_CHRISTMAS,UOR_HOLIDAY,WDW_HOLIDAY",HOLIDAYS,WINTER,"NE,SOUTH,MIDWEST,WEST,FL",0,CHRISTMAS,SUMMER,early dec; holiday season; EPCOT Holidays; US school winter; UK christmas; Brazil summer,,rules,2026-09-13T06:17:30+00:00
2026-12-21,Mon,0,WEEKDAY,0,52,12,Dec,21,355,4,2026,CHRISTMAS_PEAK,,,0,0,0,0,0,CHRISTMAS,-4,4,Christmas Day,25,Thanksgiving Day,HOLIDAY_SEASON,"SEA_CHRISTMAS,UOR_HOLIDAY,WDW_HOLIDAY",HOLIDAYS,WINTER,"NE,SOUTH,MIDWEST,WEST,FL",0,CHRISTMAS,SUMMER,christmas peak; holiday season; EPCOT Holidays; US school winter; UK christmas; Brazil summer,,rules,2026-09-13T06:17:30+00:00
2026-12-22,Tue,1,WEEKDAY,0,52,12,Dec,22,356,4,2026,CHRISTMAS_PEAK,,,0,0,0,0,0,CHRISTMAS,-3,3,Christmas Day,26,Thanksgiving Day,HOLIDAY_SEASON,"SEA_CHRISTMAS,UOR_HOLIDAY,WDW_HOLIDAY",HOLIDAYS,WINTER,"NE,SOUTH,MIDWEST,WEST,FL",0,CHRISTMAS,SUMMER,christmas peak; holiday season; EPCOT Holidays; US school winter; UK christmas; Brazil summer,,rules,2026-09-13T06:17:30+00:00
2026-12-23,Wed,2,WEEKDAY,0,52,12,Dec,23,357,4,2026,CHRISTMAS_PEAK,,,0,0,0,0,0,CHRISTMAS,-2,2,Christmas Day,27,Thanksgiving Day,HOLIDAY_SEASON,"SEA_CHRISTMAS,UOR_HOLIDAY,WDW_HOLIDAY",HOLIDAYS,WINTER,"NE,SOUTH,MIDWEST,WEST,FL",0,CHRISTMAS,SUMMER,christmas peak; holiday season; EPCOT Holidays; US school winter; UK christmas; Brazil summer,,rules,2026-09-13T06:17:30+00:00
2026-12-24,Thu,3,WEEKDAY,0,52,12,Dec,24,358,4,2026,CHRISTMAS_PEAK,,,0,1,0,0,0,CHRISTMAS,-1,1,Christmas Day,28,Thanksgiving Day,HOLIDAY_SEASON,"SEA_CHRISTMAS,UOR_HOLIDAY,WDW_HOLIDAY",HOLIDAYS,WINTER,"NE,SOUTH,MIDWEST,WEST,FL",0,CHRISTMAS,SUMMER,christmas peak; holiday season; EPCOT Holidays; US school winter; UK christmas; Brazil summer,,rules,2026-09-13T06:17:30+00:00
2026-12-25,Fri,4,FRI,0,52,12,Dec,25,359,4,2026,CHRISTMAS_PEAK,Christmas Day,federal,1,0,0,0,0,CHRISTMAS,0,7,New Year's Day,29,Thanksgiving Day,HOLIDAY_SEASON,"SEA_CHRISTMAS,UOR_HOLIDAY,WDW_HOLIDAY",HOLIDAYS,WINTER,"NE,SOUTH,MIDWEST,WEST,FL",0,CHRISTMAS,SUMMER,Christmas Day; christmas peak; holiday season; EPCOT Holidays; US school winter; UK christmas; Brazil summer,,rules,2026-09-13T06:17:30+00:00
2026-12-26,Sat,5,SAT,1,52,12,Dec,26,360,4,2026,CHRISTMAS_PEAK,,,0,0,1,0,0,CHRISTMAS,1,6,New Year's Day,1,Christmas Day,HOLIDAY_SEASON,"SEA_CHRISTMAS,UOR_HOLIDAY,WDW_HOLIDAY",HOLIDAYS,WINTER,"NE,SOUTH,MIDWEST,WEST,FL",0,CHRISTMAS,SUMMER,christmas peak; holiday season; EPCOT Holidays; US school winter; UK christmas; Brazil summer,,rules,2026-09-13T06:17:30+00:00
2026-12-27,Sun,6,SUN,1,52,12,Dec,27,361,4,2026,CHRISTMAS_PEAK,,,0,0,0,0,0,CHRISTMAS,2,5,New Year's Day,2,Christmas Day,HOLIDAY_SEASON,"SEA_CHRISTMAS,UOR_HOLIDAY,WDW_HOLIDAY",HOLIDAYS,WINTER,"NE,SOUTH,MIDWEST,WEST,FL",0,CHRISTMAS,SUMMER,christmas peak; holiday season; EPCOT Holidays; US school winter; UK christmas; Brazil summer,,rules,2026-09-13T06:17:30+00:00
2026-12-28,Mon,0,WEEKDAY,0,53,12,Dec,28,362,4,2026,CHRISTMAS_PEAK,,,0,0,0,0,0,CHRISTMAS,3,4,New Year's Day,3,Christmas Day,HOLIDAY_SEASON,"SEA_CHRISTMAS,UOR_HOLIDAY,WDW_HOLIDAY",HOLIDAYS,WINTER,"NE,SOUTH,MIDWEST,WEST,FL",0,CHRISTMAS,SUMMER,christmas peak; holiday season; EPCOT Holidays; US school winter; UK christmas; Brazil summer,,rules,2026-09-13T06:17:30+00:00
2026-12-29,Tue,1,WEEKDAY,0,53,12,Dec,29,363,4,2026,NYE,,,0,0,0,0,0,NEW_YEAR,-3,3,New Year's Day,4,Christmas Day,HOLIDAY_SEASON,"SEA_CHRISTMAS,UOR_HOLIDAY,WDW_HOLIDAY",HOLIDAYS,WINTER,"NE,SOUTH,MIDWEST,WEST,FL",0,CHRISTMAS,SUMMER,nye; holiday season; EPCOT Holidays; US school winter; UK christmas; Brazil summer,,rules,2026-09-13T06:17:30+00:00
2026-12-30,Wed,2,WEEKDAY,0,53,12,Dec,30,364,4,2026,NYE,,,0,0,0,0,0,NEW_YEAR,-2,2,New Year's Day,5,Christmas Day,HOLIDAY_SEASON,"SEA_CHRISTMAS,UOR_HOLIDAY,WDW_HOLIDAY",HOLIDAYS,WINTER,"NE,SOUTH,MIDWEST,WEST,FL",0,CHRISTMAS,SUMMER,nye; holiday season; EPCOT Holidays; US school winter; UK christmas; Brazil summer,,rules,2026-09-13T06:17:30+00:00
2026-12-31,Thu,3,WEEKDAY,0,53,12,Dec,31,365,4,2026,NYE,,,0,1,0,0,0,NEW_YEAR,-1,1,New Year's Day,6,Christmas Day,HOLIDAY_SEASON,"SEA_CHRISTMAS,UOR_HOLIDAY,WDW_HOLIDAY",,WINTER,"NE,SOUTH,MIDWEST,WEST,FL",0,CHRISTMAS,SUMMER,nye; holiday season; US school winter; UK christmas; Brazil summer,,rules,2026-09-13T06:17:30+00:00
2027-01-01,Fri,4,FRI,0,53,1,Jan,1,1,1,2027,NYE,New Year's Day,federal,1,0,0,0,0,NEW_YEAR,0,17,Martin Luther King Jr. Day,7,Christmas Day,HOLIDAY_SEASON,UOR_HOLIDAY,,WINTER,"NE,SOUTH,MIDWEST,WEST,FL",0,CHRISTMAS,SUMMER,New Year's Day; nye; holiday season; US school winter; UK christmas; Brazil summer,,rules,2026-09-13T06:17:30+00:00
2027-01-02,Sat,5,SAT,1,53,1,Jan,2,2,1,2027,REGULAR,,,0,0,1,0,0,NEW_YEAR,1,16,Martin Luther King Jr. Day,1,New Year's Day,HOLIDAY_SEASON,UOR_HOLIDAY,,WINTER,"NE,SOUTH,MIDWEST,WEST,FL",0,CHRISTMAS,SUMMER,holiday season; US school winter; UK christmas; Brazil summer,,rules,2026-09-13T06:17:30+00:00
2027-01-03,Sun,6,SUN,1,53,1,Jan,3,3,1,2027,REGULAR,,,0,0,0,0,0,NEW_YEAR,2,15,Martin Luther King Jr. Day,2,New Year's Day,HOLIDAY_SEASON,UOR_HOLIDAY,,WINTER,"NE,SOUTH,MIDWEST,WEST,FL",0,,SUMMER,holiday season; US school winter; Brazil summer,,rules,2026-09-13T06:17:30+00:00
2027-01-04,Mon,0,WEEKDAY,0,1,1,Jan,4,4,1,2027,REGULAR,,,0,0,0,0,0,NEW_YEAR,3,14,Martin Luther King Jr. Day,3,New Year's Day,HOLIDAY_SEASON,UOR_HOLIDAY,,,,0,,SUMMER,holiday season; Brazil summer,,rules,2026-09-13T06:17:30+00:00
2027-01-05,Tue,1,WEEKDAY,0,1,1,Jan,5,5,1,2027,REGULAR,,,0,0,0,0,0,NEW_YEAR,4,13,Martin Luther King Jr. Day,4,New Year's Day,,WDW_AFTERHOURS,,,,0,,SUMMER,Brazil summer,,rules,2026-09-13T06:17:30+00:00
2027-01-06,Wed,2,WEEKDAY,0,1,1,Jan,6,6,1,2027,JAN_LULL,,,0,0,0,0,0,NEW_YEAR,5,12,Martin Luther King Jr. Day,5,New Year's Day,,WDW_AFTERHOURS,,,,0,,SUMMER,jan lull; Brazil summer,,rules,2026-09-13T06:17:30+00:00
2027-01-07,Thu,3,WEEKDAY,0,1,1,Jan,7,7,1,2027,JAN_LULL,,,0,0,0,0,0,NEW_YEAR,6,11,Martin Luther King Jr. Day,6,New Year's Day,,WDW_AFTERHOURS,,,,0,,SUMMER,jan lull; Brazil summer,,rules,2026-09-13T06:17:30+00:00
2027-01-08,Fri,4,FRI,0,1,1,Jan,8,8,1,2027,JAN_LULL,,,0,0,0,0,0,NEW_YEAR,7,10,Martin Luther King Jr. Day,7,New Year's Day,,WDW_AFTERHOURS,,,,0,,SUMMER,jan lull; Brazil summer,,rules,2026-09-13T06:17:30+00:00
2027-01-09,Sat,5,SAT,1,1,1,Jan,9,9,1,2027,JAN_LULL,,,0,0,0,0,0,NEW_YEAR,8,9,Martin Luther King Jr. Day,8,New Year's Day,,WDW_AFTERHOURS,,,,0,,SUMMER,jan lull; Brazil summer,,rules,2026-09-13T06:17:30+00:00
2027-01-10,Sun,6,SUN,1,1,1,Jan,10,10,1,2027,JAN_LULL,,,0,0,0,0,0,MLK,-8,8,Martin Luther King Jr. Day,9,New Year's Day,,WDW_AFTERHOURS,,,,0,,SUMMER,jan lull; Brazil summer,,rules,2026-09-13T06:17:30+00:00
2027-01-11,Mon,0,WEEKDAY,0,2,1,Jan,11,11,1,2027,JAN_LULL,,,0,0,0,0,0,MLK,-7,7,Martin Luther King Jr. Day,10,New Year's Day,,WDW_AFTERHOURS,,,,0,,SUMMER,jan lull; Brazil summer,,rules,2026-09-13T06:17:30+00:00
2027-01-12,Tue,1,WEEKDAY,0,2,1,Jan,12,12,1,2027,JAN_LULL,,,0,0,0,0,0,MLK,-6,6,Martin Luther King Jr. Day,11,New Year's Day,,WDW_AFTERHOURS,,,,0,,SUMMER,jan lull; Brazil summer,,rules,2026-09-13T06:17:30+00:00
2027-01-13,Wed,2,WEEKDAY,0,2,1,Jan,13,13,1,2027,JAN_LULL,,,0,0,0,0,0,MLK,-5,5,Martin Luther King Jr. Day,12,New Year's Day,,WDW_AFTERHOURS,,,,0,,SUMMER,jan lull; Brazil summer,,rules,2026-09-13T06:17:30+00:00
2027-01-14,Thu,3,WEEKDAY,0,2,1,Jan,14,14,1,2027,JAN_LULL,,,0,0,0,0,0,MLK,-4,4,Martin Luther King Jr. Day,13,New Year's Day,,WDW_AFTERHOURS,ARTS,,,0,,SUMMER,jan lull; EPCOT Arts; Brazil summer,,rules,2026-09-13T06:17:30+00:00
2027-01-15,Fri,4,FRI,0,2,1,Jan,15,15,1,2027,MLK_WKND,,,0,0,0,1,0,MLK,-3,3,Martin Luther King Jr. Day,14,New Year's Day,,WDW_AFTERHOURS,ARTS,,,0,,SUMMER,long weekend; mlk wknd; EPCOT Arts; Brazil summer,,rules,2026-09-13T06:17:30+00:00
2027-01-16,Sat,5,SAT,1,2,1,Jan,16,16,1,2027,MLK_WKND,,,0,0,0,1,0,MLK,-2,2,Martin Luther King Jr. Day,15,New Year's Day,,WDW_AFTERHOURS,ARTS,,,0,,SUMMER,long weekend; mlk wknd; EPCOT Arts; Brazil summer,,rules,2026-09-13T06:17:30+00:00
2027-01-17,Sun,6,SUN,1,2,1,Jan,17,17,1,2027,MLK_WKND,,,0,1,0,1,0,MLK,-1,1,Martin Luther King Jr. Day,16,New Year's Day,,WDW_AFTERHOURS,ARTS,,,0,,SUMMER,long weekend; mlk wknd; EPCOT Arts; Brazil summer,,rules,2026-09-13T06:17:30+00:00
2027-01-18,Mon,0,WEEKDAY,0,3,1,Jan,18,18,1,2027,MLK_WKND,Martin Luther King Jr. Day,federal,1,0,0,1,0,MLK,0,28,Washington's Birthday,17,New Year's Day,,WDW_AFTERHOURS,ARTS,,,0,,SUMMER,Martin Luther King Jr. Day; mlk wknd; EPCOT Arts; Brazil summer,,rules,2026-09-13T06:17:30+00:00
2027-01-19,Tue,1,WEEKDAY,0,3,1,Jan,19,19,1,2027,JAN_LULL,,,0,0,1,0,0,MLK,1,27,Washington's Birthday,1,Martin Luther King Jr. Day,,WDW_AFTERHOURS,ARTS,,,0,,SUMMER,jan lull; EPCOT Arts; Brazil summer,,rules,2026-09-13T06:17:30+00:00
2027-01-20,Wed,2,WEEKDAY,0,3,1,Jan,20,20,1,2027,JAN_LULL,,,0,0,0,0,0,MLK,2,26,Washington's Birthday,2,Martin Luther King Jr. Day,,WDW_AFTERHOURS,ARTS,,,0,,SUMMER,jan lull; EPCOT Arts; Brazil summer,,rules,2026-09-13T06:17:30+00:00
2027-01-21,Thu,3,WEEKDAY,0,3,1,Jan,21,21,1,2027,JAN_LULL,,,0,0,0,0,0,MLK,3,25,Washington's Birthday,3,Martin Luther King Jr. Day,,WDW_AFTERHOURS,ARTS,,,0,,SUMMER,jan lull; EPCOT Arts; Brazil summer,,rules,2026-09-13T06:17:30+00:00
2027-01-22,Fri,4,FRI,0,3,1,Jan,22,22,1,2027,JAN_LULL,,,0,0,0,0,0,MLK,4,24,Washington's Birthday,4,Martin Luther King Jr. Day,,WDW_AFTERHOURS,ARTS,,,0,,SUMMER,jan lull; EPCOT Arts; Brazil summer,,rules,2026-09-13T06:17:30+00:00
2027-01-23,Sat,5,SAT,1,3,1,Jan,23,23,1,2027,JAN_LULL,,,0,0,0,0,0,MLK,5,23,Washington's Birthday,5,Martin Luther King Jr. Day,,WDW_AFTERHOURS,ARTS,,,0,,SUMMER,jan lull; EPCOT Arts; Brazil summer,,rules,2026-09-13T06:17:30+00:00
2027-01-24,Sun,6,SUN,1,3,1,Jan,24,24,1,2027,JAN_LULL,,,0,0,0,0,0,MLK,6,22,Washington's Birthday,6,Martin Luther King Jr. Day,,WDW_AFTERHOURS,ARTS,,,0,,SUMMER,jan lull; EPCOT Arts; Brazil summer,,rules,2026-09-13T06:17:30+00:00
2027-01-25,Mon,0,WEEKDAY,0,4,1,Jan,25,25,1,2027,JAN_LULL,,,0,0,0,0,0,MLK,7,21,Washington's Birthday,7,Martin Luther King Jr. Day,,WDW_AFTERHOURS,ARTS,,,0,,SUMMER,jan lull; EPCOT Arts; Brazil summer,,rules,2026-09-13T06:17:30+00:00
2027-01-26,Tue,1,WEEKDAY,0,4,1,Jan,26,26,1,2027,JAN_LULL,,,0,0,0,0,0,MLK,8,20,Washington's Birthday,8,Martin Luther King Jr. Day,,WDW_AFTERHOURS,ARTS,,,0,,SUMMER,jan lull; EPCOT Arts; Brazil summer,,rules,2026-09-13T06:17:30+00:00
2027-01-27,Wed,2,WEEKDAY,0,4,1,Jan,27,27,1,2027,JAN_LULL,,,0,0,0,0,0,MLK,9,19,Washington's Birthday,9,Martin Luther King Jr. Day,,WDW_AFTERHOURS,ARTS,,,0,,SUMMER,jan lull; EPCOT Arts; Brazil summer,,rules,2026-09-13T06:17:30+00:00
2027-01-28,Thu,3,WEEKDAY,0,4,1,Jan,28,28,1,2027,JAN_LULL,,,0,0,0,0,0,MLK,10,18,Washington's Birthday,10,Martin Luther King Jr. Day,,WDW_AFTERHOURS,ARTS,,,0,,SUMMER,jan lull; EPCOT Arts; Brazil summer,,rules,2026-09-13T06:17:30+00:00
2027-01-29,Fri,4,FRI,0,4,1,Jan,29,29,1,2027,JAN_LULL,,,0,0,0,0,0,,,17,Washington's Birthday,11,Martin Luther King Jr. Day,,WDW_AFTERHOURS,ARTS,,,0,,SUMMER,jan lull; EPCOT Arts; Brazil summer,,rules,2026-09-13T06:17:30+00:00
2027-01-30,Sat,5,SAT,1,4,1,Jan,30,30,1,2027,JAN_LULL,,,0,0,0,0,0,,,16,Washington's Birthday,12,Martin Luther King Jr. Day,,WDW_AFTERHOURS,ARTS,,,0,,SUMMER,jan lull; EPCOT Arts; Brazil summer,,rules,2026-09-13T06:17:30+00:00
2027-01-31,Sun,6,SUN,1,4,1,Jan,31,31,1,2027,JAN_LULL,,,0,0,0,0,0,,,15,Washington's Birthday,13,Martin Luther King Jr. Day,,WDW_AFTERHOURS,ARTS,,,0,,SUMMER,jan lull; EPCOT Arts; Brazil summer,,rules,2026-09-13T06:17:30+00:00
2027-02-01,Mon,0,WEEKDAY,0,5,2,Feb,1,32,1,2027,JAN_LULL,,,0,0,0,0,0,,,14,Washington's Birthday,14,Martin Luther King Jr. Day,,WDW_AFTERHOURS,ARTS,,,0,,SUMMER,jan lull; EPCOT Arts; Brazil summer,,rules,2026-09-13T06:17:30+00:00
2027-02-02,Tue,1,WEEKDAY,0,5,2,Feb,2,33,1,2027,JAN_LULL,,,0,0,0,0,0,,,13,Washington's Birthday,15,Martin Luther King Jr. Day,,WDW_AFTERHOURS,ARTS,,,0,,,jan lull; EPCOT Arts,,rules,2026-09-13T06:17:30+00:00
2027-02-03,Wed,2,WEEKDAY,0,5,2,Feb,3,34,1,2027,JAN_LULL,,,0,0,0,0,0,,,12,Washington's Birthday,16,Martin Luther King Jr. Day,,WDW_AFTERHOURS,ARTS,,,0,,,jan lull; EPCOT Arts,,rules,2026-09-13T06:17:30+00:00
2027-02-04,Thu,3,WEEKDAY,0,5,2,Feb,4,35,1,2027,JAN_LULL,,,0,0,0,0,0,,,11,Washington's Birthday,17,Martin Luther King Jr. Day,,WDW_AFTERHOURS,ARTS,,,0,,,jan lull; EPCOT Arts,,rules,2026-09-13T06:17:30+00:00
2027-02-05,Fri,4,FRI,0,5,2,Feb,5,36,1,2027,JAN_LULL,,,0,0,0,0,0,PRESIDENTS,-10,10,Washington's Birthday,18,Martin Luther King Jr. Day,,WDW_AFTERHOURS,ARTS,,,0,,CARNIVAL,jan lull; EPCOT Arts; Brazil carnival,,rules,2026-09-13T06:17:30+00:00
2027-02-06,Sat,5,SAT,1,5,2,Feb,6,37,1,2027,JAN_LULL,,,0,0,0,0,0,PRESIDENTS,-9,9,Washington's Birthday,19,Martin Luther King Jr. Day,,WDW_AFTERHOURS,ARTS,,,0,,CARNIVAL,jan lull; EPCOT Arts; Brazil carnival,,rules,2026-09-13T06:17:30+00:00
2027-02-07,Sun,6,SUN,1,5,2,Feb,7,38,1,2027,JAN_LULL,,,0,0,0,0,0,PRESIDENTS,-8,8,Washington's Birthday,20,Martin Luther King Jr. Day,,WDW_AFTERHOURS,ARTS,,,0,,CARNIVAL,jan lull; EPCOT Arts; Brazil carnival,,rules,2026-09-13T06:17:30+00:00
2027-02-08,Mon,0,WEEKDAY,0,6,2,Feb,8,39,1,2027,JAN_LULL,,,0,0,0,0,0,PRESIDENTS,-7,7,Washington's Birthday,21,Martin Luther King Jr. Day,,WDW_AFTERHOURS,ARTS,,,0,,CARNIVAL,jan lull; EPCOT Arts; Brazil carnival,,rules,2026-09-13T06:17:30+00:00
2027-02-09,Tue,1,WEEKDAY,0,6,2,Feb,9,40,1,2027,REGULAR,,,0,0,0,0,0,PRESIDENTS,-6,6,Washington's Birthday,22,Martin Luther King Jr. Day,,WDW_AFTERHOURS,ARTS,,,0,,CARNIVAL,EPCOT Arts; Brazil carnival,,rules,2026-09-13T06:17:30+00:00
2027-02-10,Wed,2,WEEKDAY,0,6,2,Feb,10,41,1,2027,REGULAR,,,0,0,0,0,0,PRESIDENTS,-5,5,Washington's Birthday,23,Martin Luther King Jr. Day,,WDW_AFTERHOURS,ARTS,,,0,,CARNIVAL,EPCOT Arts; Brazil carnival,,rules,2026-09-13T06:17:30+00:00
2027-02-11,Thu,3,WEEKDAY,0,6,2,Feb,11,42,1,2027,REGULAR,,,0,0,0,0,0,PRESIDENTS,-4,4,Washington's Birthday,24,Martin Luther King Jr. Day,,WDW_AFTERHOURS,ARTS,,,0,,CARNIVAL,EPCOT Arts; Brazil carnival,,rules,2026-09-13T06:17:30+00:00
2027-02-12,Fri,4,FRI,0,6,2,Feb,12,43,1,2027,PRESIDENTS_WK,,,0,0,0,1,0,PRESIDENTS,-3,3,Washington's Birthday,25,Martin Luther King Jr. Day,,WDW_AFTERHOURS,ARTS,,,0,,CARNIVAL,long weekend; presidents wk; EPCOT Arts; Brazil carnival,,rules,2026-09-13T06:17:30+00:00
2027-02-13,Sat,5,SAT,1,6,2,Feb,13,44,1,2027,PRESIDENTS_WK,,,0,0,0,1,0,PRESIDENTS,-2,2,Washington's Birthday,26,Martin Luther King Jr. Day,,WDW_AFTERHOURS,ARTS,,,0,,,long weekend; presidents wk; EPCOT Arts,,rules,2026-09-13T06:17:30+00:00
2027-02-14,Sun,6,SUN,1,6,2,Feb,14,45,1,2027,PRESIDENTS_WK,,,0,1,0,1,0,PRESIDENTS,-1,1,Washington's Birthday,27,Martin Luther King Jr. Day,,WDW_AFTERHOURS,ARTS,,,0,,,long weekend; presidents wk; EPCOT Arts,,rules,2026-09-13T06:17:30+00:00
2027-02-15,Mon,0,WEEKDAY,0,7,2,Feb,15,46,1,2027,PRESIDENTS_WK,Washington's Birthday,federal,1,0,0,1,0,PRESIDENTS,0,105,Memorial Day,28,Martin Luther King Jr. Day,,WDW_AFTERHOURS,ARTS,PRESIDENTS,NE,1,FEB_HALF_TERM,,Washington's Birthday; presidents wk; EPCOT Arts; US school presidents; UK feb half term,,rules,2026-09-13T06:17:30+00:00
2027-02-16,Tue,1,WEEKDAY,0,7,2,Feb,16,47,1,2027,PRESIDENTS_WK,,,0,0,1,0,0,PRESIDENTS,1,104,Memorial Day,1,Washington's Birthday,,WDW_AFTERHOURS,ARTS,PRESIDENTS,NE,1,FEB_HALF_TERM,,presidents wk; EPCOT Arts; US school presidents; UK feb half term,,rules,2026-09-13T06:17:30+00:00
2027-02-17,Wed,2,WEEKDAY,0,7,2,Feb,17,48,1,2027,PRESIDENTS_WK,,,0,0,0,0,0,PRESIDENTS,2,103,Memorial Day,2,Washington's Birthday,,WDW_AFTERHOURS,ARTS,PRESIDENTS,NE,1,FEB_HALF_TERM,,presidents wk; EPCOT Arts; US school presidents; UK feb half term,,rules,2026-09-13T06:17:30+00:00
2027-02-18,Thu,3,WEEKDAY,0,7,2,Feb,18,49,1,2027,PRESIDENTS_WK,,,0,0,0,0,0,PRESIDENTS,3,102,Memorial Day,3,Washington's Birthday,,WDW_AFTERHOURS,ARTS,PRESIDENTS,NE,1,FEB_HALF_TERM,,presidents wk; EPCOT Arts; US school presidents; UK feb half term,,rules,2026-09-13T06:17:30+00:00
2027-02-19,Fri,4,FRI,0,7,2,Feb,19,50,1,2027,PRESIDENTS_WK,,,0,0,0,0,0,PRESIDENTS,4,101,Memorial Day,4,Washington's Birthday,,WDW_AFTERHOURS,ARTS,PRESIDENTS,NE,1,FEB_HALF_TERM,,presidents wk; EPCOT Arts; US school presidents; UK feb half term,,rules,2026-09-13T06:17:30+00:00
2027-02-20,Sat,5,SAT,1,7,2,Feb,20,51,1,2027,PRESIDENTS_WK,,,0,0,0,0,0,PRESIDENTS,5,100,Memorial Day,5,Washington's Birthday,,WDW_AFTERHOURS,ARTS,,,0,,,presidents wk; EPCOT Arts,,rules,2026-09-13T06:17:30+00:00
2027-02-21,Sun,6,SUN,1,7,2,Feb,21,52,1,2027,SPRING_SHOULDER,,,0,0,0,0,0,PRESIDENTS,6,99,Memorial Day,6,Washington's Birthday,,WDW_AFTERHOURS,ARTS,,,0,,,spring shoulder; EPCOT Arts,,rules,2026-09-13T06:17:30+00:00
2027-02-22,Mon,0,WEEKDAY,0,8,2,Feb,22,53,1,2027,SPRING_SHOULDER,,,0,0,0,0,0,PRESIDENTS,7,98,Memorial Day,7,Washington's Birthday,,WDW_AFTERHOURS,ARTS,,,0,,,spring shoulder; EPCOT Arts,,rules,2026-09-13T06:17:30+00:00
2027-02-23,Tue,1,WEEKDAY,0,8,2,Feb,23,54,1,2027,SPRING_SHOULDER,,,0,0,0,0,0,PRESIDENTS,8,97,Memorial Day,8,Washington's Birthday,,WDW_AFTERHOURS,ARTS,,,0,,,spring shoulder; EPCOT Arts,,rules,2026-09-13T06:17:30+00:00
2027-02-24,Wed,2,WEEKDAY,0,8,2,Feb,24,55,1,2027,SPRING_SHOULDER,,,0,0,0,0,0,PRESIDENTS,9,96,Memorial Day,9,Washington's Birthday,,WDW_AFTERHOURS,,,,0,,,spring shoulder,,rules,2026-09-13T06:17:30+00:00
2027-02-25,Thu,3,WEEKDAY,0,8,2,Feb,25,56,1,2027,SPRING_SHOULDER,,,0,0,0,0,0,PRESIDENTS,10,95,Memorial Day,10,Washington's Birthday,,WDW_AFTERHOURS,FLOWER_AND_GARDEN,,,0,,,spring shoulder; EPCOT Flower And Garden,,rules,2026-09-13T06:17:30+00:00
2027-02-26,Fri,4,FRI,0,8,2,Feb,26,57,1,2027,SPRING_SHOULDER,,,0,0,0,0,0,,,94,Memorial Day,11,Washington's Birthday,,WDW_AFTERHOURS,FLOWER_AND_GARDEN,,,0,,,spring shoulder; EPCOT Flower And Garden,,rules,2026-09-13T06:17:30+00:00
2027-02-27,Sat,5,SAT,1,8,2,Feb,27,58,1,2027,SPRING_SHOULDER,,,0,0,0,0,0,,,93,Memorial Day,12,Washington's Birthday,,WDW_AFTERHOURS,FLOWER_AND_GARDEN,,,0,,,spring shoulder; EPCOT Flower And Garden,,rules,2026-09-13T06:17:30+00:00
2027-02-28,Sun,6,SUN,1,8,2,Feb,28,59,1,2027,SPRING_SHOULDER,,,0,0,0,0,0,,,92,Memorial Day,13,Washington's Birthday,,WDW_AFTERHOURS,FLOWER_AND_GARDEN,,,0,,,spring shoulder; EPCOT Flower And Garden,,rules,2026-09-13T06:17:30+00:00
2027-03-01,Mon,0,WEEKDAY,0,9,3,Mar,1,60,1,2027,SPRING_SHOULDER,,,0,0,0,0,0,,,91,Memorial Day,14,Washington's Birthday,,WDW_AFTERHOURS,FLOWER_AND_GARDEN,,,0,,,spring shoulder; EPCOT Flower And Garden,,rules,2026-09-13T06:17:30+00:00
2027-03-02,Tue,1,WEEKDAY,0,9,3,Mar,2,61,1,2027,SPRING_SHOULDER,,,0,0,0,0,0,,,90,Memorial Day,15,Washington's Birthday,,WDW_AFTERHOURS,FLOWER_AND_GARDEN,,,0,,,spring shoulder; EPCOT Flower And Garden,,rules,2026-09-13T06:17:30+00:00
2027-03-03,Wed,2,WEEKDAY,0,9,3,Mar,3,62,1,2027,SPRING_SHOULDER,,,0,0,0,0,0,,,89,Memorial Day,16,Washington's Birthday,,WDW_AFTERHOURS,FLOWER_AND_GARDEN,,,0,,,spring shoulder; EPCOT Flower And Garden,,rules,2026-09-13T06:17:30+00:00
2027-03-04,Thu,3,WEEKDAY,0,9,3,Mar,4,63,1,2027,SPRING_SHOULDER,,,0,0,0,0,0,,,88,Memorial Day,17,Washington's Birthday,,WDW_AFTERHOURS,FLOWER_AND_GARDEN,,,0,,,spring shoulder; EPCOT Flower And Garden,,rules,2026-09-13T06:17:30+00:00
2027-03-05,Fri,4,FRI,0,9,3,Mar,5,64,1,2027,SPRING_SHOULDER,,,0,0,0,0,0,,,87,Memorial Day,18,Washington's Birthday,,WDW_AFTERHOURS,FLOWER_AND_GARDEN,,,0,,,spring shoulder; EPCOT Flower And Garden,,rules,2026-09-13T06:17:30+00:00
2027-03-06,Sat,5,SAT,1,9,3,Mar,6,65,1,2027,SPRING_SHOULDER,,,0,0,0,0,0,,,86,Memorial Day,19,Washington's Birthday,,WDW_AFTERHOURS,FLOWER_AND_GARDEN,,,0,,,spring shoulder; EPCOT Flower And Garden,,rules,2026-09-13T06:17:30+00:00
2027-03-07,Sun,6,SUN,1,9,3,Mar,7,66,1,2027,SPRING_SHOULDER,,,0,0,0,0,0,,,85,Memorial Day,20,Washington's Birthday,,WDW_AFTERHOURS,FLOWER_AND_GARDEN,,,0,,,spring shoulder; EPCOT Flower And Garden,,rules,2026-09-13T06:17:30+00:00
2027-03-08,Mon,0,WEEKDAY,0,10,3,Mar,8,67,1,2027,SPRING_SHOULDER,,,0,0,0,0,0,,,84,Memorial Day,21,Washington's Birthday,,WDW_AFTERHOURS,FLOWER_AND_GARDEN,,,0,,,spring shoulder; EPCOT Flower And Garden,,rules,2026-09-13T06:17:30+00:00
2027-03-09,Tue,1,WEEKDAY,0,10,3,Mar,9,68,1,2027,SPRING_SHOULDER,,,0,0,0,0,0,,,83,Memorial Day,22,Washington's Birthday,,WDW_AFTERHOURS,FLOWER_AND_GARDEN,SPRING,"SOUTH,FL",0,,,spring shoulder; EPCOT Flower And Garden; US school spring,,rules,2026-09-13T06:17:30+00:00
2027-03-10,Wed,2,WEEKDAY,0,10,3,Mar,10,69,1,2027,SPRING_SHOULDER,,,0,0,0,0,0,,,82,Memorial Day,23,Washington's Birthday,,WDW_AFTERHOURS,FLOWER_AND_GARDEN,SPRING,"SOUTH,FL",0,,,spring shoulder; EPCOT Flower And Garden; US school spring,,rules,2026-09-13T06:17:30+00:00
2027-03-11,Thu,3,WEEKDAY,0,10,3,Mar,11,70,1,2027,SPRING_SHOULDER,,,0,0,0,0,0,,,81,Memorial Day,24,Washington's Birthday,,WDW_AFTERHOURS,FLOWER_AND_GARDEN,SPRING,"SOUTH,FL",0,,,spring shoulder; EPCOT Flower And Garden; US school spring,,rules,2026-09-13T06:17:30+00:00
2027-03-12,Fri,4,FRI,0,10,3,Mar,12,71,1,2027,SPRING_SHOULDER,,,0,0,0,0,0,,,80,Memorial Day,25,Washington's Birthday,,WDW_AFTERHOURS,FLOWER_AND_GARDEN,SPRING,"SOUTH,FL",0,,,spring shoulder; EPCOT Flower And Garden; US school spring,,rules,2026-09-13T06:17:30+00:00
2027-03-13,Sat,5,SAT,1,10,3,Mar,13,72,1,2027,SPRING_SHOULDER,,,0,0,0,0,0,,,79,Memorial Day,26,Washington's Birthday,,WDW_AFTERHOURS,FLOWER_AND_GARDEN,SPRING,"SOUTH,FL",0,,,spring shoulder; EPCOT Flower And Garden; US school spring,,rules,2026-09-13T06:17:30+00:00
2027-03-14,Sun,6,SUN,1,10,3,Mar,14,73,1,2027,SPRING_SHOULDER,,,0,0,0,0,0,,,78,Memorial Day,27,Washington's Birthday,,WDW_AFTERHOURS,FLOWER_AND_GARDEN,SPRING,"SOUTH,FL",0,,,spring shoulder; EPCOT Flower And Garden; US school spring,,rules,2026-09-13T06:17:30+00:00
2027-03-15,Mon,0,WEEKDAY,0,11,3,Mar,15,74,1,2027,SPRING_SHOULDER,,,0,0,0,0,0,,,77,Memorial Day,28,Washington's Birthday,,WDW_AFTERHOURS,FLOWER_AND_GARDEN,SPRING,"SOUTH,FL",0,,,spring shoulder; EPCOT Flower And Garden; US school spring,,rules,2026-09-13T06:17:30+00:00
2027-03-16,Tue,1,WEEKDAY,0,11,3,Mar,16,75,1,2027,SPRING_SHOULDER,,,0,0,0,0,0,GOOD_FRIDAY,-10,76,Memorial Day,29,Washington's Birthday,,WDW_AFTERHOURS,FLOWER_AND_GARDEN,SPRING,"SOUTH,FL,NE,MIDWEST,WEST",0,,,spring shoulder; EPCOT Flower And Garden; US school spring,,rules,2026-09-13T06:17:30+00:00
2027-03-17,Wed,2,WEEKDAY,0,11,3,Mar,17,76,1,2027,SPRING_SHOULDER,,,0,0,0,0,0,GOOD_FRIDAY,-9,75,Memorial Day,30,Washington's Birthday,,WDW_AFTERHOURS,FLOWER_AND_GARDEN,SPRING,"SOUTH,FL,NE,MIDWEST,WEST",0,EASTER,,spring shoulder; EPCOT Flower And Garden; US school spring; UK easter,,rules,2026-09-13T06:17:30+00:00
2027-03-18,Thu,3,WEEKDAY,0,11,3,Mar,18,77,1,2027,SPRING_SHOULDER,,,0,0,0,0,0,GOOD_FRIDAY,-8,74,Memorial Day,31,Washington's Birthday,,WDW_AFTERHOURS,FLOWER_AND_GARDEN,SPRING,"SOUTH,FL,NE,MIDWEST,WEST",0,EASTER,,spring shoulder; EPCOT Flower And Garden; US school spring; UK easter,,rules,2026-09-13T06:17:30+00:00
2027-03-19,Fri,4,FRI,0,11,3,Mar,19,78,1,2027,SPRING_SHOULDER,,,0,0,0,0,0,GOOD_FRIDAY,-7,73,Memorial Day,32,Washington's Birthday,,WDW_AFTERHOURS,FLOWER_AND_GARDEN,SPRING,"SOUTH,FL,NE,MIDWEST,WEST",0,EASTER,,spring shoulder; EPCOT Flower And Garden; US school spring; UK easter,,rules,2026-09-13T06:17:30+00:00
2027-03-20,Sat,5,SAT,1,11,3,Mar,20,79,1,2027,EASTER_WK,,,0,0,0,0,0,GOOD_FRIDAY,-6,72,Memorial Day,33,Washington's Birthday,,WDW_AFTERHOURS,FLOWER_AND_GARDEN,SPRING,"SOUTH,FL,NE,MIDWEST,WEST",0,EASTER,,easter wk; EPCOT Flower And Garden; US school spring; UK easter,,rules,2026-09-13T06:17:30+00:00
2027-03-21,Sun,6,SUN,1,11,3,Mar,21,80,1,2027,EASTER_WK,,,0,0,0,0,0,GOOD_FRIDAY,-5,71,Memorial Day,34,Washington's Birthday,,WDW_AFTERHOURS,FLOWER_AND_GARDEN,SPRING,"SOUTH,FL,NE,MIDWEST,WEST",0,EASTER,,easter wk; EPCOT Flower And Garden; US school spring; UK easter,,rules,2026-09-13T06:17:30+00:00
2027-03-22,Mon,0,WEEKDAY,0,12,3,Mar,22,81,1,2027,EASTER_WK,,,0,0,0,0,0,GOOD_FRIDAY,-4,70,Memorial Day,35,Washington's Birthday,,WDW_AFTERHOURS,FLOWER_AND_GARDEN,SPRING,"SOUTH,FL,NE,MIDWEST,WEST",0,EASTER,,easter wk; EPCOT Flower And Garden; US school spring; UK easter,,rules,2026-09-13T06:17:30+00:00
2027-03-23,Tue,1,WEEKDAY,0,12,3,Mar,23,82,1,2027,EASTER_WK,,,0,0,0,0,0,GOOD_FRIDAY,-3,69,Memorial Day,36,Washington's Birthday,,WDW_AFTERHOURS,FLOWER_AND_GARDEN,SPRING,"NE,SOUTH,MIDWEST,WEST,FL",0,EASTER,,easter wk; EPCOT Flower And Garden; US school spring; UK easter,,rules,2026-09-13T06:17:30+00:00
2027-03-24,Wed,2,WEEKDAY,0,12,3,Mar,24,83,1,2027,EASTER_WK,,,0,0,0,0,0,GOOD_FRIDAY,-2,68,Memorial Day,37,Washington's Birthday,,WDW_AFTERHOURS,FLOWER_AND_GARDEN,SPRING,"NE,SOUTH,MIDWEST,WEST,FL",0,EASTER,,easter wk; EPCOT Flower And Garden; US school spring; UK easter,,rules,2026-09-13T06:17:30+00:00
2027-03-25,Thu,3,WEEKDAY,0,12,3,Mar,25,84,1,2027,EASTER_WK,,,0,0,0,0,0,GOOD_FRIDAY,-1,67,Memorial Day,38,Washington's Birthday,,WDW_AFTERHOURS,FLOWER_AND_GARDEN,SPRING,"NE,SOUTH,MIDWEST,WEST,FL",0,EASTER,,easter wk; EPCOT Flower And Garden; US school spring; UK easter,,rules,2026-09-13T06:17:30+00:00
2027-03-26,Fri,4,FRI,0,12,3,Mar,26,85,1,2027,EASTER_WK,,,0,0,0,0,0,GOOD_FRIDAY,0,66,Memorial Day,39,Washington's Birthday,,WDW_AFTERHOURS,FLOWER_AND_GARDEN,SPRING,"NE,SOUTH,MIDWEST,WEST,FL",0,EASTER,,easter wk; EPCOT Flower And Garden; US school spring; UK easter,,rules,2026-09-13T06:17:30+00:00
2027-03-27,Sat,5,SAT,1,12,3,Mar,27,86,1,2027,EASTER_WK,,,0,0,0,0,0,EASTER,-1,65,Memorial Day,40,Washington's Birthday,,WDW_AFTERHOURS,FLOWER_AND_GARDEN,SPRING,"NE,SOUTH,MIDWEST,WEST,FL",0,EASTER,,easter wk; EPCOT Flower And Garden; US school spring; UK easter,,rules,2026-09-13T06:17:30+00:00
2027-03-28,Sun,6,SUN,1,12,3,Mar,28,87,1,2027,EASTER_WK,,,0,0,0,0,0,EASTER,0,64,Memorial Day,41,Washington's Birthday,,WDW_AFTERHOURS,FLOWER_AND_GARDEN,SPRING,"NE,SOUTH,MIDWEST,WEST,FL",0,EASTER,,easter wk; EPCOT Flower And Garden; US school spring; UK easter,,rules,2026-09-13T06:17:30+00:00
2027-03-29,Mon,0,WEEKDAY,0,13,3,Mar,29,88,1,2027,EASTER_WK,,,0,0,0,0,0,EASTER,1,63,Memorial Day,42,Washington's Birthday,,WDW_AFTERHOURS,FLOWER_AND_GARDEN,SPRING,"NE,SOUTH,MIDWEST,WEST,FL",0,EASTER,,easter wk; EPCOT Flower And Garden; US school spring; UK easter,,rules,2026-09-13T06:17:30+00:00
2027-03-30,Tue,1,WEEKDAY,0,13,3,Mar,30,89,1,2027,EASTER_WK,,,0,0,0,0,0,EASTER,2,62,Memorial Day,43,Washington's Birthday,,WDW_AFTERHOURS,FLOWER_AND_GARDEN,SPRING,"NE,SOUTH,MIDWEST,WEST,FL",0,EASTER,,easter wk; EPCOT Flower And Garden; US school spring; UK easter,,rules,2026-09-13T06:17:30+00:00
2027-03-31,Wed,2,WEEKDAY,0,13,3,Mar,31,90,1,2027,EASTER_WK,,,0,0,0,0,0,EASTER,3,61,Memorial Day,44,Washington's Birthday,,WDW_AFTERHOURS,FLOWER_AND_GARDEN,SPRING,"NE,SOUTH,MIDWEST,WEST,FL",0,EASTER,,easter wk; EPCOT Flower And Garden; US school spring; UK easter,,rules,2026-09-13T06:17:30+00:00
2027-04-01,Thu,3,WEEKDAY,0,13,4,Apr,1,91,2,2027,EASTER_WK,,,0,0,0,0,0,EASTER,4,60,Memorial Day,45,Washington's Birthday,,WDW_AFTERHOURS,FLOWER_AND_GARDEN,SPRING,"NE,SOUTH,MIDWEST,WEST,FL",0,EASTER,,easter wk; EPCOT Flower And Garden; US school spring; UK easter,,rules,2026-09-13T06:17:30+00:00
2027-04-02,Fri,4,FRI,0,13,4,Apr,2,92,2,2027,EASTER_WK,,,0,0,0,0,0,EASTER,5,59,Memorial Day,46,Washington's Birthday,,WDW_AFTERHOURS,FLOWER_AND_GARDEN,SPRING,"NE,SOUTH,MIDWEST,WEST,FL",0,EASTER,,easter wk; EPCOT Flower And Garden; US school spring; UK easter,,rules,2026-09-13T06:17:30+00:00
2027-04-03,Sat,5,SAT,1,13,4,Apr,3,93,2,2027,EASTER_WK,,,0,0,0,0,0,EASTER,6,58,Memorial Day,47,Washington's Birthday,,WDW_AFTERHOURS,FLOWER_AND_GARDEN,SPRING,"NE,SOUTH,MIDWEST,WEST,FL",0,EASTER,,easter wk; EPCOT Flower And Garden; US school spring; UK easter,,rules,2026-09-13T06:17:30+00:00
2027-04-04,Sun,6,SUN,1,13,4,Apr,4,94,2,2027,EASTER_WK,,,0,0,0,0,0,EASTER,7,57,Memorial Day,48,Washington's Birthday,,WDW_AFTERHOURS,FLOWER_AND_GARDEN,,,0,EASTER,,easter wk; EPCOT Flower And Garden; UK easter,,rules,2026-09-13T06:17:30+00:00
2027-04-05,Mon,0,WEEKDAY,0,14,4,Apr,5,95,2,2027,EASTER_WK,,,0,0,0,0,0,EASTER,8,56,Memorial Day,49,Washington's Birthday,,WDW_AFTERHOURS,FLOWER_AND_GARDEN,,,0,EASTER,,easter wk; EPCOT Flower And Garden; UK easter,,rules,2026-09-13T06:17:30+00:00
2027-04-06,Tue,1,WEEKDAY,0,14,4,Apr,6,96,2,2027,SPRING_SHOULDER,,,0,0,0,0,0,EASTER,9,55,Memorial Day,50,Washington's Birthday,,WDW_AFTERHOURS,FLOWER_AND_GARDEN,,,0,EASTER,,spring shoulder; EPCOT Flower And Garden; UK easter,,rules,2026-09-13T06:17:30+00:00
2027-04-07,Wed,2,WEEKDAY,0,14,4,Apr,7,97,2,2027,SPRING_SHOULDER,,,0,0,0,0,0,EASTER,10,54,Memorial Day,51,Washington's Birthday,,WDW_AFTERHOURS,FLOWER_AND_GARDEN,,,0,EASTER,,spring shoulder; EPCOT Flower And Garden; UK easter,,rules,2026-09-13T06:17:30+00:00
2027-04-08,Thu,3,WEEKDAY,0,14,4,Apr,8,98,2,2027,SPRING_SHOULDER,,,0,0,0,0,0,,,53,Memorial Day,52,Washington's Birthday,,WDW_AFTERHOURS,FLOWER_AND_GARDEN,,,0,EASTER,,spring shoulder; EPCOT Flower And Garden; UK easter,,rules,2026-09-13T06:17:30+00:00
2027-04-09,Fri,4,FRI,0,14,4,Apr,9,99,2,2027,SPRING_SHOULDER,,,0,0,0,0,0,,,52,Memorial Day,53,Washington's Birthday,,WDW_AFTERHOURS,FLOWER_AND_GARDEN,,,0,,,spring shoulder; EPCOT Flower And Garden,,rules,2026-09-13T06:17:30+00:00
2027-04-10,Sat,5,SAT,1,14,4,Apr,10,100,2,2027,SPRING_SHOULDER,,,0,0,0,0,0,,,51,Memorial Day,54,Washington's Birthday,,WDW_AFTERHOURS,FLOWER_AND_GARDEN,,,0,,,spring shoulder; EPCOT Flower And Garden,,rules,2026-09-13T06:17:30+00:00
2027-04-11,Sun,6,SUN,1,14,4,Apr,11,101,2,2027,SPRING_SHOULDER,,,0,0,0,0,0,,,50,Memorial Day,55,Washington's Birthday,,WDW_AFTERHOURS,FLOWER_AND_GARDEN,,,0,,,spring shoulder; EPCOT Flower And Garden,,rules,2026-09-13T06:17:30+00:00
2027-04-12,Mon,0,WEEKDAY,0,15,4,Apr,12,102,2,2027,SPRING_SHOULDER,,,0,0,0,0,0,,,49,Memorial Day,56,Washington's Birthday,,WDW_AFTERHOURS,FLOWER_AND_GARDEN,,,0,,,spring shoulder; EPCOT Flower And Garden,,rules,2026-09-13T06:17:30+00:00
2027-04-13,Tue,1,WEEKDAY,0,15,4,Apr,13,103,2,2027,SPRING_SHOULDER,,,0,0,0,0,0,,,48,Memorial Day,57,Washington's Birthday,,WDW_AFTERHOURS,FLOWER_AND_GARDEN,,,0,,,spring shoulder; EPCOT Flower And Garden,,rules,2026-09-13T06:17:30+00:00
2027-04-14,Wed,2,WEEKDAY,0,15,4,Apr,14,104,2,2027,SPRING_SHOULDER,,,0,0,0,0,0,,,47,Memorial Day,58,Washington's Birthday,,WDW_AFTERHOURS,FLOWER_AND_GARDEN,,,0,,,spring shoulder; EPCOT Flower And Garden,,rules,2026-09-13T06:17:30+00:00
2027-04-15,Thu,3,WEEKDAY,0,15,4,Apr,15,105,2,2027,SPRING_SHOULDER,,,0,0,0,0,0,,,46,Memorial Day,59,Washington's Birthday,,WDW_AFTERHOURS,FLOWER_AND_GARDEN,,,0,,,spring shoulder; EPCOT Flower And Garden,,rules,2026-09-13T06:17:30+00:00
2027-04-16,Fri,4,FRI,0,15,4,Apr,16,106,2,2027,SPRING_SHOULDER,,,0,0,0,0,0,,,45,Memorial Day,60,Washington's Birthday,,WDW_AFTERHOURS,FLOWER_AND_GARDEN,,,0,,,spring shoulder; EPCOT Flower And Garden,,rules,2026-09-13T06:17:30+00:00
2027-04-17,Sat,5,SAT,1,15,4,Apr,17,107,2,2027,SPRING_SHOULDER,,,0,0,0,0,0,,,44,Memorial Day,61,Washington's Birthday,,WDW_AFTERHOURS,FLOWER_AND_GARDEN,,,0,,,spring shoulder; EPCOT Flower And Garden,,rules,2026-09-13T06:17:30+00:00
2027-04-18,Sun,6,SUN,1,15,4,Apr,18,108,2,2027,SPRING_SHOULDER,,,0,0,0,0,0,,,43,Memorial Day,62,Washington's Birthday,,WDW_AFTERHOURS,FLOWER_AND_GARDEN,,,0,,,spring shoulder; EPCOT Flower And Garden,,rules,2026-09-13T06:17:30+00:00
2027-04-19,Mon,0,WEEKDAY,0,16,4,Apr,19,109,2,2027,SPRING_SHOULDER,,,0,0,0,0,0,,,42,Memorial Day,63,Washington's Birthday,,WDW_AFTERHOURS,FLOWER_AND_GARDEN,,,0,,,spring shoulder; EPCOT Flower And Garden,,rules,2026-09-13T06:17:30+00:00
2027-04-20,Tue,1,WEEKDAY,0,16,4,Apr,20,110,2,2027,SPRING_SHOULDER,,,0,0,0,0,0,,,41,Memorial Day,64,Washington's Birthday,,WDW_AFTERHOURS,FLOWER_AND_GARDEN,,,0,,,spring shoulder; EPCOT Flower And Garden,,rules,2026-09-13T06:17:30+00:00
2027-04-21,Wed,2,WEEKDAY,0,16,4,Apr,21,111,2,2027,SPRING_SHOULDER,,,0,0,0,0,0,,,40,Memorial Day,65,Washington's Birthday,,WDW_AFTERHOURS,FLOWER_AND_GARDEN,,,0,,,spring shoulder; EPCOT Flower And Garden,,rules,2026-09-13T06:17:30+00:00
2027-04-22,Thu,3,WEEKDAY,0,16,4,Apr,22,112,2,2027,SPRING_SHOULDER,,,0,0,0,0,0,,,39,Memorial Day,66,Washington's Birthday,,WDW_AFTERHOURS,FLOWER_AND_GARDEN,,,0,,,spring shoulder; EPCOT Flower And Garden,,rules,2026-09-13T06:17:30+00:00
2027-04-23,Fri,4,FRI,0,16,4,Apr,23,113,2,2027,SPRING_SHOULDER,,,0,0,0,0,0,,,38,Memorial Day,67,Washington's Birthday,,WDW_AFTERHOURS,FLOWER_AND_GARDEN,,,0,,,spring shoulder; EPCOT Flower And Garden,,rules,2026-09-13T06:17:30+00:00
2027-04-24,Sat,5,SAT,1,16,4,Apr,24,114,2,2027,SPRING_SHOULDER,,,0,0,0,0,0,,,37,Memorial Day,68,Washington's Birthday,,WDW_AFTERHOURS,FLOWER_AND_GARDEN,,,0,,,spring shoulder; EPCOT Flower And Garden,,rules,2026-09-13T06:17:30+00:00
2027-04-25,Sun,6,SUN,1,16,4,Apr,25,115,2,2027,SPRING_SHOULDER,,,0,0,0,0,0,,,36,Memorial Day,69,Washington's Birthday,,WDW_AFTERHOURS,FLOWER_AND_GARDEN,,,0,,,spring shoulder; EPCOT Flower And Garden,,rules,2026-09-13T06:17:30+00:00
2027-04-26,Mon,0,WEEKDAY,0,17,4,Apr,26,116,2,2027,REGULAR,,,0,0,0,0,0,,,35,Memorial Day,70,Washington's Birthday,,WDW_AFTERHOURS,FLOWER_AND_GARDEN,,,0,,,EPCOT Flower And Garden,,rules,2026-09-13T06:17:30+00:00
2027-04-27,Tue,1,WEEKDAY,0,17,4,Apr,27,117,2,2027,REGULAR,,,0,0,0,0,0,,,34,Memorial Day,71,Washington's Birthday,,WDW_AFTERHOURS,FLOWER_AND_GARDEN,,,0,,,EPCOT Flower And Garden,,rules,2026-09-13T06:17:30+00:00
2027-04-28,Wed,2,WEEKDAY,0,17,4,Apr,28,118,2,2027,REGULAR,,,0,0,0,0,0,,,33,Memorial Day,72,Washington's Birthday,,WDW_AFTERHOURS,FLOWER_AND_GARDEN,,,0,,,EPCOT Flower And Garden,,rules,2026-09-13T06:17:30+00:00
2027-04-29,Thu,3,WEEKDAY,0,17,4,Apr,29,119,2,2027,REGULAR,,,0,0,0,0,0,,,32,Memorial Day,73,Washington's Birthday,,WDW_AFTERHOURS,FLOWER_AND_GARDEN,,,0,,,EPCOT Flower And Garden,,rules,2026-09-13T06:17:30+00:00
2027-04-30,Fri,4,FRI,0,17,4,Apr,30,120,2,2027,REGULAR,,,0,0,0,0,0,,,31,Memorial Day,74,Washington's Birthday,,WDW_AFTERHOURS,FLOWER_AND_GARDEN,,,0,,,EPCOT Flower And Garden,,rules,2026-09-13T06:17:30+00:00
2027-05-01,Sat,5,SAT,1,17,5,May,1,121,2,2027,REGULAR,,,0,0,0,0,0,,,30,Memorial Day,75,Washington's Birthday,,WDW_AFTERHOURS,FLOWER_AND_GARDEN,,,0,,,EPCOT Flower And Garden,,rules,2026-09-13T06:17:30+00:00
2027-05-02,Sun,6,SUN,1,17,5,May,2,122,2,2027,REGULAR,,,0,0,0,0,0,,,29,Memorial Day,76,Washington's Birthday,,WDW_AFTERHOURS,FLOWER_AND_GARDEN,,,0,,,EPCOT Flower And Garden,,rules,2026-09-13T06:17:30+00:00
2027-05-03,Mon,0,WEEKDAY,0,18,5,May,3,123,2,2027,REGULAR,,,0,0,0,0,0,,,28,Memorial Day,77,Washington's Birthday,,WDW_AFTERHOURS,FLOWER_AND_GARDEN,,,0,,,EPCOT Flower And Garden,,rules,2026-09-13T06:17:30+00:00
2027-05-04,Tue,1,WEEKDAY,0,18,5,May,4,124,2,2027,REGULAR,,,0,0,0,0,0,,,27,Memorial Day,78,Washington's Birthday,,WDW_AFTERHOURS,FLOWER_AND_GARDEN,,,0,,,EPCOT Flower And Garden,,rules,2026-09-13T06:17:30+00:00
2027-05-05,Wed,2,WEEKDAY,0,18,5,May,5,125,2,2027,REGULAR,,,0,0,0,0,0,,,26,Memorial Day,79,Washington's Birthday,,WDW_AFTERHOURS,FLOWER_AND_GARDEN,,,0,,,EPCOT Flower And Garden,,rules,2026-09-13T06:17:30+00:00
2027-05-06,Thu,3,WEEKDAY,0,18,5,May,6,126,2,2027,REGULAR,,,0,0,0,0,0,,,25,Memorial Day,80,Washington's Birthday,,WDW_AFTERHOURS,FLOWER_AND_GARDEN,,,0,,,EPCOT Flower And Garden,,rules,2026-09-13T06:17:30+00:00
2027-05-07,Fri,4,FRI,0,18,5,May,7,127,2,2027,REGULAR,,,0,0,0,0,0,,,24,Memorial Day,81,Washington's Birthday,,WDW_AFTERHOURS,FLOWER_AND_GARDEN,,,0,,,EPCOT Flower And Garden,,rules,2026-09-13T06:17:30+00:00
2027-05-08,Sat,5,SAT,1,18,5,May,8,128,2,2027,REGULAR,,,0,0,0,0,0,,,23,Memorial Day,82,Washington's Birthday,,WDW_AFTERHOURS,FLOWER_AND_GARDEN,,,0,,,EPCOT Flower And Garden,,rules,2026-09-13T06:17:30+00:00
2027-05-09,Sun,6,SUN,1,18,5,May,9,129,2,2027,REGULAR,,,0,0,0,0,0,,,22,Memorial Day,83,Washington's Birthday,,WDW_AFTERHOURS,FLOWER_AND_GARDEN,,,0,,,EPCOT Flower And Garden,,rules,2026-09-13T06:17:30+00:00
2027-05-10,Mon,0,WEEKDAY,0,19,5,May,10,130,2,2027,REGULAR,,,0,0,0,0,0,,,21,Memorial Day,84,Washington's Birthday,,WDW_AFTERHOURS,FLOWER_AND_GARDEN,,,0,,,EPCOT Flower And Garden,,rules,2026-09-13T06:17:30+00:00
2027-05-11,Tue,1,WEEKDAY,0,19,5,May,11,131,2,2027,REGULAR,,,0,0,0,0,0,,,20,Memorial Day,85,Washington's Birthday,,WDW_AFTERHOURS,FLOWER_AND_GARDEN,,,0,,,EPCOT Flower And Garden,,rules,2026-09-13T06:17:30+00:00
2027-05-12,Wed,2,WEEKDAY,0,19,5,May,12,132,2,2027,REGULAR,,,0,0,0,0,0,,,19,Memorial Day,86,Washington's Birthday,,WDW_AFTERHOURS,FLOWER_AND_GARDEN,,,0,,,EPCOT Flower And Garden,,rules,2026-09-13T06:17:30+00:00
2027-05-13,Thu,3,WEEKDAY,0,19,5,May,13,133,2,2027,REGULAR,,,0,0,0,0,0,,,18,Memorial Day,87,Washington's Birthday,,WDW_AFTERHOURS,FLOWER_AND_GARDEN,,,0,,,EPCOT Flower And Garden,,rules,2026-09-13T06:17:30+00:00
2027-05-14,Fri,4,FRI,0,19,5,May,14,134,2,2027,REGULAR,,,0,0,0,0,0,,,17,Memorial Day,88,Washington's Birthday,,WDW_AFTERHOURS,FLOWER_AND_GARDEN,,,0,,,EPCOT Flower And Garden,,rules,2026-09-13T06:17:30+00:00
2027-05-15,Sat,5,SAT,1,19,5,May,15,135,2,2027,REGULAR,,,0,0,0,0,0,,,16,Memorial Day,89,Washington's Birthday,,WDW_AFTERHOURS,FLOWER_AND_GARDEN,,,0,,,EPCOT Flower And Garden,,rules,2026-09-13T06:17:30+00:00
2027-05-16,Sun,6,SUN,1,19,5,May,16,136,2,2027,REGULAR,,,0,0,0,0,0,,,15,Memorial Day,90,Washington's Birthday,,,FLOWER_AND_GARDEN,,,0,,,EPCOT Flower And Garden,,rules,2026-09-13T06:17:30+00:00
2027-05-17,Mon,0,WEEKDAY,0,20,5,May,17,137,2,2027,REGULAR,,,0,0,0,0,0,,,14,Memorial Day,91,Washington's Birthday,,,FLOWER_AND_GARDEN,,,0,,,EPCOT Flower And Garden,,rules,2026-09-13T06:17:30+00:00
2027-05-18,Tue,1,WEEKDAY,0,20,5,May,18,138,2,2027,REGULAR,,,0,0,0,0,0,,,13,Memorial Day,92,Washington's Birthday,,,FLOWER_AND_GARDEN,,,0,,,EPCOT Flower And Garden,,rules,2026-09-13T06:17:30+00:00
2027-05-19,Wed,2,WEEKDAY,0,20,5,May,19,139,2,2027,REGULAR,,,0,0,0,0,0,,,12,Memorial Day,93,Washington's Birthday,,,FLOWER_AND_GARDEN,,,0,,,EPCOT Flower And Garden,,rules,2026-09-13T06:17:30+00:00
2027-05-20,Thu,3,WEEKDAY,0,20,5,May,20,140,2,2027,REGULAR,,,0,0,0,0,0,,,11,Memorial Day,94,Washington's Birthday,,,FLOWER_AND_GARDEN,,,0,,,EPCOT Flower And Garden,,rules,2026-09-13T06:17:30+00:00
2027-05-21,Fri,4,FRI,0,20,5,May,21,141,2,2027,REGULAR,,,0,0,0,0,0,MEMORIAL,-10,10,Memorial Day,95,Washington's Birthday,,,FLOWER_AND_GARDEN,,,0,,,EPCOT Flower And Garden,,rules,2026-09-13T06:17:30+00:00
2027-05-22,Sat,5,SAT,1,20,5,May,22,142,2,2027,REGULAR,,,0,0,0,0,0,MEMORIAL,-9,9,Memorial Day,96,Washington's Birthday,,,FLOWER_AND_GARDEN,,,0,,,EPCOT Flower And Garden,,rules,2026-09-13T06:17:30+00:00
2027-05-23,Sun,6,SUN,1,20,5,May,23,143,2,2027,REGULAR,,,0,0,0,0,0,MEMORIAL,-8,8,Memorial Day,97,Washington's Birthday,,,FLOWER_AND_GARDEN,,,0,,,EPCOT Flower And Garden,,rules,2026-09-13T06:17:30+00:00
2027-05-24,Mon,0,WEEKDAY,0,21,5,May,24,144,2,2027,REGULAR,,,0,0,0,0,0,MEMORIAL,-7,7,Memorial Day,98,Washington's Birthday,,,FLOWER_AND_GARDEN,,,0,,,EPCOT Flower And Garden,,rules,2026-09-13T06:17:30+00:00
2027-05-25,Tue,1,WEEKDAY,0,21,5,May,25,145,2,2027,REGULAR,,,0,0,0,0,0,MEMORIAL,-6,6,Memorial Day,99,Washington's Birthday,,,FLOWER_AND_GARDEN,,,0,,,EPCOT Flower And Garden,,rules,2026-09-13T06:17:30+00:00
2027-05-26,Wed,2,WEEKDAY,0,21,5,May,26,146,2,2027,REGULAR,,,0,0,0,0,0,MEMORIAL,-5,5,Memorial Day,100,Washington's Birthday,,,FLOWER_AND_GARDEN,,,0,,,EPCOT Flower And Garden,,rules,2026-09-13T06:17:30+00:00
2027-05-27,Thu,3,WEEKDAY,0,21,5,May,27,147,2,2027,REGULAR,,,0,0,0,0,0,MEMORIAL,-4,4,Memorial Day,101,Washington's Birthday,,,FLOWER_AND_GARDEN,,,0,,,EPCOT Flower And Garden,,rules,2026-09-13T06:17:30+00:00
2027-05-28,Fri,4,FRI,0,21,5,May,28,148,2,2027,MEMORIAL_WKND,,,0,0,0,1,0,MEMORIAL,-3,3,Memorial Day,102,Washington's Birthday,,,FLOWER_AND_GARDEN,,,0,,,long weekend; memorial wknd; EPCOT Flower And Garden,,rules,2026-09-13T06:17:30+00:00
2027-05-29,Sat,5,SAT,1,21,5,May,29,149,2,2027,MEMORIAL_WKND,,,0,0,0,1,0,MEMORIAL,-2,2,Memorial Day,103,Washington's Birthday,,,FLOWER_AND_GARDEN,,,0,,,long weekend; memorial wknd; EPCOT Flower And Garden,,rules,2026-09-13T06:17:30+00:00
2027-05-30,Sun,6,SUN,1,21,5,May,30,150,2,2027,MEMORIAL_WKND,,,0,1,0,1,0,MEMORIAL,-1,1,Memorial Day,104,Washington's Birthday,,,FLOWER_AND_GARDEN,,,0,,,long weekend; memorial wknd; EPCOT Flower And Garden,,rules,2026-09-13T06:17:30+00:00
2027-05-31,Mon,0,WEEKDAY,0,22,5,May,31,151,2,2027,MEMORIAL_WKND,Memorial Day,federal,1,0,0,1,0,MEMORIAL,0,19,Juneteenth National Independence Day,105,Washington's Birthday,,,FLOWER_AND_GARDEN,,,0,MAY_HALF_TERM,,Memorial Day; memorial wknd; EPCOT Flower And Garden; UK may half term,,rules,2026-09-13T06:17:30+00:00
2027-06-01,Tue,1,WEEKDAY,0,22,6,Jun,1,152,2,2027,MEMORIAL_WKND,,,0,0,1,0,0,MEMORIAL,1,18,Juneteenth National Independence Day,1,Memorial Day,,,FLOWER_AND_GARDEN,,,0,MAY_HALF_TERM,,memorial wknd; EPCOT Flower And Garden; UK may half term,,rules,2026-09-13T06:17:30+00:00
2027-06-02,Wed,2,WEEKDAY,0,22,6,Jun,2,153,2,2027,REGULAR,,,0,0,0,0,0,MEMORIAL,2,17,Juneteenth National Independence Day,2,Memorial Day,,,FLOWER_AND_GARDEN,,,0,MAY_HALF_TERM,,EPCOT Flower And Garden; UK may half term,,rules,2026-09-13T06:17:30+00:00
2027-06-03,Thu,3,WEEKDAY,0,22,6,Jun,3,154,2,2027,REGULAR,,,0,0,0,0,0,MEMORIAL,3,16,Juneteenth National Independence Day,3,Memorial Day,,,FLOWER_AND_GARDEN,,,0,MAY_HALF_TERM,,EPCOT Flower And Garden; UK may half term,,rules,2026-09-13T06:17:30+00:00
2027-06-04,Fri,4,FRI,0,22,6,Jun,4,155,2,2027,REGULAR,,,0,0,0,0,0,MEMORIAL,4,15,Juneteenth National Independence Day,4,Memorial Day,,,FLOWER_AND_GARDEN,,,0,MAY_HALF_TERM,,EPCOT Flower And Garden; UK may half term,,rules,2026-09-13T06:17:30+00:00
2027-06-05,Sat,5,SAT,1,22,6,Jun,5,156,2,2027,REGULAR,,,0,0,0,0,0,MEMORIAL,5,14,Juneteenth National Independence Day,5,Memorial Day,,,FLOWER_AND_GARDEN,,,0,,,EPCOT Flower And Garden,,rules,2026-09-13T06:17:30+00:00
2027-06-06,Sun,6,SUN,1,22,6,Jun,6,157,2,2027,REGULAR,,,0,0,0,0,0,MEMORIAL,6,13,Juneteenth National Independence Day,6,Memorial Day,,,FLOWER_AND_GARDEN,,,0,,,EPCOT Flower And Garden,,rules,2026-09-13T06:17:30+00:00
2027-06-07,Mon,0,WEEKDAY,0,23,6,Jun,7,158,2,2027,REGULAR,,,0,0,0,0,0,MEMORIAL,7,12,Juneteenth National Independence Day,7,Memorial Day,,,FLOWER_AND_GARDEN,,,0,,,EPCOT Flower And Garden,,rules,2026-09-13T06:17:30+00:00
2027-06-08,Tue,1,WEEKDAY,0,23,6,Jun,8,159,2,2027,SUMMER_PEAK,,,0,0,0,0,0,MEMORIAL,8,11,Juneteenth National Independence Day,8,Memorial Day,,,FLOWER_AND_GARDEN,SUMMER,"NE,SOUTH,MIDWEST,WEST,FL",0,,,summer peak; EPCOT Flower And Garden; US school summer,,rules,2026-09-13T06:17:30+00:00
2027-06-09,Wed,2,WEEKDAY,0,23,6,Jun,9,160,2,2027,SUMMER_PEAK,,,0,0,0,0,0,MEMORIAL,9,10,Juneteenth National Independence Day,9,Memorial Day,,,FLOWER_AND_GARDEN,SUMMER,"NE,SOUTH,MIDWEST,WEST,FL",0,,,summer peak; EPCOT Flower And Garden; US school summer,,rules,2026-09-13T06:17:30+00:00
2027-06-10,Thu,3,WEEKDAY,0,23,6,Jun,10,161,2,2027,SUMMER_PEAK,,,0,0,0,0,0,MEMORIAL,10,9,Juneteenth National Independence Day,10,Memorial Day,,,FLOWER_AND_GARDEN,SUMMER,"NE,SOUTH,MIDWEST,WEST,FL",0,,,summer peak; EPCOT Flower And Garden; US school summer,,rules,2026-09-13T06:17:30+00:00
2027-06-11,Fri,4,FRI,0,23,6,Jun,11,162,2,2027,SUMMER_PEAK,,,0,0,0,0,0,,,8,Juneteenth National Independence Day,11,Memorial Day,,,FLOWER_AND_GARDEN,SUMMER,"NE,SOUTH,MIDWEST,WEST,FL",0,,,summer peak; EPCOT Flower And Garden; US school summer,,rules,2026-09-13T06:17:30+00:00
2027-06-12,Sat,5,SAT,1,23,6,Jun,12,163,2,2027,SUMMER_PEAK,,,0,0,0,0,0,,,7,Juneteenth National Independence Day,12,Memorial Day,,,FLOWER_AND_GARDEN,SUMMER,"NE,SOUTH,MIDWEST,WEST,FL",0,,,summer peak; EPCOT Flower And Garden; US school summer,,rules,2026-09-13T06:17:30+00:00
2027-06-13,Sun,6,SUN,1,23,6,Jun,13,164,2,2027,SUMMER_PEAK,,,0,0,0,0,0,,,6,Juneteenth National Independence Day,13,Memorial Day,,,FLOWER_AND_GARDEN,SUMMER,"NE,SOUTH,MIDWEST,WEST,FL",0,,,summer peak; EPCOT Flower And Garden; US school summer,,rules,2026-09-13T06:17:30+00:00
2027-06-14,Mon,0,WEEKDAY,0,24,6,Jun,14,165,2,2027,SUMMER_PEAK,,,0,0,0,0,0,,,5,Juneteenth National Independence Day,14,Memorial Day,,,FLOWER_AND_GARDEN,SUMMER,"NE,SOUTH,MIDWEST,WEST,FL",0,,,summer peak; EPCOT Flower And Garden; US school summer,,rules,2026-09-13T06:17:30+00:00
2027-06-15,Tue,1,WEEKDAY,0,24,6,Jun,15,166,2,2027,SUMMER_PEAK,,,0,0,0,0,0,,,4,Juneteenth National Independence Day,15,Memorial Day,,,FLOWER_AND_GARDEN,SUMMER,"NE,SOUTH,MIDWEST,WEST,FL",0,,,summer peak; EPCOT Flower And Garden; US school summer,,rules,2026-09-13T06:17:30+00:00
2027-06-16,Wed,2,WEEKDAY,0,24,6,Jun,16,167,2,2027,SUMMER_PEAK,,,0,0,0,0,0,,,3,Juneteenth National Independence Day,16,Memorial Day,,,FLOWER_AND_GARDEN,SUMMER,"NE,SOUTH,MIDWEST,WEST,FL",0,,,summer peak; EPCOT Flower And Garden; US school summer,,rules,2026-09-13T06:17:30+00:00
2027-06-17,Thu,3,WEEKDAY,0,24,6,Jun,17,168,2,2027,SUMMER_PEAK,,,0,1,0,0,0,,,2,Juneteenth National Independence Day,17,Memorial Day,,,FLOWER_AND_GARDEN,SUMMER,"NE,SOUTH,MIDWEST,WEST,FL",0,,,summer peak; EPCOT Flower And Garden; US school summer,,rules,2026-09-13T06:17:30+00:00
2027-06-18,Fri,4,FRI,0,24,6,Jun,18,169,2,2027,SUMMER_PEAK,Juneteenth National Independence Day (observed),observed,1,1,0,0,0,,,1,Juneteenth National Independence Day,18,Memorial Day,,,FLOWER_AND_GARDEN,SUMMER,"NE,SOUTH,MIDWEST,WEST,FL",0,,,Juneteenth National Independence Day (observed); summer peak; EPCOT Flower And Garden; US school summer,,rules,2026-09-13T06:17:30+00:00
2027-06-19,Sat,5,SAT,1,24,6,Jun,19,170,2,2027,SUMMER_PEAK,Juneteenth National Independence Day,federal,1,0,1,0,0,,,15,Independence Day,19,Memorial Day,,,FLOWER_AND_GARDEN,SUMMER,"NE,SOUTH,MIDWEST,WEST,FL",0,,,Juneteenth National Independence Day; summer peak; EPCOT Flower And Garden; US school summer,,rules,2026-09-13T06:17:30+00:00
2027-06-20,Sun,6,SUN,1,24,6,Jun,20,171,2,2027,SUMMER_PEAK,,,0,0,1,0,0,,,14,Independence Day,1,Juneteenth National Independence Day,,,FLOWER_AND_GARDEN,SUMMER,"NE,SOUTH,MIDWEST,WEST,FL",0,,,summer peak; EPCOT Flower And Garden; US school summer,,rules,2026-09-13T06:17:30+00:00
2027-06-21,Mon,0,WEEKDAY,0,25,6,Jun,21,172,2,2027,SUMMER_PEAK,,,0,0,0,0,0,,,13,Independence Day,2,Juneteenth National Independence Day,,,FLOWER_AND_GARDEN,SUMMER,"NE,SOUTH,MIDWEST,WEST,FL",0,,,summer peak; EPCOT Flower And Garden; US school summer,,rules,2026-09-13T06:17:30+00:00
2027-06-22,Tue,1,WEEKDAY,0,25,6,Jun,22,173,2,2027,SUMMER_PEAK,,,0,0,0,0,0,,,12,Independence Day,3,Juneteenth National Independence Day,,,FLOWER_AND_GARDEN,SUMMER,"NE,SOUTH,MIDWEST,WEST,FL",0,,,summer peak; EPCOT Flower And Garden; US school summer,,rules,2026-09-13T06:17:30+00:00
2027-06-23,Wed,2,WEEKDAY,0,25,6,Jun,23,174,2,2027,SUMMER_PEAK,,,0,0,0,0,0,,,11,Independence Day,4,Juneteenth National Independence Day,,,FLOWER_AND_GARDEN,SUMMER,"NE,SOUTH,MIDWEST,WEST,FL",0,,,summer peak; EPCOT Flower And Garden; US school summer,,rules,2026-09-13T06:17:30+00:00
2027-06-24,Thu,3,WEEKDAY,0,25,6,Jun,24,175,2,2027,SUMMER_PEAK,,,0,0,0,0,0,JULY4,-10,10,Independence Day,5,Juneteenth National Independence Day,,,FLOWER_AND_GARDEN,SUMMER,"NE,SOUTH,MIDWEST,WEST,FL",0,,,summer peak; EPCOT Flower And Garden; US school summer,,rules,2026-09-13T06:17:30+00:00
2027-06-25,Fri,4,FRI,0,25,6,Jun,25,176,2,2027,SUMMER_PEAK,,,0,0,0,0,0,JULY4,-9,9,Independence Day,6,Juneteenth National Independence Day,,,FLOWER_AND_GARDEN,SUMMER,"NE,SOUTH,MIDWEST,WEST,FL",0,,,summer peak; EPCOT Flower And Garden; US school summer,,rules,2026-09-13T06:17:30+00:00
2027-06-26,Sat,5,SAT,1,25,6,Jun,26,177,2,2027,SUMMER_PEAK,,,0,0,0,0,0,JULY4,-8,8,Independence Day,7,Juneteenth National Independence Day,,,FLOWER_AND_GARDEN,SUMMER,"NE,SOUTH,MIDWEST,WEST,FL",0,,,summer peak; EPCOT Flower And Garden; US school summer,,rules,2026-09-13T06:17:30+00:00
2027-06-27,Sun,6,SUN,1,25,6,Jun,27,178,2,2027,SUMMER_PEAK,,,0,0,0,0,0,JULY4,-7,7,Independence Day,8,Juneteenth National Independence Day,,,FLOWER_AND_GARDEN,SUMMER,"NE,SOUTH,MIDWEST,WEST,FL",0,,,summer peak; EPCOT Flower And Garden; US school summer,,rules,2026-09-13T06:17:30+00:00
2027-06-28,Mon,0,WEEKDAY,0,26,6,Jun,28,179,2,2027,SUMMER_PEAK,,,0,0,0,0,0,JULY4,-6,6,Independence Day,9,Juneteenth National Independence Day,,,FLOWER_AND_GARDEN,SUMMER,"NE,SOUTH,MIDWEST,WEST,FL",0,,,summer peak; EPCOT Flower And Garden; US school summer,,rules,2026-09-13T06:17:30+00:00
2027-06-29,Tue,1,WEEKDAY,0,26,6,Jun,29,180,2,2027,SUMMER_PEAK,,,0,0,0,0,0,JULY4,-5,5,Independence Day,10,Juneteenth National Independence Day,,,FLOWER_AND_GARDEN,SUMMER,"NE,SOUTH,MIDWEST,WEST,FL",0,,,summer peak; EPCOT Flower And Garden; US school summer,,rules,2026-09-13T06:17:30+00:00
2027-06-30,Wed,2,WEEKDAY,0,26,6,Jun,30,181,2,2027,SUMMER_PEAK,,,0,0,0,0,0,JULY4,-4,4,Independence Day,11,Juneteenth National Independence Day,,,FLOWER_AND_GARDEN,SUMMER,"NE,SOUTH,MIDWEST,WEST,FL",0,,,summer peak; EPCOT Flower And Garden; US school summer,,rules,2026-09-13T06:17:30+00:00
2027-07-01,Thu,3,WEEKDAY,0,26,7,Jul,1,182,3,2027,JULY4_WK,,,0,0,0,0,0,JULY4,-3,3,Independence Day,12,Juneteenth National Independence Day,,,FLOWER_AND_GARDEN,SUMMER,"NE,SOUTH,MIDWEST,WEST,FL",0,,WINTER,july4 wk; EPCOT Flower And Garden; US school summer; Brazil winter,,rules,2026-09-13T06:17:30+00:00
2027-07-02,Fri,4,FRI,0,26,7,Jul,2,183,3,2027,JULY4_WK,,,0,0,0,1,0,JULY4,-2,2,Independence Day,13,Juneteenth National Independence Day,,,FLOWER_AND_GARDEN,SUMMER,"NE,SOUTH,MIDWEST,WEST,FL",0,,WINTER,long weekend; july4 wk; EPCOT Flower And Garden; US school summer; Brazil winter,,rules,2026-09-13T06:17:30+00:00
2027-07-03,Sat,5,SAT,1,26,7,Jul,3,184,3,2027,JULY4_WK,,,0,1,0,1,0,JULY4,-1,1,Independence Day,14,Juneteenth National Independence Day,,,FLOWER_AND_GARDEN,SUMMER,"NE,SOUTH,MIDWEST,WEST,FL",0,,WINTER,long weekend; july4 wk; EPCOT Flower And Garden; US school summer; Brazil winter,,rules,2026-09-13T06:17:30+00:00
2027-07-04,Sun,6,SUN,1,26,7,Jul,4,185,3,2027,JULY4_WK,Independence Day,federal,1,1,0,1,0,JULY4,0,64,Labor Day,15,Juneteenth National Independence Day,,,FLOWER_AND_GARDEN,SUMMER,"NE,SOUTH,MIDWEST,WEST,FL",0,,WINTER,Independence Day; july4 wk; EPCOT Flower And Garden; US school summer; Brazil winter,,rules,2026-09-13T06:17:30+00:00
2027-07-05,Mon,0,WEEKDAY,0,27,7,Jul,5,186,3,2027,JULY4_WK,Independence Day (observed),observed,1,0,1,1,0,JULY4,1,63,Labor Day,1,Independence Day,,,FLOWER_AND_GARDEN,SUMMER,"NE,SOUTH,MIDWEST,WEST,FL",0,,WINTER,Independence Day (observed); july4 wk; EPCOT Flower And Garden; US school summer; Brazil winter,,rules,2026-09-13T06:17:30+00:00
2027-07-06,Tue,1,WEEKDAY,0,27,7,Jul,6,187,3,2027,JULY4_WK,,,0,0,1,0,0,JULY4,2,62,Labor Day,2,Independence Day,,,FLOWER_AND_GARDEN,SUMMER,"NE,SOUTH,MIDWEST,WEST,FL",0,,WINTER,july4 wk; EPCOT Flower And Garden; US school summer; Brazil winter,,rules,2026-09-13T06:17:30+00:00
2027-07-07,Wed,2,WEEKDAY,0,27,7,Jul,7,188,3,2027,JULY4_WK,,,0,0,0,0,0,JULY4,3,61,Labor Day,3,Independence Day,,,,SUMMER,"NE,SOUTH,MIDWEST,WEST,FL",0,,WINTER,july4 wk; US school summer; Brazil winter,,rules,2026-09-13T06:17:30+00:00
2027-07-08,Thu,3,WEEKDAY,0,27,7,Jul,8,189,3,2027,SUMMER_PEAK,,,0,0,0,0,0,JULY4,4,60,Labor Day,4,Independence Day,,,,SUMMER,"NE,SOUTH,MIDWEST,WEST,FL",0,,WINTER,summer peak; US school summer; Brazil winter,,rules,2026-09-13T06:17:30+00:00
2027-07-09,Fri,4,FRI,0,27,7,Jul,9,190,3,2027,SUMMER_PEAK,,,0,0,0,0,0,JULY4,5,59,Labor Day,5,Independence Day,,,,SUMMER,"NE,SOUTH,MIDWEST,WEST,FL",0,,WINTER,summer peak; US school summer; Brazil winter,,rules,2026-09-13T06:17:30+00:00
2027-07-10,Sat,5,SAT,1,27,7,Jul,10,191,3,2027,SUMMER_PEAK,,,0,0,0,0,0,JULY4,6,58,Labor Day,6,Independence Day,,,,SUMMER,"NE,SOUTH,MIDWEST,WEST,FL",0,,WINTER,summer peak; US school summer; Brazil winter,,rules,2026-09-13T06:17:30+00:00
2027-07-11,Sun,6,SUN,1,27,7,Jul,11,192,3,2027,SUMMER_PEAK,,,0,0,0,0,0,JULY4,7,57,Labor Day,7,Independence Day,,,,SUMMER,"NE,SOUTH,MIDWEST,WEST,FL",0,,WINTER,summer peak; US school summer; Brazil winter,,rules,2026-09-13T06:17:30+00:00
2027-07-12,Mon,0,WEEKDAY,0,28,7,Jul,12,193,3,2027,SUMMER_PEAK,,,0,0,0,0,0,JULY4,8,56,Labor Day,8,Independence Day,,,,SUMMER,"NE,SOUTH,MIDWEST,WEST,FL",0,,WINTER,summer peak; US school summer; Brazil winter,,rules,2026-09-13T06:17:30+00:00
2027-07-13,Tue,1,WEEKDAY,0,28,7,Jul,13,194,3,2027,SUMMER_PEAK,,,0,0,0,0,0,JULY4,9,55,Labor Day,9,Independence Day,,,,SUMMER,"NE,SOUTH,MIDWEST,WEST,FL",0,,WINTER,summer peak; US school summer; Brazil winter,,rules,2026-09-13T06:17:30+00:00
2027-07-14,Wed,2,WEEKDAY,0,28,7,Jul,14,195,3,2027,SUMMER_PEAK,,,0,0,0,0,0,JULY4,10,54,Labor Day,10,Independence Day,,,,SUMMER,"NE,SOUTH,MIDWEST,WEST,FL",0,,WINTER,summer peak; US school summer; Brazil winter,,rules,2026-09-13T06:17:30+00:00
2027-07-15,Thu,3,WEEKDAY,0,28,7,Jul,15,196,3,2027,SUMMER_PEAK,,,0,0,0,0,0,,,53,Labor Day,11,Independence Day,,,,SUMMER,"NE,SOUTH,MIDWEST,WEST,FL",0,,WINTER,summer peak; US school summer; Brazil winter,,rules,2026-09-13T06:17:30+00:00
2027-07-16,Fri,4,FRI,0,28,7,Jul,16,197,3,2027,SUMMER_PEAK,,,0,0,0,0,0,,,52,Labor Day,12,Independence Day,,,,SUMMER,"NE,SOUTH,MIDWEST,WEST,FL",0,,WINTER,summer peak; US school summer; Brazil winter,,rules,2026-09-13T06:17:30+00:00
2027-07-17,Sat,5,SAT,1,28,7,Jul,17,198,3,2027,SUMMER_PEAK,,,0,0,0,0,0,,,51,Labor Day,13,Independence Day,,,,SUMMER,"NE,SOUTH,MIDWEST,WEST,FL",0,,WINTER,summer peak; US school summer; Brazil winter,,rules,2026-09-13T06:17:30+00:00
2027-07-18,Sun,6,SUN,1,28,7,Jul,18,199,3,2027,SUMMER_PEAK,,,0,0,0,0,0,,,50,Labor Day,14,Independence Day,,,,SUMMER,"NE,SOUTH,MIDWEST,WEST,FL",0,,WINTER,summer peak; US school summer; Brazil winter,,rules,2026-09-13T06:17:30+00:00
2027-07-19,Mon,0,WEEKDAY,0,29,7,Jul,19,200,3,2027,SUMMER_PEAK,,,0,0,0,0,0,,,49,Labor Day,15,Independence Day,,,,SUMMER,"NE,SOUTH,MIDWEST,WEST,FL",0,,WINTER,summer peak; US school summer; Brazil winter,,rules,2026-09-13T06:17:30+00:00
2027-07-20,Tue,1,WEEKDAY,0,29,7,Jul,20,201,3,2027,SUMMER_PEAK,,,0,0,0,0,0,,,48,Labor Day,16,Independence Day,,,,SUMMER,"NE,SOUTH,MIDWEST,WEST,FL",0,,WINTER,summer peak; US school summer; Brazil winter,,rules,2026-09-13T06:17:30+00:00
2027-07-21,Wed,2,WEEKDAY,0,29,7,Jul,21,202,3,2027,SUMMER_PEAK,,,0,0,0,0,0,,,47,Labor Day,17,Independence Day,,,,SUMMER,"NE,SOUTH,MIDWEST,WEST,FL",0,,WINTER,summer peak; US school summer; Brazil winter,,rules,2026-09-13T06:17:30+00:00
2027-07-22,Thu,3,WEEKDAY,0,29,7,Jul,22,203,3,2027,SUMMER_PEAK,,,0,0,0,0,0,,,46,Labor Day,18,Independence Day,,,,SUMMER,"NE,SOUTH,MIDWEST,WEST,FL",0,,WINTER,summer peak; US school summer; Brazil winter,,rules,2026-09-13T06:17:30+00:00
2027-07-23,Fri,4,FRI,0,29,7,Jul,23,204,3,2027,SUMMER_PEAK,,,0,0,0,0,0,,,45,Labor Day,19,Independence Day,,,,SUMMER,"NE,SOUTH,MIDWEST,WEST,FL",0,SUMMER,WINTER,summer peak; US school summer; UK summer; Brazil winter,,rules,2026-09-13T06:17:30+00:00
2027-07-24,Sat,5,SAT,1,29,7,Jul,24,205,3,2027,SUMMER_PEAK,,,0,0,0,0,0,,,44,Labor Day,20,Independence Day,,,,SUMMER,"NE,SOUTH,MIDWEST,WEST,FL",0,SUMMER,WINTER,summer peak; US school summer; UK summer; Brazil winter,,rules,2026-09-13T06:17:30+00:00
2027-07-25,Sun,6,SUN,1,29,7,Jul,25,206,3,2027,SUMMER_PEAK,,,0,0,0,0,0,,,43,Labor Day,21,Independence Day,,,,SUMMER,"NE,SOUTH,MIDWEST,WEST,FL",0,SUMMER,WINTER,summer peak; US school summer; UK summer; Brazil winter,,rules,2026-09-13T06:17:30+00:00
2027-07-26,Mon,0,WEEKDAY,0,30,7,Jul,26,207,3,2027,SUMMER_PEAK,,,0,0,0,0,0,,,42,Labor Day,22,Independence Day,,,,SUMMER,"NE,SOUTH,MIDWEST,WEST,FL",0,SUMMER,WINTER,summer peak; US school summer; UK summer; Brazil winter,,rules,2026-09-13T06:17:30+00:00
2027-07-27,Tue,1,WEEKDAY,0,30,7,Jul,27,208,3,2027,SUMMER_PEAK,,,0,0,0,0,0,,,41,Labor Day,23,Independence Day,,,,SUMMER,"NE,SOUTH,MIDWEST,WEST,FL",0,SUMMER,WINTER,summer peak; US school summer; UK summer; Brazil winter,,rules,2026-09-13T06:17:30+00:00
2027-07-28,Wed,2,WEEKDAY,0,30,7,Jul,28,209,3,2027,SUMMER_PEAK,,,0,0,0,0,0,,,40,Labor Day,24,Independence Day,,,,SUMMER,"NE,SOUTH,MIDWEST,WEST,FL",0,SUMMER,WINTER,summer peak; US school summer; UK summer; Brazil winter,,rules,2026-09-13T06:17:30+00:00
2027-07-29,Thu,3,WEEKDAY,0,30,7,Jul,29,210,3,2027,SUMMER_PEAK,,,0,0,0,0,0,,,39,Labor Day,25,Independence Day,,,,SUMMER,"NE,SOUTH,MIDWEST,WEST,FL",0,SUMMER,WINTER,summer peak; US school summer; UK summer; Brazil winter,,rules,2026-09-13T06:17:30+00:00
2027-07-30,Fri,4,FRI,0,30,7,Jul,30,211,3,2027,SUMMER_PEAK,,,0,0,0,0,0,,,38,Labor Day,26,Independence Day,,,,SUMMER,"NE,SOUTH,MIDWEST,WEST,FL",0,SUMMER,WINTER,summer peak; US school summer; UK summer; Brazil winter,,rules,2026-09-13T06:17:30+00:00
2027-07-31,Sat,5,SAT,1,30,7,Jul,31,212,3,2027,SUMMER_PEAK,,,0,0,0,0,0,,,37,Labor Day,27,Independence Day,,,,SUMMER,"NE,SOUTH,MIDWEST,WEST,FL",0,SUMMER,WINTER,summer peak; US school summer; UK summer; Brazil winter,,rules,2026-09-13T06:17:30+00:00
2027-08-01,Sun,6,SUN,1,30,8,Aug,1,213,3,2027,SUMMER_PEAK,,,0,0,0,0,0,,,36,Labor Day,28,Independence Day,,,,SUMMER,"NE,SOUTH,MIDWEST,WEST,FL",0,SUMMER,,summer peak; US school summer; UK summer,,rules,2026-09-13T06:17:30+00:00
2027-08-02,Mon,0,WEEKDAY,0,31,8,Aug,2,214,3,2027,SUMMER_PEAK,,,0,0,0,0,0,,,35,Labor Day,29,Independence Day,,,,SUMMER,"NE,SOUTH,MIDWEST,WEST,FL",0,SUMMER,,summer peak; US school summer; UK summer,,rules,2026-09-13T06:17:30+00:00
2027-08-03,Tue,1,WEEKDAY,0,31,8,Aug,3,215,3,2027,SUMMER_PEAK,,,0,0,0,0,0,,,34,Labor Day,30,Independence Day,,,,SUMMER,"NE,SOUTH,MIDWEST,WEST,FL",0,SUMMER,,summer peak; US school summer; UK summer,,rules,2026-09-13T06:17:30+00:00
2027-08-04,Wed,2,WEEKDAY,0,31,8,Aug,4,216,3,2027,SUMMER_PEAK,,,0,0,0,0,0,,,33,Labor Day,31,Independence Day,,,,SUMMER,"NE,SOUTH,MIDWEST,WEST,FL",0,SUMMER,,summer peak; US school summer; UK summer,,rules,2026-09-13T06:17:30+00:00
2027-08-05,Thu,3,WEEKDAY,0,31,8,Aug,5,217,3,2027,SUMMER_PEAK,,,0,0,0,0,0,,,32,Labor Day,32,Independence Day,,,,SUMMER,"NE,SOUTH,MIDWEST,WEST,FL",0,SUMMER,,summer peak; US school summer; UK summer,,rules,2026-09-13T06:17:30+00:00
2027-08-06,Fri,4,FRI,0,31,8,Aug,6,218,3,2027,SUMMER_PEAK,,,0,0,0,0,0,,,31,Labor Day,33,Independence Day,,,,SUMMER,"NE,SOUTH,MIDWEST,WEST,FL",0,SUMMER,,summer peak; US school summer; UK summer,,rules,2026-09-13T06:17:30+00:00
2027-08-07,Sat,5,SAT,1,31,8,Aug,7,219,3,2027,SUMMER_PEAK,,,0,0,0,0,0,,,30,Labor Day,34,Independence Day,,,,SUMMER,"NE,SOUTH,MIDWEST,WEST,FL",0,SUMMER,,summer peak; US school summer; UK summer,,rules,2026-09-13T06:17:30+00:00
2027-08-08,Sun,6,SUN,1,31,8,Aug,8,220,3,2027,SUMMER_PEAK,,,0,0,0,0,0,,,29,Labor Day,35,Independence Day,,WDW_HALLOWEEN,,SUMMER,"NE,SOUTH,MIDWEST,WEST,FL",0,SUMMER,,summer peak; US school summer; UK summer,,rules,2026-09-13T06:17:30+00:00
2027-08-09,Mon,0,WEEKDAY,0,32,8,Aug,9,221,3,2027,SUMMER_PEAK,,,0,0,0,0,0,,,28,Labor Day,36,Independence Day,,WDW_HALLOWEEN,,SUMMER,"NE,SOUTH,MIDWEST,WEST,FL",0,SUMMER,,summer peak; US school summer; UK summer,,rules,2026-09-13T06:17:30+00:00
2027-08-10,Tue,1,WEEKDAY,0,32,8,Aug,10,222,3,2027,SUMMER_PEAK,,,0,0,0,0,0,,,27,Labor Day,37,Independence Day,,WDW_HALLOWEEN,,SUMMER,"NE,SOUTH,MIDWEST,WEST,FL",0,SUMMER,,summer peak; US school summer; UK summer,,rules,2026-09-13T06:17:30+00:00
2027-08-11,Wed,2,WEEKDAY,0,32,8,Aug,11,223,3,2027,LATE_SUMMER,,,0,0,0,0,0,,,26,Labor Day,38,Independence Day,,WDW_HALLOWEEN,,SUMMER,"NE,SOUTH,MIDWEST,WEST,FL",0,SUMMER,,late summer; US school summer; UK summer,,rules,2026-09-13T06:17:30+00:00
2027-08-12,Thu,3,WEEKDAY,0,32,8,Aug,12,224,3,2027,LATE_SUMMER,,,0,0,0,0,0,,,25,Labor Day,39,Independence Day,,WDW_HALLOWEEN,,SUMMER,"NE,SOUTH,MIDWEST,WEST,FL",0,SUMMER,,late summer; US school summer; UK summer,,rules,2026-09-13T06:17:30+00:00
2027-08-13,Fri,4,FRI,0,32,8,Aug,13,225,3,2027,LATE_SUMMER,,,0,0,0,0,0,,,24,Labor Day,40,Independence Day,,WDW_HALLOWEEN,,SUMMER,"NE,SOUTH,MIDWEST,WEST,FL",0,SUMMER,,late summer; US school summer; UK summer,,rules,2026-09-13T06:17:30+00:00
2027-08-14,Sat,5,SAT,1,32,8,Aug,14,226,3,2027,LATE_SUMMER,,,0,0,0,0,0,,,23,Labor Day,41,Independence Day,,WDW_HALLOWEEN,,SUMMER,"NE,SOUTH,MIDWEST,WEST,FL",0,SUMMER,,late summer; US school summer; UK summer,,rules,2026-09-13T06:17:30+00:00
2027-08-15,Sun,6,SUN,1,32,8,Aug,15,227,3,2027,LATE_SUMMER,,,0,0,0,0,0,,,22,Labor Day,42,Independence Day,HALLOWEEN_SEASON,WDW_HALLOWEEN,,SUMMER,"NE,SOUTH,MIDWEST,WEST,FL",0,SUMMER,,late summer; halloween season; US school summer; UK summer,,rules,2026-09-13T06:17:30+00:00
2027-08-16,Mon,0,WEEKDAY,0,33,8,Aug,16,228,3,2027,LATE_SUMMER,,,0,0,0,0,0,,,21,Labor Day,43,Independence Day,HALLOWEEN_SEASON,WDW_HALLOWEEN,,SUMMER,"NE,SOUTH,MIDWEST,WEST,FL",0,SUMMER,,late summer; halloween season; US school summer; UK summer,,rules,2026-09-13T06:17:30+00:00
2027-08-17,Tue,1,WEEKDAY,0,33,8,Aug,17,229,3,2027,LATE_SUMMER,,,0,0,0,0,0,,,20,Labor Day,44,Independence Day,HALLOWEEN_SEASON,WDW_HALLOWEEN,,,,0,SUMMER,,late summer; halloween season; UK summer,,rules,2026-09-13T06:17:30+00:00
2027-08-18,Wed,2,WEEKDAY,0,33,8,Aug,18,230,3,2027,LATE_SUMMER,,,0,0,0,0,0,,,19,Labor Day,45,Independence Day,HALLOWEEN_SEASON,WDW_HALLOWEEN,,,,0,SUMMER,,late summer; halloween season; UK summer,,rules,2026-09-13T06:17:30+00:00
2027-08-19,Thu,3,WEEKDAY,0,33,8,Aug,19,231,3,2027,LATE_SUMMER,,,0,0,0,0,0,,,18,Labor Day,46,Independence Day,HALLOWEEN_SEASON,WDW_HALLOWEEN,,,,0,SUMMER,,late summer; halloween season; UK summer,,rules,2026-09-13T06:17:30+00:00
2027-08-20,Fri,4,FRI,0,33,8,Aug,20,232,3,2027,LATE_SUMMER,,,0,0,0,0,0,,,17,Labor Day,47,Independence Day,HALLOWEEN_SEASON,WDW_HALLOWEEN,,,,0,SUMMER,,late summer; halloween season; UK summer,,rules,2026-09-13T06:17:30+00:00
2027-08-21,Sat,5,SAT,1,33,8,Aug,21,233,3,2027,LATE_SUMMER,,,0,0,0,0,0,,,16,Labor Day,48,Independence Day,HALLOWEEN_SEASON,WDW_HALLOWEEN,,,,0,SUMMER,,late summer; halloween season; UK summer,,rules,2026-09-13T06:17:30+00:00
2027-08-22,Sun,6,SUN,1,33,8,Aug,22,234,3,2027,LATE_SUMMER,,,0,0,0,0,0,,,15,Labor Day,49,Independence Day,HALLOWEEN_SEASON,WDW_HALLOWEEN,,,,0,SUMMER,,late summer; halloween season; UK summer,,rules,2026-09-13T06:17:30+00:00
2027-08-23,Mon,0,WEEKDAY,0,34,8,Aug,23,235,3,2027,LATE_SUMMER,,,0,0,0,0,0,,,14,Labor Day,50,Independence Day,HALLOWEEN_SEASON,WDW_HALLOWEEN,,,,0,SUMMER,,late summer; halloween season; UK summer,,rules,2026-09-13T06:17:30+00:00
2027-08-24,Tue,1,WEEKDAY,0,34,8,Aug,24,236,3,2027,LATE_SUMMER,,,0,0,0,0,0,,,13,Labor Day,51,Independence Day,HALLOWEEN_SEASON,WDW_HALLOWEEN,,,,0,SUMMER,,late summer; halloween season; UK summer,,rules,2026-09-13T06:17:30+00:00
2027-08-25,Wed,2,WEEKDAY,0,34,8,Aug,25,237,3,2027,LATE_SUMMER,,,0,0,0,0,0,,,12,Labor Day,52,Independence Day,HALLOWEEN_SEASON,WDW_HALLOWEEN,,,,0,SUMMER,,late summer; halloween season; UK summer,,rules,2026-09-13T06:17:30+00:00
2027-08-26,Thu,3,WEEKDAY,0,34,8,Aug,26,238,3,2027,LATE_SUMMER,,,0,0,0,0,0,,,11,Labor Day,53,Independence Day,HALLOWEEN_SEASON,WDW_HALLOWEEN,,,,0,SUMMER,,late summer; halloween season; UK summer,,rules,2026-09-13T06:17:30+00:00
2027-08-27,Fri,4,FRI,0,34,8,Aug,27,239,3,2027,LATE_SUMMER,,,0,0,0,0,0,LABOR,-10,10,Labor Day,54,Independence Day,HALLOWEEN_SEASON,WDW_HALLOWEEN,FOOD_AND_WINE,,,0,SUMMER,,late summer; halloween season; EPCOT Food And Wine; UK summer,,rules,2026-09-13T06:17:30+00:00
2027-08-28,Sat,5,SAT,1,34,8,Aug,28,240,3,2027,LATE_SUMMER,,,0,0,0,0,0,LABOR,-9,9,Labor Day,55,Independence Day,HALLOWEEN_SEASON,WDW_HALLOWEEN,FOOD_AND_WINE,,,0,SUMMER,,late summer; halloween season; EPCOT Food And Wine; UK summer,,rules,2026-09-13T06:17:30+00:00
2027-08-29,Sun,6,SUN,1,34,8,Aug,29,241,3,2027,LATE_SUMMER,,,0,0,0,0,0,LABOR,-8,8,Labor Day,56,Independence Day,HALLOWEEN_SEASON,"UOR_HHN,WDW_HALLOWEEN",FOOD_AND_WINE,,,0,SUMMER,,late summer; halloween season; EPCOT Food And Wine; UK summer,,rules,2026-09-13T06:17:30+00:00
2027-08-30,Mon,0,WEEKDAY,0,35,8,Aug,30,242,3,2027,LATE_SUMMER,,,0,0,0,0,0,LABOR,-7,7,Labor Day,57,Independence Day,HALLOWEEN_SEASON,"UOR_HHN,WDW_HALLOWEEN",FOOD_AND_WINE,,,0,SUMMER,,late summer; halloween season; EPCOT Food And Wine; UK summer,,rules,2026-09-13T06:17:30+00:00
2027-08-31,Tue,1,WEEKDAY,0,35,8,Aug,31,243,3,2027,LATE_SUMMER,,,0,0,0,0,0,LABOR,-6,6,Labor Day,58,Independence Day,HALLOWEEN_SEASON,"UOR_HHN,WDW_HALLOWEEN",FOOD_AND_WINE,,,0,SUMMER,,late summer; halloween season; EPCOT Food And Wine; UK summer,,rules,2026-09-13T06:17:30+00:00
2027-09-01,Wed,2,WEEKDAY,0,35,9,Sep,1,244,3,2027,LATE_SUMMER,,,0,0,0,0,0,LABOR,-5,5,Labor Day,59,Independence Day,HALLOWEEN_SEASON,"UOR_HHN,WDW_HALLOWEEN",FOOD_AND_WINE,,,0,SUMMER,,late summer; halloween season; EPCOT Food And Wine; UK summer,,rules,2026-09-13T06:17:30+00:00
2027-09-02,Thu,3,WEEKDAY,0,35,9,Sep,2,245,3,2027,LATE_SUMMER,,,0,0,0,0,0,LABOR,-4,4,Labor Day,60,Independence Day,HALLOWEEN_SEASON,"UOR_HHN,WDW_HALLOWEEN",FOOD_AND_WINE,,,0,,,late summer; halloween season; EPCOT Food And Wine,,rules,2026-09-13T06:17:30+00:00
2027-09-03,Fri,4,FRI,0,35,9,Sep,3,246,3,2027,LABOR_WKND,,,0,0,0,1,0,LABOR,-3,3,Labor Day,61,Independence Day,HALLOWEEN_SEASON,"UOR_HHN,WDW_HALLOWEEN",FOOD_AND_WINE,,,0,,,long weekend; labor wknd; halloween season; EPCOT Food And Wine,,rules,2026-09-13T06:17:30+00:00
2027-09-04,Sat,5,SAT,1,35,9,Sep,4,247,3,2027,LABOR_WKND,,,0,0,0,1,0,LABOR,-2,2,Labor Day,62,Independence Day,HALLOWEEN_SEASON,"UOR_HHN,WDW_HALLOWEEN",FOOD_AND_WINE,,,0,,,long weekend; labor wknd; halloween season; EPCOT Food And Wine,,rules,2026-09-13T06:17:30+00:00
2027-09-05,Sun,6,SUN,1,35,9,Sep,5,248,3,2027,LABOR_WKND,,,0,1,0,1,0,LABOR,-1,1,Labor Day,63,Independence Day,HALLOWEEN_SEASON,"SEA_HOS,UOR_HHN,WDW_HALLOWEEN",FOOD_AND_WINE,,,0,,,long weekend; labor wknd; halloween season; EPCOT Food And Wine,,rules,2026-09-13T06:17:30+00:00
2027-09-06,Mon,0,WEEKDAY,0,36,9,Sep,6,249,3,2027,LABOR_WKND,Labor Day,federal,1,0,0,1,0,LABOR,0,35,Columbus Day,64,Independence Day,HALLOWEEN_SEASON,"SEA_HOS,UOR_HHN,WDW_HALLOWEEN",FOOD_AND_WINE,,,0,,,Labor Day; labor wknd; halloween season; EPCOT Food And Wine,,rules,2026-09-13T06:17:30+00:00
2027-09-07,Tue,1,WEEKDAY,0,36,9,Sep,7,250,3,2027,LABOR_WKND,,,0,0,1,0,0,LABOR,1,34,Columbus Day,1,Labor Day,HALLOWEEN_SEASON,"SEA_HOS,UOR_HHN,WDW_HALLOWEEN",FOOD_AND_WINE,,,0,,,labor wknd; halloween season; EPCOT Food And Wine,,rules,2026-09-13T06:17:30+00:00
2027-09-08,Wed,2,WEEKDAY,0,36,9,Sep,8,251,3,2027,FALL_OFFPEAK,,,0,0,0,0,0,LABOR,2,33,Columbus Day,2,Labor Day,HALLOWEEN_SEASON,"SEA_HOS,UOR_HHN,WDW_HALLOWEEN",FOOD_AND_WINE,,,0,,,fall offpeak; halloween season; EPCOT Food And Wine,,rules,2026-09-13T06:17:30+00:00
2027-09-09,Thu,3,WEEKDAY,0,36,9,Sep,9,252,3,2027,FALL_OFFPEAK,,,0,0,0,0,0,LABOR,3,32,Columbus Day,3,Labor Day,HALLOWEEN_SEASON,"SEA_HOS,UOR_HHN,WDW_HALLOWEEN",FOOD_AND_WINE,,,0,,,fall offpeak; halloween season; EPCOT Food And Wine,,rules,2026-09-13T06:17:30+00:00
2027-09-10,Fri,4,FRI,0,36,9,Sep,10,253,3,2027,FALL_OFFPEAK,,,0,0,0,0,0,LABOR,4,31,Columbus Day,4,Labor Day,HALLOWEEN_SEASON,"SEA_HOS,UOR_HHN,WDW_HALLOWEEN",FOOD_AND_WINE,,,0,,,fall offpeak; halloween season; EPCOT Food And Wine,,rules,2026-09-13T06:17:30+00:00
2027-09-11,Sat,5,SAT,1,36,9,Sep,11,254,3,2027,FALL_OFFPEAK,,,0,0,0,0,0,LABOR,5,30,Columbus Day,5,Labor Day,HALLOWEEN_SEASON,"SEA_HOS,UOR_HHN,WDW_HALLOWEEN",FOOD_AND_WINE,,,0,,,fall offpeak; halloween season; EPCOT Food And Wine,,rules,2026-09-13T06:17:30+00:00
2027-09-12,Sun,6,SUN,1,36,9,Sep,12,255,3,2027,FALL_OFFPEAK,,,0,0,0,0,0,LABOR,6,29,Columbus Day,6,Labor Day,HALLOWEEN_SEASON,"SEA_HOS,UOR_HHN,WDW_HALLOWEEN",FOOD_AND_WINE,,,0,,,fall offpeak; halloween season; EPCOT Food And Wine,,rules,2026-09-13T06:17:30+00:00
2027-09-13,Mon,0,WEEKDAY,0,37,9,Sep,13,256,3,2027,FALL_OFFPEAK,,,0,0,0,0,0,LABOR,7,28,Columbus Day,7,Labor Day,HALLOWEEN_SEASON,"SEA_HOS,UOR_HHN,WDW_HALLOWEEN",FOOD_AND_WINE,,,0,,,fall offpeak; halloween season; EPCOT Food And Wine,,rules,2026-09-13T06:17:30+00:00
2027-09-14,Tue,1,WEEKDAY,0,37,9,Sep,14,257,3,2027,FALL_OFFPEAK,,,0,0,0,0,0,LABOR,8,27,Columbus Day,8,Labor Day,HALLOWEEN_SEASON,"SEA_HOS,UOR_HHN,WDW_HALLOWEEN",FOOD_AND_WINE,,,0,,,fall offpeak; halloween season; EPCOT Food And Wine,,rules,2026-09-13T06:17:30+00:00
2027-09-15,Wed,2,WEEKDAY,0,37,9,Sep,15,258,3,2027,FALL_OFFPEAK,,,0,0,0,0,0,LABOR,9,26,Columbus Day,9,Labor Day,HALLOWEEN_SEASON,"SEA_HOS,UOR_HHN,WDW_HALLOWEEN",FOOD_AND_WINE,,,0,,,fall offpeak; halloween season; EPCOT Food And Wine,,rules,2026-09-13T06:17:30+00:00
2027-09-16,Thu,3,WEEKDAY,0,37,9,Sep,16,259,3,2027,FALL_OFFPEAK,,,0,0,0,0,0,LABOR,10,25,Columbus Day,10,Labor Day,HALLOWEEN_SEASON,"SEA_HOS,UOR_HHN,WDW_HALLOWEEN",FOOD_AND_WINE,,,0,,,fall offpeak; halloween season; EPCOT Food And Wine,,rules,2026-09-13T06:17:30+00:00
2027-09-17,Fri,4,FRI,0,37,9,Sep,17,260,3,2027,FALL_OFFPEAK,,,0,0,0,0,0,,,24,Columbus Day,11,Labor Day,HALLOWEEN_SEASON,"SEA_HOS,UOR_HHN,WDW_HALLOWEEN",FOOD_AND_WINE,,,0,,,fall offpeak; halloween season; EPCOT Food And Wine,,rules,2026-09-13T06:17:30+00:00
2027-09-18,Sat,5,SAT,1,37,9,Sep,18,261,3,2027,FALL_OFFPEAK,,,0,0,0,0,0,,,23,Columbus Day,12,Labor Day,HALLOWEEN_SEASON,"SEA_HOS,UOR_HHN,WDW_HALLOWEEN",FOOD_AND_WINE,,,0,,,fall offpeak; halloween season; EPCOT Food And Wine,,rules,2026-09-13T06:17:30+00:00
2027-09-19,Sun,6,SUN,1,37,9,Sep,19,262,3,2027,FALL_OFFPEAK,,,0,0,0,0,0,,,22,Columbus Day,13,Labor Day,HALLOWEEN_SEASON,"SEA_HOS,UOR_HHN,WDW_HALLOWEEN",FOOD_AND_WINE,,,0,,,fall offpeak; halloween season; EPCOT Food And Wine,,rules,2026-09-13T06:17:30+00:00
2027-09-20,Mon,0,WEEKDAY,0,38,9,Sep,20,263,3,2027,FALL_OFFPEAK,,,0,0,0,0,0,,,21,Columbus Day,14,Labor Day,HALLOWEEN_SEASON,"SEA_HOS,UOR_HHN,WDW_HALLOWEEN",FOOD_AND_WINE,,,0,,,fall offpeak; halloween season; EPCOT Food And Wine,,rules,2026-09-13T06:17:30+00:00
2027-09-21,Tue,1,WEEKDAY,0,38,9,Sep,21,264,3,2027,FALL_OFFPEAK,,,0,0,0,0,0,,,20,Columbus Day,15,Labor Day,HALLOWEEN_SEASON,"SEA_HOS,UOR_HHN,WDW_HALLOWEEN",FOOD_AND_WINE,,,0,,,fall offpeak; halloween season; EPCOT Food And Wine,,rules,2026-09-13T06:17:30+00:00
2027-09-22,Wed,2,WEEKDAY,0,38,9,Sep,22,265,3,2027,FALL_OFFPEAK,,,0,0,0,0,0,,,19,Columbus Day,16,Labor Day,HALLOWEEN_SEASON,"SEA_HOS,UOR_HHN,WDW_HALLOWEEN",FOOD_AND_WINE,,,0,,,fall offpeak; halloween season; EPCOT Food And Wine,,rules,2026-09-13T06:17:30+00:00
2027-09-23,Thu,3,WEEKDAY,0,38,9,Sep,23,266,3,2027,FALL_OFFPEAK,,,0,0,0,0,0,,,18,Columbus Day,17,Labor Day,HALLOWEEN_SEASON,"SEA_HOS,UOR_HHN,WDW_HALLOWEEN",FOOD_AND_WINE,,,0,,,fall offpeak; halloween season; EPCOT Food And Wine,,rules,2026-09-13T06:17:30+00:00
2027-09-24,Fri,4,FRI,0,38,9,Sep,24,267,3,2027,FALL_OFFPEAK,,,0,0,0,0,0,,,17,Columbus Day,18,Labor Day,HALLOWEEN_SEASON,"SEA_HOS,UOR_HHN,WDW_HALLOWEEN",FOOD_AND_WINE,,,0,,,fall offpeak; halloween season; EPCOT Food And Wine,,rules,2026-09-13T06:17:30+00:00
2027-09-25,Sat,5,SAT,1,38,9,Sep,25,268,3,2027,FALL_OFFPEAK,,,0,0,0,0,0,,,16,Columbus Day,19,Labor Day,HALLOWEEN_SEASON,"SEA_HOS,UOR_HHN,WDW_HALLOWEEN",FOOD_AND_WINE,,,0,,,fall offpeak; halloween season; EPCOT Food And Wine,,rules,2026-09-13T06:17:30+00:00
2027-09-26,Sun,6,SUN,1,38,9,Sep,26,269,3,2027,FALL_OFFPEAK,,,0,0,0,0,0,,,15,Columbus Day,20,Labor Day,HALLOWEEN_SEASON,"SEA_HOS,UOR_HHN,WDW_HALLOWEEN",FOOD_AND_WINE,,,0,,,fall offpeak; halloween season; EPCOT Food And Wine,,rules,2026-09-13T06:17:30+00:00
2027-09-27,Mon,0,WEEKDAY,0,39,9,Sep,27,270,3,2027,FALL_OFFPEAK,,,0,0,0,0,0,,,14,Columbus Day,21,Labor Day,HALLOWEEN_SEASON,"SEA_HOS,UOR_HHN,WDW_HALLOWEEN",FOOD_AND_WINE,,,0,,,fall offpeak; halloween season; EPCOT Food And Wine,,rules,2026-09-13T06:17:30+00:00
2027-09-28,Tue,1,WEEKDAY,0,39,9,Sep,28,271,3,2027,FALL_OFFPEAK,,,0,0,0,0,0,,,13,Columbus Day,22,Labor Day,HALLOWEEN_SEASON,"SEA_HOS,UOR_HHN,WDW_HALLOWEEN",FOOD_AND_WINE,,,0,,,fall offpeak; halloween season; EPCOT Food And Wine,,rules,2026-09-13T06:17:30+00:00
2027-09-29,Wed,2,WEEKDAY,0,39,9,Sep,29,272,3,2027,FALL_OFFPEAK,,,0,0,0,0,0,,,12,Columbus Day,23,Labor Day,HALLOWEEN_SEASON,"SEA_HOS,UOR_HHN,WDW_HALLOWEEN",FOOD_AND_WINE,,,0,,,fall offpeak; halloween season; EPCOT Food And Wine,,rules,2026-09-13T06:17:30+00:00
2027-09-30,Thu,3,WEEKDAY,0,39,9,Sep,30,273,3,2027,FALL_OFFPEAK,,,0,0,0,0,0,,,11,Columbus Day,24,Labor Day,HALLOWEEN_SEASON,"SEA_HOS,UOR_HHN,WDW_HALLOWEEN",FOOD_AND_WINE,,,0,,,fall offpeak; halloween season; EPCOT Food And Wine,,rules,2026-09-13T06:17:30+00:00
2027-10-01,Fri,4,FRI,0,39,10,Oct,1,274,4,2027,FALL_OFFPEAK,,,0,0,0,0,0,COLUMBUS,-10,10,Columbus Day,25,Labor Day,HALLOWEEN_SEASON,"SEA_HOS,UOR_HHN,WDW_HALLOWEEN",FOOD_AND_WINE,,,0,,,fall offpeak; halloween season; EPCOT Food And Wine,,rules,2026-09-13T06:17:30+00:00
2027-10-02,Sat,5,SAT,1,39,10,Oct,2,275,4,2027,FALL_OFFPEAK,,,0,0,0,0,0,COLUMBUS,-9,9,Columbus Day,26,Labor Day,HALLOWEEN_SEASON,"SEA_HOS,UOR_HHN,WDW_HALLOWEEN",FOOD_AND_WINE,,,0,,,fall offpeak; halloween season; EPCOT Food And Wine,,rules,2026-09-13T06:17:30+00:00
2027-10-03,Sun,6,SUN,1,39,10,Oct,3,276,4,2027,FALL_OFFPEAK,,,0,0,0,0,0,COLUMBUS,-8,8,Columbus Day,27,Labor Day,HALLOWEEN_SEASON,"SEA_HOS,UOR_HHN,WDW_HALLOWEEN",FOOD_AND_WINE,,,0,,,fall offpeak; halloween season; EPCOT Food And Wine,,rules,2026-09-13T06:17:30+00:00
2027-10-04,Mon,0,WEEKDAY,0,40,10,Oct,4,277,4,2027,FALL_OFFPEAK,,,0,0,0,0,0,COLUMBUS,-7,7,Columbus Day,28,Labor Day,HALLOWEEN_SEASON,"SEA_HOS,UOR_HHN,WDW_HALLOWEEN",FOOD_AND_WINE,,,0,,,fall offpeak; halloween season; EPCOT Food And Wine,,rules,2026-09-13T06:17:30+00:00
2027-10-05,Tue,1,WEEKDAY,0,40,10,Oct,5,278,4,2027,FALL_OFFPEAK,,,0,0,0,0,0,COLUMBUS,-6,6,Columbus Day,29,Labor Day,HALLOWEEN_SEASON,"SEA_HOS,UOR_HHN,WDW_HALLOWEEN",FOOD_AND_WINE,,,0,,,fall offpeak; halloween season; EPCOT Food And Wine,,rules,2026-09-13T06:17:30+00:00
2027-10-06,Wed,2,WEEKDAY,0,40,10,Oct,6,279,4,2027,FALL_OFFPEAK,,,0,0,0,0,0,COLUMBUS,-5,5,Columbus Day,30,Labor Day,HALLOWEEN_SEASON,"SEA_HOS,UOR_HHN,WDW_HALLOWEEN",FOOD_AND_WINE,,,0,,,fall offpeak; halloween season; EPCOT Food And Wine,,rules,2026-09-13T06:17:30+00:00
2027-10-07,Thu,3,WEEKDAY,0,40,10,Oct,7,280,4,2027,FALL_OFFPEAK,,,0,0,0,0,0,COLUMBUS,-4,4,Columbus Day,31,Labor Day,HALLOWEEN_SEASON,"SEA_HOS,UOR_HHN,WDW_HALLOWEEN",FOOD_AND_WINE,,,0,,,fall offpeak; halloween season; EPCOT Food And Wine,,rules,2026-09-13T06:17:30+00:00
2027-10-08,Fri,4,FRI,0,40,10,Oct,8,281,4,2027,FALL_OFFPEAK,,,0,0,0,1,0,COLUMBUS,-3,3,Columbus Day,32,Labor Day,HALLOWEEN_SEASON,"SEA_HOS,UOR_HHN,WDW_HALLOWEEN",FOOD_AND_WINE,,,0,,,long weekend; fall offpeak; halloween season; EPCOT Food And Wine,,rules,2026-09-13T06:17:30+00:00
2027-10-09,Sat,5,SAT,1,40,10,Oct,9,282,4,2027,FALL_OFFPEAK,,,0,0,0,1,0,COLUMBUS,-2,2,Columbus Day,33,Labor Day,HALLOWEEN_SEASON,"SEA_HOS,UOR_HHN,WDW_HALLOWEEN",FOOD_AND_WINE,,,0,,,long weekend; fall offpeak; halloween season; EPCOT Food And Wine,,rules,2026-09-13T06:17:30+00:00
2027-10-10,Sun,6,SUN,1,40,10,Oct,10,283,4,2027,FALL_OFFPEAK,,,0,1,0,1,0,COLUMBUS,-1,1,Columbus Day,34,Labor Day,HALLOWEEN_SEASON,"SEA_HOS,UOR_HHN,WDW_HALLOWEEN",FOOD_AND_WINE,,,0,,,long weekend; fall offpeak; halloween season; EPCOT Food And Wine,,rules,2026-09-13T06:17:30+00:00
2027-10-11,Mon,0,WEEKDAY,0,41,10,Oct,11,284,4,2027,FALL_OFFPEAK,Columbus Day,federal,1,0,0,1,0,COLUMBUS,0,31,Veterans Day,35,Labor Day,HALLOWEEN_SEASON,"SEA_HOS,UOR_HHN,WDW_HALLOWEEN",FOOD_AND_WINE,,,0,,,Columbus Day; fall offpeak; halloween season; EPCOT Food And Wine,,rules,2026-09-13T06:17:30+00:00
2027-10-12,Tue,1,WEEKDAY,0,41,10,Oct,12,285,4,2027,FALL_OFFPEAK,,,0,0,1,0,0,COLUMBUS,1,30,Veterans Day,1,Columbus Day,HALLOWEEN_SEASON,"SEA_HOS,UOR_HHN,WDW_HALLOWEEN",FOOD_AND_WINE,,,0,,,fall offpeak; halloween season; EPCOT Food And Wine,,rules,2026-09-13T06:17:30+00:00
2027-10-13,Wed,2,WEEKDAY,0,41,10,Oct,13,286,4,2027,FALL_OFFPEAK,,,0,0,0,0,0,COLUMBUS,2,29,Veterans Day,2,Columbus Day,HALLOWEEN_SEASON,"SEA_HOS,UOR_HHN,WDW_HALLOWEEN",FOOD_AND_WINE,,,0,,,fall offpeak; halloween season; EPCOT Food And Wine,,rules,2026-09-13T06:17:30+00:00
2027-10-14,Thu,3,WEEKDAY,0,41,10,Oct,14,287,4,2027,FALL_OFFPEAK,,,0,0,0,0,0,COLUMBUS,3,28,Veterans Day,3,Columbus Day,HALLOWEEN_SEASON,"SEA_HOS,UOR_HHN,WDW_HALLOWEEN",FOOD_AND_WINE,,,0,,,fall offpeak; halloween season; EPCOT Food And Wine,,rules,2026-09-13T06:17:30+00:00
2027-10-15,Fri,4,FRI,0,41,10,Oct,15,288,4,2027,FALL_OFFPEAK,,,0,0,0,0,0,COLUMBUS,4,27,Veterans Day,4,Columbus Day,HALLOWEEN_SEASON,"SEA_HOS,UOR_HHN,WDW_HALLOWEEN",FOOD_AND_WINE,,,0,,,fall offpeak; halloween season; EPCOT Food And Wine,,rules,2026-09-13T06:17:30+00:00
2027-10-16,Sat,5,SAT,1,41,10,Oct,16,289,4,2027,FALL_OFFPEAK,,,0,0,0,0,0,COLUMBUS,5,26,Veterans Day,5,Columbus Day,HALLOWEEN_SEASON,"SEA_HOS,UOR_HHN,WDW_HALLOWEEN",FOOD_AND_WINE,,,0,,,fall offpeak; halloween season; EPCOT Food And Wine,,rules,2026-09-13T06:17:30+00:00
2027-10-17,Sun,6,SUN,1,41,10,Oct,17,290,4,2027,FALL_OFFPEAK,,,0,0,0,0,0,COLUMBUS,6,25,Veterans Day,6,Columbus Day,HALLOWEEN_SEASON,"SEA_HOS,UOR_HHN,WDW_HALLOWEEN",FOOD_AND_WINE,,,0,,,fall offpeak; halloween season; EPCOT Food And Wine,,rules,2026-09-13T06:17:30+00:00
2027-10-18,Mon,0,WEEKDAY,0,42,10,Oct,18,291,4,2027,FALL_OFFPEAK,,,0,0,0,0,0,COLUMBUS,7,24,Veterans Day,7,Columbus Day,HALLOWEEN_SEASON,"SEA_HOS,UOR_HHN,WDW_HALLOWEEN",FOOD_AND_WINE,,,0,,,fall offpeak; halloween season; EPCOT Food And Wine,,rules,2026-09-13T06:17:30+00:00
2027-10-19,Tue,1,WEEKDAY,0,42,10,Oct,19,292,4,2027,FALL_OFFPEAK,,,0,0,0,0,0,COLUMBUS,8,23,Veterans Day,8,Columbus Day,HALLOWEEN_SEASON,"SEA_HOS,UOR_HHN,WDW_HALLOWEEN",FOOD_AND_WINE,,,0,,,fall offpeak; halloween season; EPCOT Food And Wine,,rules,2026-09-13T06:17:30+00:00
2027-10-20,Wed,2,WEEKDAY,0,42,10,Oct,20,293,4,2027,FALL_OFFPEAK,,,0,0,0,0,0,COLUMBUS,9,22,Veterans Day,9,Columbus Day,HALLOWEEN_SEASON,"SEA_HOS,UOR_HHN,WDW_HALLOWEEN",FOOD_AND_WINE,,,0,,,fall offpeak; halloween season; EPCOT Food And Wine,,rules,2026-09-13T06:17:30+00:00
2027-10-21,Thu,3,WEEKDAY,0,42,10,Oct,21,294,4,2027,FALL_OFFPEAK,,,0,0,0,0,0,COLUMBUS,10,21,Veterans Day,10,Columbus Day,HALLOWEEN_SEASON,"SEA_HOS,UOR_HHN,WDW_HALLOWEEN",FOOD_AND_WINE,,,0,,,fall offpeak; halloween season; EPCOT Food And Wine,,rules,2026-09-13T06:17:30+00:00
2027-10-22,Fri,4,FRI,0,42,10,Oct,22,295,4,2027,FALL_OFFPEAK,,,0,0,0,0,0,HALLOWEEN,-9,20,Veterans Day,11,Columbus Day,HALLOWEEN_SEASON,"SEA_HOS,UOR_HHN,WDW_HALLOWEEN",FOOD_AND_WINE,,,0,,,fall offpeak; halloween season; EPCOT Food And Wine,,rules,2026-09-13T06:17:30+00:00
2027-10-23,Sat,5,SAT,1,42,10,Oct,23,296,4,2027,FALL_OFFPEAK,,,0,0,0,0,0,HALLOWEEN,-8,19,Veterans Day,12,Columbus Day,HALLOWEEN_SEASON,"SEA_HOS,UOR_HHN,WDW_HALLOWEEN",FOOD_AND_WINE,,,0,,,fall offpeak; halloween season; EPCOT Food And Wine,,rules,2026-09-13T06:17:30+00:00
2027-10-24,Sun,6,SUN,1,42,10,Oct,24,297,4,2027,FALL_OFFPEAK,,,0,0,0,0,0,HALLOWEEN,-7,18,Veterans Day,13,Columbus Day,HALLOWEEN_SEASON,"SEA_HOS,UOR_HHN,WDW_HALLOWEEN",FOOD_AND_WINE,,,0,OCT_HALF_TERM,,fall offpeak; halloween season; EPCOT Food And Wine; UK oct half term,,rules,2026-09-13T06:17:30+00:00
2027-10-25,Mon,0,WEEKDAY,0,43,10,Oct,25,298,4,2027,FALL_OFFPEAK,,,0,0,0,0,0,HALLOWEEN,-6,17,Veterans Day,14,Columbus Day,HALLOWEEN_SEASON,"SEA_HOS,UOR_HHN,WDW_HALLOWEEN",FOOD_AND_WINE,,,0,OCT_HALF_TERM,,fall offpeak; halloween season; EPCOT Food And Wine; UK oct half term,,rules,2026-09-13T06:17:30+00:00
2027-10-26,Tue,1,WEEKDAY,0,43,10,Oct,26,299,4,2027,FALL_OFFPEAK,,,0,0,0,0,0,HALLOWEEN,-5,16,Veterans Day,15,Columbus Day,HALLOWEEN_SEASON,"SEA_HOS,UOR_HHN,WDW_HALLOWEEN",FOOD_AND_WINE,,,0,OCT_HALF_TERM,,fall offpeak; halloween season; EPCOT Food And Wine; UK oct half term,,rules,2026-09-13T06:17:30+00:00
2027-10-27,Wed,2,WEEKDAY,0,43,10,Oct,27,300,4,2027,FALL_OFFPEAK,,,0,0,0,0,0,HALLOWEEN,-4,15,Veterans Day,16,Columbus Day,HALLOWEEN_SEASON,"SEA_HOS,UOR_HHN,WDW_HALLOWEEN",FOOD_AND_WINE,,,0,OCT_HALF_TERM,,fall offpeak; halloween season; EPCOT Food And Wine; UK oct half term,,rules,2026-09-13T06:17:30+00:00
2027-10-28,Thu,3,WEEKDAY,0,43,10,Oct,28,301,4,2027,FALL_OFFPEAK,,,0,0,0,0,0,HALLOWEEN,-3,14,Veterans Day,17,Columbus Day,HALLOWEEN_SEASON,"SEA_HOS,UOR_HHN,WDW_HALLOWEEN",FOOD_AND_WINE,,,0,OCT_HALF_TERM,,fall offpeak; halloween season; EPCOT Food And Wine; UK oct half term,,rules,2026-09-13T06:17:30+00:00
2027-10-29,Fri,4,FRI,0,43,10,Oct,29,302,4,2027,FALL_OFFPEAK,,,0,0,0,0,0,HALLOWEEN,-2,13,Veterans Day,18,Columbus Day,HALLOWEEN_SEASON,"SEA_HOS,UOR_HHN,WDW_HALLOWEEN",FOOD_AND_WINE,,,0,OCT_HALF_TERM,,fall offpeak; halloween season; EPCOT Food And Wine; UK oct half term,,rules,2026-09-13T06:17:30+00:00
2027-10-30,Sat,5,SAT,1,43,10,Oct,30,303,4,2027,FALL_OFFPEAK,,,0,0,0,0,0,HALLOWEEN,-1,12,Veterans Day,19,Columbus Day,HALLOWEEN_SEASON,"SEA_HOS,UOR_HHN,WDW_HALLOWEEN",FOOD_AND_WINE,,,0,OCT_HALF_TERM,,fall offpeak; halloween season; EPCOT Food And Wine; UK oct half term,,rules,2026-09-13T06:17:30+00:00
2027-10-31,Sun,6,SUN,1,43,10,Oct,31,304,4,2027,FALL_OFFPEAK,,,0,0,0,0,0,HALLOWEEN,0,11,Veterans Day,20,Columbus Day,HALLOWEEN_SEASON,"SEA_HOS,UOR_HHN,WDW_HALLOWEEN",FOOD_AND_WINE,,,0,OCT_HALF_TERM,,fall offpeak; halloween season; EPCOT Food And Wine; UK oct half term,,rules,2026-09-13T06:17:30+00:00
2027-11-01,Mon,0,WEEKDAY,0,44,11,Nov,1,305,4,2027,FALL_OFFPEAK,,,0,0,0,0,0,HALLOWEEN,1,10,Veterans Day,21,Columbus Day,,"SEA_HOS,UOR_HHN",FOOD_AND_WINE,,,0,,,fall offpeak; EPCOT Food And Wine,,rules,2026-09-13T06:17:30+00:00
2027-11-02,Tue,1,WEEKDAY,0,44,11,Nov,2,306,4,2027,FALL_OFFPEAK,,,0,0,0,0,0,HALLOWEEN,2,9,Veterans Day,22,Columbus Day,,"SEA_HOS,UOR_HHN",FOOD_AND_WINE,,,0,,,fall offpeak; EPCOT Food And Wine,,rules,2026-09-13T06:17:30+00:00
2027-11-03,Wed,2,WEEKDAY,0,44,11,Nov,3,307,4,2027,FALL_OFFPEAK,,,0,0,0,0,0,HALLOWEEN,3,8,Veterans Day,23,Columbus Day,,,FOOD_AND_WINE,,,0,,,fall offpeak; EPCOT Food And Wine,,rules,2026-09-13T06:17:30+00:00
2027-11-04,Thu,3,WEEKDAY,0,44,11,Nov,4,308,4,2027,FALL_OFFPEAK,,,0,0,0,0,0,HALLOWEEN,4,7,Veterans Day,24,Columbus Day,,,FOOD_AND_WINE,,,0,,,fall offpeak; EPCOT Food And Wine,,rules,2026-09-13T06:17:30+00:00
2027-11-05,Fri,4,FRI,0,44,11,Nov,5,309,4,2027,JERSEY_WEEK,,,0,0,0,0,0,HALLOWEEN,5,6,Veterans Day,25,Columbus Day,,,FOOD_AND_WINE,,,0,,,jersey week; EPCOT Food And Wine,,rules,2026-09-13T06:17:30+00:00
2027-11-06,Sat,5,SAT,1,44,11,Nov,6,310,4,2027,JERSEY_WEEK,,,0,0,0,0,0,HALLOWEEN,6,5,Veterans Day,26,Columbus Day,,,FOOD_AND_WINE,,,0,,,jersey week; EPCOT Food And Wine,,rules,2026-09-13T06:17:30+00:00
2027-11-07,Sun,6,SUN,1,44,11,Nov,7,311,4,2027,JERSEY_WEEK,,,0,0,0,0,0,HALLOWEEN,7,4,Veterans Day,27,Columbus Day,,,FOOD_AND_WINE,,,0,,,jersey week; EPCOT Food And Wine,,rules,2026-09-13T06:17:30+00:00
2027-11-08,Mon,0,WEEKDAY,0,45,11,Nov,8,312,4,2027,JERSEY_WEEK,,,0,0,0,0,0,HALLOWEEN,8,3,Veterans Day,28,Columbus Day,HOLIDAY_SEASON,WDW_HOLIDAY,FOOD_AND_WINE,,,0,,,jersey week; holiday season; EPCOT Food And Wine,,rules,2026-09-13T06:17:30+00:00
2027-11-09,Tue,1,WEEKDAY,0,45,11,Nov,9,313,4,2027,JERSEY_WEEK,,,0,0,0,0,0,HALLOWEEN,9,2,Veterans Day,29,Columbus Day,HOLIDAY_SEASON,WDW_HOLIDAY,FOOD_AND_WINE,,,0,,,jersey week; holiday season; EPCOT Food And Wine,,rules,2026-09-13T06:17:30+00:00
2027-11-10,Wed,2,WEEKDAY,0,45,11,Nov,10,314,4,2027,JERSEY_WEEK,,,0,1,0,0,0,HALLOWEEN,10,1,Veterans Day,30,Columbus Day,HOLIDAY_SEASON,WDW_HOLIDAY,FOOD_AND_WINE,,,0,,,jersey week; holiday season; EPCOT Food And Wine,,rules,2026-09-13T06:17:30+00:00
2027-11-11,Thu,3,WEEKDAY,0,45,11,Nov,11,315,4,2027,JERSEY_WEEK,Veterans Day,federal,1,0,0,0,0,,,14,Thanksgiving Day,31,Columbus Day,HOLIDAY_SEASON,WDW_HOLIDAY,FOOD_AND_WINE,,,0,,,Veterans Day; jersey week; holiday season; EPCOT Food And Wine,,rules,2026-09-13T06:17:30+00:00
2027-11-12,Fri,4,FRI,0,45,11,Nov,12,316,4,2027,JERSEY_WEEK,,,0,0,1,0,1,,,13,Thanksgiving Day,1,Veterans Day,HOLIDAY_SEASON,WDW_HOLIDAY,FOOD_AND_WINE,,,0,,,jersey week; holiday season; EPCOT Food And Wine,,rules,2026-09-13T06:17:30+00:00
2027-11-13,Sat,5,SAT,1,45,11,Nov,13,317,4,2027,JERSEY_WEEK,,,0,0,0,0,0,,,12,Thanksgiving Day,2,Veterans Day,HOLIDAY_SEASON,WDW_HOLIDAY,FOOD_AND_WINE,,,0,,,jersey week; holiday season; EPCOT Food And Wine,,rules,2026-09-13T06:17:30+00:00
2027-11-14,Sun,6,SUN,1,45,11,Nov,14,318,4,2027,JERSEY_WEEK,,,0,0,0,0,0,,,11,Thanksgiving Day,3,Veterans Day,HOLIDAY_SEASON,"SEA_CHRISTMAS,WDW_HOLIDAY",FOOD_AND_WINE,,,0,,,jersey week; holiday season; EPCOT Food And Wine,,rules,2026-09-13T06:17:30+00:00
2027-11-15,Mon,0,WEEKDAY,0,46,11,Nov,15,319,4,2027,REGULAR,,,0,0,0,0,0,THANKSGIVING,-10,10,Thanksgiving Day,4,Veterans Day,HOLIDAY_SEASON,"SEA_CHRISTMAS,UOR_HOLIDAY,WDW_HOLIDAY",FOOD_AND_WINE,,,0,,,holiday season; EPCOT Food And Wine,,rules,2026-09-13T06:17:30+00:00
2027-11-16,Tue,1,WEEKDAY,0,46,11,Nov,16,320,4,2027,REGULAR,,,0,0,0,0,0,THANKSGIVING,-9,9,Thanksgiving Day,5,Veterans Day,HOLIDAY_SEASON,"SEA_CHRISTMAS,UOR_HOLIDAY,WDW_HOLIDAY",FOOD_AND_WINE,,,0,,,holiday season; EPCOT Food And Wine,,rules,2026-09-13T06:17:30+00:00
2027-11-17,Wed,2,WEEKDAY,0,46,11,Nov,17,321,4,2027,REGULAR,,,0,0,0,0,0,THANKSGIVING,-8,8,Thanksgiving Day,6,Veterans Day,HOLIDAY_SEASON,"SEA_CHRISTMAS,UOR_HOLIDAY,WDW_HOLIDAY",FOOD_AND_WINE,,,0,,,holiday season; EPCOT Food And Wine,,rules,2026-09-13T06:17:30+00:00
2027-11-18,Thu,3,WEEKDAY,0,46,11,Nov,18,322,4,2027,REGULAR,,,0,0,0,0,0,THANKSGIVING,-7,7,Thanksgiving Day,7,Veterans Day,HOLIDAY_SEASON,"SEA_CHRISTMAS,UOR_HOLIDAY,WDW_HOLIDAY",FOOD_AND_WINE,,,0,,,holiday season; EPCOT Food And Wine,,rules,2026-09-13T06:17:30+00:00
2027-11-19,Fri,4,FRI,0,46,11,Nov,19,323,4,2027,REGULAR,,,0,0,0,0,0,THANKSGIVING,-6,6,Thanksgiving Day,8,Veterans Day,HOLIDAY_SEASON,"SEA_CHRISTMAS,UOR_HOLIDAY,WDW_HOLIDAY",FOOD_AND_WINE,,,0,,,holiday season; EPCOT Food And Wine,,rules,2026-09-13T06:17:30+00:00
2027-11-20,Sat,5,SAT,1,46,11,Nov,20,324,4,2027,REGULAR,,,0,0,0,0,0,THANKSGIVING,-5,5,Thanksgiving Day,9,Veterans Day,HOLIDAY_SEASON,"SEA_CHRISTMAS,UOR_HOLIDAY,WDW_HOLIDAY",FOOD_AND_WINE,,,0,,,holiday season; EPCOT Food And Wine,,rules,2026-09-13T06:17:30+00:00
2027-11-21,Sun,6,SUN,1,46,11,Nov,21,325,4,2027,REGULAR,,,0,0,0,0,0,THANKSGIVING,-4,4,Thanksgiving Day,10,Veterans Day,HOLIDAY_SEASON,"SEA_CHRISTMAS,UOR_HOLIDAY,WDW_HOLIDAY",FOOD_AND_WINE,,,0,,,holiday season; EPCOT Food And Wine,,rules,2026-09-13T06:17:30+00:00
2027-11-22,Mon,0,WEEKDAY,0,47,11,Nov,22,326,4,2027,REGULAR,,,0,0,0,0,0,THANKSGIVING,-3,3,Thanksgiving Day,11,Veterans Day,HOLIDAY_SEASON,"SEA_CHRISTMAS,UOR_HOLIDAY,WDW_HOLIDAY",FOOD_AND_WINE,,,0,,,holiday season; EPCOT Food And Wine,,rules,2026-09-13T06:17:30+00:00
2027-11-23,Tue,1,WEEKDAY,0,47,11,Nov,23,327,4,2027,THANKSGIVING_WK,,,0,0,0,0,0,THANKSGIVING,-2,2,Thanksgiving Day,12,Veterans Day,HOLIDAY_SEASON,"SEA_CHRISTMAS,UOR_HOLIDAY,WDW_HOLIDAY",,,,0,,,thanksgiving wk; holiday season,,rules,2026-09-13T06:17:30+00:00
2027-11-24,Wed,2,WEEKDAY,0,47,11,Nov,24,328,4,2027,THANKSGIVING_WK,,,0,1,0,0,0,THANKSGIVING,-1,1,Thanksgiving Day,13,Veterans Day,HOLIDAY_SEASON,"SEA_CHRISTMAS,UOR_HOLIDAY,WDW_HOLIDAY",,THANKSGIVING,"NE,SOUTH,MIDWEST,WEST,FL",0,,,thanksgiving wk; holiday season; US school thanksgiving,,rules,2026-09-13T06:17:30+00:00
2027-11-25,Thu,3,WEEKDAY,0,47,11,Nov,25,329,4,2027,THANKSGIVING_WK,Thanksgiving Day,federal,1,0,0,1,0,THANKSGIVING,0,30,Christmas Day,14,Veterans Day,HOLIDAY_SEASON,"SEA_CHRISTMAS,UOR_HOLIDAY,WDW_HOLIDAY",,THANKSGIVING,"NE,SOUTH,MIDWEST,WEST,FL",0,,,Thanksgiving Day; thanksgiving wk; holiday season; US school thanksgiving,,rules,2026-09-13T06:17:30+00:00
2027-11-26,Fri,4,FRI,0,47,11,Nov,26,330,4,2027,THANKSGIVING_WK,,,0,0,1,1,1,THANKSGIVING,1,29,Christmas Day,1,Thanksgiving Day,HOLIDAY_SEASON,"SEA_CHRISTMAS,UOR_HOLIDAY,WDW_HOLIDAY",,THANKSGIVING,"NE,SOUTH,MIDWEST,WEST,FL",0,,,long weekend; thanksgiving wk; holiday season; US school thanksgiving,,rules,2026-09-13T06:17:30+00:00
2027-11-27,Sat,5,SAT,1,47,11,Nov,27,331,4,2027,THANKSGIVING_WK,,,0,0,0,1,0,THANKSGIVING,2,28,Christmas Day,2,Thanksgiving Day,HOLIDAY_SEASON,"SEA_CHRISTMAS,UOR_HOLIDAY,WDW_HOLIDAY",,THANKSGIVING,"NE,SOUTH,MIDWEST,WEST,FL",0,,,long weekend; thanksgiving wk; holiday season; US school thanksgiving,,rules,2026-09-13T06:17:30+00:00
2027-11-28,Sun,6,SUN,1,47,11,Nov,28,332,4,2027,THANKSGIVING_WK,,,0,0,0,1,0,THANKSGIVING,3,27,Christmas Day,3,Thanksgiving Day,HOLIDAY_SEASON,"SEA_CHRISTMAS,UOR_HOLIDAY,WDW_HOLIDAY",HOLIDAYS,,,0,,,long weekend; thanksgiving wk; holiday season; EPCOT Holidays,,rules,2026-09-13T06:17:30+00:00
2027-11-29,Mon,0,WEEKDAY,0,48,11,Nov,29,333,4,2027,THANKSGIVING_WK,,,0,0,0,0,0,THANKSGIVING,4,26,Christmas Day,4,Thanksgiving Day,HOLIDAY_SEASON,"SEA_CHRISTMAS,UOR_HOLIDAY,WDW_HOLIDAY",HOLIDAYS,,,0,,,thanksgiving wk; holiday season; EPCOT Holidays,,rules,2026-09-13T06:17:30+00:00
2027-11-30,Tue,1,WEEKDAY,0,48,11,Nov,30,334,4,2027,REGULAR,,,0,0,0,0,0,THANKSGIVING,5,25,Christmas Day,5,Thanksgiving Day,HOLIDAY_SEASON,"SEA_CHRISTMAS,UOR_HOLIDAY,WDW_HOLIDAY",HOLIDAYS,,,0,,,holiday season; EPCOT Holidays,,rules,2026-09-13T06:17:30+00:00
2027-12-01,Wed,2,WEEKDAY,0,48,12,Dec,1,335,4,2027,EARLY_DEC,,,0,0,0,0,0,THANKSGIVING,6,24,Christmas Day,6,Thanksgiving Day,HOLIDAY_SEASON,"SEA_CHRISTMAS,UOR_HOLIDAY,WDW_HOLIDAY",HOLIDAYS,,,0,,,early dec; holiday season; EPCOT Holidays,,rules,2026-09-13T06:17:30+00:00
2027-12-02,Thu,3,WEEKDAY,0,48,12,Dec,2,336,4,2027,EARLY_DEC,,,0,0,0,0,0,THANKSGIVING,7,23,Christmas Day,7,Thanksgiving Day,HOLIDAY_SEASON,"SEA_CHRISTMAS,UOR_HOLIDAY,WDW_HOLIDAY",HOLIDAYS,,,0,,,early dec; holiday season; EPCOT Holidays,,rules,2026-09-13T06:17:30+00:00
2027-12-03,Fri,4,FRI,0,48,12,Dec,3,337,4,2027,EARLY_DEC,,,0,0,0,0,0,THANKSGIVING,8,22,Christmas Day,8,Thanksgiving Day,HOLIDAY_SEASON,"SEA_CHRISTMAS,UOR_HOLIDAY,WDW_HOLIDAY",HOLIDAYS,,,0,,,early dec; holiday season; EPCOT Holidays,,rules,2026-09-13T06:17:30+00:00
2027-12-04,Sat,5,SAT,1,48,12,Dec,4,338,4,2027,EARLY_DEC,,,0,0,0,0,0,THANKSGIVING,9,21,Christmas Day,9,Thanksgiving Day,HOLIDAY_SEASON,"SEA_CHRISTMAS,UOR_HOLIDAY,WDW_HOLIDAY",HOLIDAYS,,,0,,,early dec; holiday season; EPCOT Holidays,,rules,2026-09-13T06:17:30+00:00
2027-12-05,Sun,6,SUN,1,48,12,Dec,5,339,4,2027,EARLY_DEC,,,0,0,0,0,0,THANKSGIVING,10,20,Christmas Day,10,Thanksgiving Day,HOLIDAY_SEASON,"SEA_CHRISTMAS,UOR_HOLIDAY,WDW_HOLIDAY",HOLIDAYS,,,0,,,early dec; holiday season; EPCOT Holidays,,rules,2026-09-13T06:17:30+00:00
2027-12-06,Mon,0,WEEKDAY,0,49,12,Dec,6,340,4,2027,EARLY_DEC,,,0,0,0,0,0,,,19,Christmas Day,11,Thanksgiving Day,HOLIDAY_SEASON,"SEA_CHRISTMAS,UOR_HOLIDAY,WDW_HOLIDAY",HOLIDAYS,,,0,,,early dec; holiday season; EPCOT Holidays,,rules,2026-09-13T06:17:30+00:00
2027-12-07,Tue,1,WEEKDAY,0,49,12,Dec,7,341,4,2027,EARLY_DEC,,,0,0,0,0,0,,,18,Christmas Day,12,Thanksgiving Day,HOLIDAY_SEASON,"SEA_CHRISTMAS,UOR_HOLIDAY,WDW_HOLIDAY",HOLIDAYS,,,0,,,early dec; holiday season; EPCOT Holidays,,rules,2026-09-13T06:17:30+00:00
2027-12-08,Wed,2,WEEKDAY,0,49,12,Dec,8,342,4,2027,EARLY_DEC,,,0,0,0,0,0,,,17,Christmas Day,13,Thanksgiving Day,HOLIDAY_SEASON,"SEA_CHRISTMAS,UOR_HOLIDAY,WDW_HOLIDAY",HOLIDAYS,,,0,,,early dec; holiday season; EPCOT Holidays,,rules,2026-09-13T06:17:30+00:00
2027-12-09,Thu,3,WEEKDAY,0,49,12,Dec,9,343,4,2027,EARLY_DEC,,,0,0,0,0,0,,,16,Christmas Day,14,Thanksgiving Day,HOLIDAY_SEASON,"SEA_CHRISTMAS,UOR_HOLIDAY,WDW_HOLIDAY",HOLIDAYS,,,0,,,early dec; holiday season; EPCOT Holidays,,rules,2026-09-13T06:17:30+00:00
2027-12-10,Fri,4,FRI,0,49,12,Dec,10,344,4,2027,EARLY_DEC,,,0,0,0,0,0,,,15,Christmas Day,15,Thanksgiving Day,HOLIDAY_SEASON,"SEA_CHRISTMAS,UOR_HOLIDAY,WDW_HOLIDAY",HOLIDAYS,,,0,,,early dec; holiday season; EPCOT Holidays,,rules,2026-09-13T06:17:30+00:00
2027-12-11,Sat,5,SAT,1,49,12,Dec,11,345,4,2027,EARLY_DEC,,,0,0,0,0,0,,,14,Christmas Day,16,Thanksgiving Day,HOLIDAY_SEASON,"SEA_CHRISTMAS,UOR_HOLIDAY,WDW_HOLIDAY",HOLIDAYS,,,0,,,early dec; holiday season; EPCOT Holidays,,rules,2026-09-13T06:17:30+00:00
2027-12-12,Sun,6,SUN,1,49,12,Dec,12,346,4,2027,EARLY_DEC,,,0,0,0,0,0,,,13,Christmas Day,17,Thanksgiving Day,HOLIDAY_SEASON,"SEA_CHRISTMAS,UOR_HOLIDAY,WDW_HOLIDAY",HOLIDAYS,,,0,,,early dec; holiday season; EPCOT Holidays,,rules,2026-09-13T06:17:30+00:00
2027-12-13,Mon,0,WEEKDAY,0,50,12,Dec,13,347,4,2027,EARLY_DEC,,,0,0,0,0,0,,,12,Christmas Day,18,Thanksgiving Day,HOLIDAY_SEASON,"SEA_CHRISTMAS,UOR_HOLIDAY,WDW_HOLIDAY",HOLIDAYS,,,0,,SUMMER,early dec; holiday season; EPCOT Holidays; Brazil summer,,rules,2026-09-13T06:17:30+00:00
2027-12-14,Tue,1,WEEKDAY,0,50,12,Dec,14,348,4,2027,EARLY_DEC,,,0,0,0,0,0,,,11,Christmas Day,19,Thanksgiving Day,HOLIDAY_SEASON,"SEA_CHRISTMAS,UOR_HOLIDAY,WDW_HOLIDAY",HOLIDAYS,,,0,,SUMMER,early dec; holiday season; EPCOT Holidays; Brazil summer,,rules,2026-09-13T06:17:30+00:00
2027-12-15,Wed,2,WEEKDAY,0,50,12,Dec,15,349,4,2027,EARLY_DEC,,,0,0,0,0,0,CHRISTMAS,-10,10,Christmas Day,20,Thanksgiving Day,HOLIDAY_SEASON,"SEA_CHRISTMAS,UOR_HOLIDAY,WDW_HOLIDAY",HOLIDAYS,,,0,,SUMMER,early dec; holiday season; EPCOT Holidays; Brazil summer,,rules,2026-09-13T06:17:30+00:00
2027-12-16,Thu,3,WEEKDAY,0,50,12,Dec,16,350,4,2027,EARLY_DEC,,,0,0,0,0,0,CHRISTMAS,-9,9,Christmas Day,21,Thanksgiving Day,HOLIDAY_SEASON,"SEA_CHRISTMAS,UOR_HOLIDAY,WDW_HOLIDAY",HOLIDAYS,,,0,,SUMMER,early dec; holiday season; EPCOT Holidays; Brazil summer,,rules,2026-09-13T06:17:30+00:00
2027-12-17,Fri,4,FRI,0,50,12,Dec,17,351,4,2027,EARLY_DEC,,,0,0,0,0,0,CHRISTMAS,-8,8,Christmas Day,22,Thanksgiving Day,HOLIDAY_SEASON,"SEA_CHRISTMAS,UOR_HOLIDAY,WDW_HOLIDAY",HOLIDAYS,,,0,,SUMMER,early dec; holiday season; EPCOT Holidays; Brazil summer,,rules,2026-09-13T06:17:30+00:00
2027-12-18,Sat,5,SAT,1,50,12,Dec,18,352,4,2027,EARLY_DEC,,,0,0,0,0,0,CHRISTMAS,-7,7,Christmas Day,23,Thanksgiving Day,HOLIDAY_SEASON,"SEA_CHRISTMAS,UOR_HOLIDAY,WDW_HOLIDAY",HOLIDAYS,,,0,,SUMMER,early dec; holiday season; EPCOT Holidays; Brazil summer,,rules,2026-09-13T06:17:30+00:00
2027-12-19,Sun,6,SUN,1,50,12,Dec,19,353,4,2027,EARLY_DEC,,,0,0,0,0,0,CHRISTMAS,-6,6,Christmas Day,24,Thanksgiving Day,HOLIDAY_SEASON,"SEA_CHRISTMAS,UOR_HOLIDAY,WDW_HOLIDAY",HOLIDAYS,,,0,,SUMMER,early dec; holiday season; EPCOT Holidays; Brazil summer,,rules,2026-09-13T06:17:30+00:00
2027-12-20,Mon,0,WEEKDAY,0,51,12,Dec,20,354,4,2027,EARLY_DEC,,,0,0,0,0,0,CHRISTMAS,-5,5,Christmas Day,25,Thanksgiving Day,HOLIDAY_SEASON,"SEA_CHRISTMAS,UOR_HOLIDAY,WDW_HOLIDAY",HOLIDAYS,WINTER,"NE,SOUTH,MIDWEST,WEST,FL",0,CHRISTMAS,SUMMER,early dec; holiday season; EPCOT Holidays; US school winter; UK christmas; Brazil summer,,rules,2026-09-13T06:17:30+00:00
2027-12-21,Tue,1,WEEKDAY,0,51,12,Dec,21,355,4,2027,CHRISTMAS_PEAK,,,0,0,0,0,0,CHRISTMAS,-4,4,Christmas Day,26,Thanksgiving Day,HOLIDAY_SEASON,"SEA_CHRISTMAS,UOR_HOLIDAY,WDW_HOLIDAY",HOLIDAYS,WINTER,"NE,SOUTH,MIDWEST,WEST,FL",0,CHRISTMAS,SUMMER,christmas peak; holiday season; EPCOT Holidays; US school winter; UK christmas; Brazil summer,,rules,2026-09-13T06:17:30+00:00
2027-12-22,Wed,2,WEEKDAY,0,51,12,Dec,22,356,4,2027,CHRISTMAS_PEAK,,,0,0,0,0,0,CHRISTMAS,-3,3,Christmas Day,27,Thanksgiving Day,HOLIDAY_SEASON,"SEA_CHRISTMAS,UOR_HOLIDAY,WDW_HOLIDAY",HOLIDAYS,WINTER,"NE,SOUTH,MIDWEST,WEST,FL",0,CHRISTMAS,SUMMER,christmas peak; holiday season; EPCOT Holidays; US school winter; UK christmas; Brazil summer,,rules,2026-09-13T06:17:30+00:00
2027-12-23,Thu,3,WEEKDAY,0,51,12,Dec,23,357,4,2027,CHRISTMAS_PEAK,,,0,1,0,0,0,CHRISTMAS,-2,2,Christmas Day,28,Thanksgiving Day,HOLIDAY_SEASON,"SEA_CHRISTMAS,UOR_HOLIDAY,WDW_HOLIDAY",HOLIDAYS,WINTER,"NE,SOUTH,MIDWEST,WEST,FL",0,CHRISTMAS,SUMMER,christmas peak; holiday season; EPCOT Holidays; US school winter; UK christmas; Brazil summer,,rules,2026-09-13T06:17:30+00:00
2027-12-24,Fri,4,FRI,0,51,12,Dec,24,358,4,2027,CHRISTMAS_PEAK,Christmas Day (observed),observed,1,1,0,0,0,CHRISTMAS,-1,1,Christmas Day,29,Thanksgiving Day,HOLIDAY_SEASON,"SEA_CHRISTMAS,UOR_HOLIDAY,WDW_HOLIDAY",HOLIDAYS,WINTER,"NE,SOUTH,MIDWEST,WEST,FL",0,CHRISTMAS,SUMMER,Christmas Day (observed); christmas peak; holiday season; EPCOT Holidays; US school winter; UK christmas; Brazil summer,,rules,2026-09-13T06:17:30+00:00
2027-12-25,Sat,5,SAT,1,51,12,Dec,25,359,4,2027,CHRISTMAS_PEAK,Christmas Day,federal,1,0,1,0,0,CHRISTMAS,0,7,New Year's Day,30,Thanksgiving Day,HOLIDAY_SEASON,"SEA_CHRISTMAS,UOR_HOLIDAY,WDW_HOLIDAY",HOLIDAYS,WINTER,"NE,SOUTH,MIDWEST,WEST,FL",0,CHRISTMAS,SUMMER,Christmas Day; christmas peak; holiday season; EPCOT Holidays; US school winter; UK christmas; Brazil summer,,rules,2026-09-13T06:17:30+00:00
2027-12-26,Sun,6,SUN,1,51,12,Dec,26,360,4,2027,CHRISTMAS_PEAK,,,0,0,1,0,0,CHRISTMAS,1,6,New Year's Day,1,Christmas Day,HOLIDAY_SEASON,"SEA_CHRISTMAS,UOR_HOLIDAY,WDW_HOLIDAY",HOLIDAYS,WINTER,"NE,SOUTH,MIDWEST,WEST,FL",0,CHRISTMAS,SUMMER,christmas peak; holiday season; EPCOT Holidays; US school winter; UK christmas; Brazil summer,,rules,2026-09-13T06:17:30+00:00
2027-12-27,Mon,0,WEEKDAY,0,52,12,Dec,27,361,4,2027,CHRISTMAS_PEAK,,,0,0,0,0,0,CHRISTMAS,2,5,New Year's Day,2,Christmas Day,HOLIDAY_SEASON,"SEA_CHRISTMAS,UOR_HOLIDAY,WDW_HOLIDAY",HOLIDAYS,WINTER,"NE,SOUTH,MIDWEST,WEST,FL",0,CHRISTMAS,SUMMER,christmas peak; holiday season; EPCOT Holidays; US school winter; UK christmas; Brazil summer,,rules,2026-09-13T06:17:30+00:00
2027-12-28,Tue,1,WEEKDAY,0,52,12,Dec,28,362,4,2027,CHRISTMAS_PEAK,,,0,0,0,0,0,CHRISTMAS,3,4,New Year's Day,3,Christmas Day,HOLIDAY_SEASON,"SEA_CHRISTMAS,UOR_HOLIDAY,WDW_HOLIDAY",HOLIDAYS,WINTER,"NE,SOUTH,MIDWEST,WEST,FL",0,CHRISTMAS,SUMMER,christmas peak; holiday season; EPCOT Holidays; US school winter; UK christmas; Brazil summer,,rules,2026-09-13T06:17:30+00:00
2027-12-29,Wed,2,WEEKDAY,0,52,12,Dec,29,363,4,2027,NYE,,,0,0,0,0,0,NEW_YEAR,-3,3,New Year's Day,4,Christmas Day,HOLIDAY_SEASON,"SEA_CHRISTMAS,UOR_HOLIDAY,WDW_HOLIDAY",HOLIDAYS,WINTER,"NE,SOUTH,MIDWEST,WEST,FL",0,CHRISTMAS,SUMMER,nye; holiday season; EPCOT Holidays; US school winter; UK christmas; Brazil summer,,rules,2026-09-13T06:17:30+00:00
2027-12-30,Thu,3,WEEKDAY,0,52,12,Dec,30,364,4,2027,NYE,,,0,1,0,0,0,NEW_YEAR,-2,2,New Year's Day,5,Christmas Day,HOLIDAY_SEASON,"SEA_CHRISTMAS,UOR_HOLIDAY,WDW_HOLIDAY",HOLIDAYS,WINTER,"NE,SOUTH,MIDWEST,WEST,FL",0,CHRISTMAS,SUMMER,nye; holiday season; EPCOT Holidays; US school winter; UK christmas; Brazil summer,,rules,2026-09-13T06:17:30+00:00
2027-12-31,Fri,4,FRI,0,52,12,Dec,31,365,4,2027,NYE,New Year's Day (observed),observed,1,1,0,0,0,NEW_YEAR,-1,1,New Year's Day,6,Christmas Day,HOLIDAY_SEASON,"SEA_CHRISTMAS,UOR_HOLIDAY,WDW_HOLIDAY",,WINTER,"NE,SOUTH,MIDWEST,WEST,FL",0,CHRISTMAS,SUMMER,New Year's Day (observed); nye; holiday season; US school winter; UK christmas; Brazil summer,,rules,2026-09-13T06:17:30+00:00
2028-01-01,Sat,5,SAT,1,52,1,Jan,1,1,1,2028,NYE,New Year's Day,federal,1,0,1,0,0,NEW_YEAR,0,16,Martin Luther King Jr. Day,7,Christmas Day,HOLIDAY_SEASON,UOR_HOLIDAY,,WINTER,"NE,SOUTH,MIDWEST,WEST,FL",0,CHRISTMAS,SUMMER,New Year's Day; nye; holiday season; US school winter; UK christmas; Brazil summer,,rules,2026-09-13T06:17:30+00:00
2028-01-02,Sun,6,SUN,1,52,1,Jan,2,2,1,2028,REGULAR,,,0,0,1,0,0,NEW_YEAR,1,15,Martin Luther King Jr. Day,1,New Year's Day,HOLIDAY_SEASON,UOR_HOLIDAY,,WINTER,"NE,SOUTH,MIDWEST,WEST,FL",0,CHRISTMAS,SUMMER,holiday season; US school winter; UK christmas; Brazil summer,,rules,2026-09-13T06:17:30+00:00
2028-01-03,Mon,0,WEEKDAY,0,1,1,Jan,3,3,1,2028,REGULAR,,,0,0,0,0,0,NEW_YEAR,2,14,Martin Luther King Jr. Day,2,New Year's Day,HOLIDAY_SEASON,UOR_HOLIDAY,,WINTER,"NE,SOUTH,MIDWEST,WEST,FL",0,,SUMMER,holiday season; US school winter; Brazil summer,,rules,2026-09-13T06:17:30+00:00
2028-01-04,Tue,1,WEEKDAY,0,1,1,Jan,4,4,1,2028,REGULAR,,,0,0,0,0,0,NEW_YEAR,3,13,Martin Luther King Jr. Day,3,New Year's Day,HOLIDAY_SEASON,UOR_HOLIDAY,,,,0,,SUMMER,holiday season; Brazil summer,,rules,2026-09-13T06:17:30+00:00
2028-01-05,Wed,2,WEEKDAY,0,1,1,Jan,5,5,1,2028,REGULAR,,,0,0,0,0,0,NEW_YEAR,4,12,Martin Luther King Jr. Day,4,New Year's Day,,WDW_AFTERHOURS,,,,0,,SUMMER,Brazil summer,,rules,2026-09-13T06:17:30+00:00
2028-01-06,Thu,3,WEEKDAY,0,1,1,Jan,6,6,1,2028,JAN_LULL,,,0,0,0,0,0,NEW_YEAR,5,11,Martin Luther King Jr. Day,5,New Year's Day,,WDW_AFTERHOURS,,,,0,,SUMMER,jan lull; Brazil summer,,rules,2026-09-13T06:17:30+00:00
2028-01-07,Fri,4,FRI,0,1,1,Jan,7,7,1,2028,JAN_LULL,,,0,0,0,0,0,NEW_YEAR,6,10,Martin Luther King Jr. Day,6,New Year's Day,,WDW_AFTERHOURS,,,,0,,SUMMER,jan lull; Brazil summer,,rules,2026-09-13T06:17:30+00:00
2028-01-08,Sat,5,SAT,1,1,1,Jan,8,8,1,2028,JAN_LULL,,,0,0,0,0,0,NEW_YEAR,7,9,Martin Luther King Jr. Day,7,New Year's Day,,WDW_AFTERHOURS,,,,0,,SUMMER,jan lull; Brazil summer,,rules,2026-09-13T06:17:30+00:00
2028-01-09,Sun,6,SUN,1,1,1,Jan,9,9,1,2028,JAN_LULL,,,0,0,0,0,0,NEW_YEAR,8,8,Martin Luther King Jr. Day,8,New Year's Day,,WDW_AFTERHOURS,,,,0,,SUMMER,jan lull; Brazil summer,,rules,2026-09-13T06:17:30+00:00
2028-01-10,Mon,0,WEEKDAY,0,2,1,Jan,10,10,1,2028,JAN_LULL,,,0,0,0,0,0,MLK,-7,7,Martin Luther King Jr. Day,9,New Year's Day,,WDW_AFTERHOURS,,,,0,,SUMMER,jan lull; Brazil summer,,rules,2026-09-13T06:17:30+00:00
2028-01-11,Tue,1,WEEKDAY,0,2,1,Jan,11,11,1,2028,JAN_LULL,,,0,0,0,0,0,MLK,-6,6,Martin Luther King Jr. Day,10,New Year's Day,,WDW_AFTERHOURS,,,,0,,SUMMER,jan lull; Brazil summer,,rules,2026-09-13T06:17:30+00:00
2028-01-12,Wed,2,WEEKDAY,0,2,1,Jan,12,12,1,2028,JAN_LULL,,,0,0,0,0,0,MLK,-5,5,Martin Luther King Jr. Day,11,New Year's Day,,WDW_AFTERHOURS,,,,0,,SUMMER,jan lull; Brazil summer,,rules,2026-09-13T06:17:30+00:00
2028-01-13,Thu,3,WEEKDAY,0,2,1,Jan,13,13,1,2028,JAN_LULL,,,0,0,0,0,0,MLK,-4,4,Martin Luther King Jr. Day,12,New Year's Day,,WDW_AFTERHOURS,,,,0,,SUMMER,jan lull; Brazil summer,,rules,2026-09-13T06:17:30+00:00
2028-01-14,Fri,4,FRI,0,2,1,Jan,14,14,1,2028,MLK_WKND,,,0,0,0,1,0,MLK,-3,3,Martin Luther King Jr. Day,13,New Year's Day,,WDW_AFTERHOURS,ARTS,,,0,,SUMMER,long weekend; mlk wknd; EPCOT Arts; Brazil summer,,rules,2026-09-13T06:17:30+00:00
2028-01-15,Sat,5,SAT,1,2,1,Jan,15,15,1,2028,MLK_WKND,,,0,0,0,1,0,MLK,-2,2,Martin Luther King Jr. Day,14,New Year's Day,,WDW_AFTERHOURS,ARTS,,,0,,SUMMER,long weekend; mlk wknd; EPCOT Arts; Brazil summer,,rules,2026-09-13T06:17:30+00:00
2028-01-16,Sun,6,SUN,1,2,1,Jan,16,16,1,2028,MLK_WKND,,,0,1,0,1,0,MLK,-1,1,Martin Luther King Jr. Day,15,New Year's Day,,WDW_AFTERHOURS,ARTS,,,0,,SUMMER,long weekend; mlk wknd; EPCOT Arts; Brazil summer,,rules,2026-09-13T06:17:30+00:00
2028-01-17,Mon,0,WEEKDAY,0,3,1,Jan,17,17,1,2028,MLK_WKND,Martin Luther King Jr. Day,federal,1,0,0,1,0,MLK,0,35,Washington's Birthday,16,New Year's Day,,WDW_AFTERHOURS,ARTS,,,0,,SUMMER,Martin Luther King Jr. Day; mlk wknd; EPCOT Arts; Brazil summer,,rules,2026-09-13T06:17:30+00:00
2028-01-18,Tue,1,WEEKDAY,0,3,1,Jan,18,18,1,2028,JAN_LULL,,,0,0,1,0,0,MLK,1,34,Washington's Birthday,1,Martin Luther King Jr. Day,,WDW_AFTERHOURS,ARTS,,,0,,SUMMER,jan lull; EPCOT Arts; Brazil summer,,rules,2026-09-13T06:17:30+00:00
2028-01-19,Wed,2,WEEKDAY,0,3,1,Jan,19,19,1,2028,JAN_LULL,,,0,0,0,0,0,MLK,2,33,Washington's Birthday,2,Martin Luther King Jr. Day,,WDW_AFTERHOURS,ARTS,,,0,,SUMMER,jan lull; EPCOT Arts; Brazil summer,,rules,2026-09-13T06:17:30+00:00
2028-01-20,Thu,3,WEEKDAY,0,3,1,Jan,20,20,1,2028,JAN_LULL,,,0,0,0,0,0,MLK,3,32,Washington's Birthday,3,Martin Luther King Jr. Day,,WDW_AFTERHOURS,ARTS,,,0,,SUMMER,jan lull; EPCOT Arts; Brazil summer,,rules,2026-09-13T06:17:30+00:00
2028-01-21,Fri,4,FRI,0,3,1,Jan,21,21,1,2028,JAN_LULL,,,0,0,0,0,0,MLK,4,31,Washington's Birthday,4,Martin Luther King Jr. Day,,WDW_AFTERHOURS,ARTS,,,0,,SUMMER,jan lull; EPCOT Arts; Brazil summer,,rules,2026-09-13T06:17:30+00:00
2028-01-22,Sat,5,SAT,1,3,1,Jan,22,22,1,2028,JAN_LULL,,,0,0,0,0,0,MLK,5,30,Washington's Birthday,5,Martin Luther King Jr. Day,,WDW_AFTERHOURS,ARTS,,,0,,SUMMER,jan lull; EPCOT Arts; Brazil summer,,rules,2026-09-13T06:17:30+00:00
2028-01-23,Sun,6,SUN,1,3,1,Jan,23,23,1,2028,JAN_LULL,,,0,0,0,0,0,MLK,6,29,Washington's Birthday,6,Martin Luther King Jr. Day,,WDW_AFTERHOURS,ARTS,,,0,,SUMMER,jan lull; EPCOT Arts; Brazil summer,,rules,2026-09-13T06:17:30+00:00
2028-01-24,Mon,0,WEEKDAY,0,4,1,Jan,24,24,1,2028,JAN_LULL,,,0,0,0,0,0,MLK,7,28,Washington's Birthday,7,Martin Luther King Jr. Day,,WDW_AFTERHOURS,ARTS,,,0,,SUMMER,jan lull; EPCOT Arts; Brazil summer,,rules,2026-09-13T06:17:30+00:00
2028-01-25,Tue,1,WEEKDAY,0,4,1,Jan,25,25,1,2028,JAN_LULL,,,0,0,0,0,0,MLK,8,27,Washington's Birthday,8,Martin Luther King Jr. Day,,WDW_AFTERHOURS,ARTS,,,0,,SUMMER,jan lull; EPCOT Arts; Brazil summer,,rules,2026-09-13T06:17:30+00:00
2028-01-26,Wed,2,WEEKDAY,0,4,1,Jan,26,26,1,2028,JAN_LULL,,,0,0,0,0,0,MLK,9,26,Washington's Birthday,9,Martin Luther King Jr. Day,,WDW_AFTERHOURS,ARTS,,,0,,SUMMER,jan lull; EPCOT Arts; Brazil summer,,rules,2026-09-13T06:17:30+00:00
2028-01-27,Thu,3,WEEKDAY,0,4,1,Jan,27,27,1,2028,JAN_LULL,,,0,0,0,0,0,MLK,10,25,Washington's Birthday,10,Martin Luther King Jr. Day,,WDW_AFTERHOURS,ARTS,,,0,,SUMMER,jan lull; EPCOT Arts; Brazil summer,,rules,2026-09-13T06:17:30+00:00
2028-01-28,Fri,4,FRI,0,4,1,Jan,28,28,1,2028,JAN_LULL,,,0,0,0,0,0,,,24,Washington's Birthday,11,Martin Luther King Jr. Day,,WDW_AFTERHOURS,ARTS,,,0,,SUMMER,jan lull; EPCOT Arts; Brazil summer,,rules,2026-09-13T06:17:30+00:00
2028-01-29,Sat,5,SAT,1,4,1,Jan,29,29,1,2028,JAN_LULL,,,0,0,0,0,0,,,23,Washington's Birthday,12,Martin Luther King Jr. Day,,WDW_AFTERHOURS,ARTS,,,0,,SUMMER,jan lull; EPCOT Arts; Brazil summer,,rules,2026-09-13T06:17:30+00:00
2028-01-30,Sun,6,SUN,1,4,1,Jan,30,30,1,2028,JAN_LULL,,,0,0,0,0,0,,,22,Washington's Birthday,13,Martin Luther King Jr. Day,,WDW_AFTERHOURS,ARTS,,,0,,SUMMER,jan lull; EPCOT Arts; Brazil summer,,rules,2026-09-13T06:17:30+00:00
2028-01-31,Mon,0,WEEKDAY,0,5,1,Jan,31,31,1,2028,JAN_LULL,,,0,0,0,0,0,,,21,Washington's Birthday,14,Martin Luther King Jr. Day,,WDW_AFTERHOURS,ARTS,,,0,,SUMMER,jan lull; EPCOT Arts; Brazil summer,,rules,2026-09-13T06:17:30+00:00
2028-02-01,Tue,1,WEEKDAY,0,5,2,Feb,1,32,1,2028,JAN_LULL,,,0,0,0,0,0,,,20,Washington's Birthday,15,Martin Luther King Jr. Day,,WDW_AFTERHOURS,ARTS,,,0,,SUMMER,jan lull; EPCOT Arts; Brazil summer,,rules,2026-09-13T06:17:30+00:00
2028-02-02,Wed,2,WEEKDAY,0,5,2,Feb,2,33,1,2028,JAN_LULL,,,0,0,0,0,0,,,19,Washington's Birthday,16,Martin Luther King Jr. Day,,WDW_AFTERHOURS,ARTS,,,0,,,jan lull; EPCOT Arts,,rules,2026-09-13T06:17:30+00:00
2028-02-03,Thu,3,WEEKDAY,0,5,2,Feb,3,34,1,2028,JAN_LULL,,,0,0,0,0,0,,,18,Washington's Birthday,17,Martin Luther King Jr. Day,,WDW_AFTERHOURS,ARTS,,,0,,,jan lull; EPCOT Arts,,rules,2026-09-13T06:17:30+00:00
2028-02-04,Fri,4,FRI,0,5,2,Feb,4,35,1,2028,JAN_LULL,,,0,0,0,0,0,,,17,Washington's Birthday,18,Martin Luther King Jr. Day,,WDW_AFTERHOURS,ARTS,,,0,,,jan lull; EPCOT Arts,,rules,2026-09-13T06:17:30+00:00
2028-02-05,Sat,5,SAT,1,5,2,Feb,5,36,1,2028,JAN_LULL,,,0,0,0,0,0,,,16,Washington's Birthday,19,Martin Luther King Jr. Day,,WDW_AFTERHOURS,ARTS,,,0,,,jan lull; EPCOT Arts,,rules,2026-09-13T06:17:30+00:00
2028-02-06,Sun,6,SUN,1,5,2,Feb,6,37,1,2028,JAN_LULL,,,0,0,0,0,0,,,15,Washington's Birthday,20,Martin Luther King Jr. Day,,WDW_AFTERHOURS,ARTS,,,0,,,jan lull; EPCOT Arts,,rules,2026-09-13T06:17:30+00:00
2028-02-07,Mon,0,WEEKDAY,0,6,2,Feb,7,38,1,2028,JAN_LULL,,,0,0,0,0,0,,,14,Washington's Birthday,21,Martin Luther King Jr. Day,,WDW_AFTERHOURS,ARTS,,,0,,,jan lull; EPCOT Arts,,rules,2026-09-13T06:17:30+00:00
2028-02-08,Tue,1,WEEKDAY,0,6,2,Feb,8,39,1,2028,JAN_LULL,,,0,0,0,0,0,,,13,Washington's Birthday,22,Martin Luther King Jr. Day,,WDW_AFTERHOURS,ARTS,,,0,,,jan lull; EPCOT Arts,,rules,2026-09-13T06:17:30+00:00
2028-02-09,Wed,2,WEEKDAY,0,6,2,Feb,9,40,1,2028,REGULAR,,,0,0,0,0,0,,,12,Washington's Birthday,23,Martin Luther King Jr. Day,,WDW_AFTERHOURS,ARTS,,,0,,,EPCOT Arts,,rules,2026-09-13T06:17:30+00:00
2028-02-10,Thu,3,WEEKDAY,0,6,2,Feb,10,41,1,2028,REGULAR,,,0,0,0,0,0,,,11,Washington's Birthday,24,Martin Luther King Jr. Day,,WDW_AFTERHOURS,ARTS,,,0,,,EPCOT Arts,,rules,2026-09-13T06:17:30+00:00
2028-02-11,Fri,4,FRI,0,6,2,Feb,11,42,1,2028,REGULAR,,,0,0,0,0,0,PRESIDENTS,-10,10,Washington's Birthday,25,Martin Luther King Jr. Day,,WDW_AFTERHOURS,ARTS,,,0,,,EPCOT Arts,,rules,2026-09-13T06:17:30+00:00
2028-02-12,Sat,5,SAT,1,6,2,Feb,12,43,1,2028,REGULAR,,,0,0,0,0,0,PRESIDENTS,-9,9,Washington's Birthday,26,Martin Luther King Jr. Day,,WDW_AFTERHOURS,ARTS,,,0,,,EPCOT Arts,,rules,2026-09-13T06:17:30+00:00
2028-02-13,Sun,6,SUN,1,6,2,Feb,13,44,1,2028,REGULAR,,,0,0,0,0,0,PRESIDENTS,-8,8,Washington's Birthday,27,Martin Luther King Jr. Day,,WDW_AFTERHOURS,ARTS,,,0,,,EPCOT Arts,,rules,2026-09-13T06:17:30+00:00
2028-02-14,Mon,0,WEEKDAY,0,7,2,Feb,14,45,1,2028,REGULAR,,,0,0,0,0,0,PRESIDENTS,-7,7,Washington's Birthday,28,Martin Luther King Jr. Day,,WDW_AFTERHOURS,ARTS,,,0,,,EPCOT Arts,,rules,2026-09-13T06:17:30+00:00
2028-02-15,Tue,1,WEEKDAY,0,7,2,Feb,15,46,1,2028,REGULAR,,,0,0,0,0,0,PRESIDENTS,-6,6,Washington's Birthday,29,Martin Luther King Jr. Day,,WDW_AFTERHOURS,ARTS,,,0,,,EPCOT Arts,,rules,2026-09-13T06:17:30+00:00
2028-02-16,Wed,2,WEEKDAY,0,7,2,Feb,16,47,1,2028,REGULAR,,,0,0,0,0,0,PRESIDENTS,-5,5,Washington's Birthday,30,Martin Luther King Jr. Day,,WDW_AFTERHOURS,ARTS,,,0,,,EPCOT Arts,,rules,2026-09-13T06:17:30+00:00
2028-02-17,Thu,3,WEEKDAY,0,7,2,Feb,17,48,1,2028,REGULAR,,,0,0,0,0,0,PRESIDENTS,-4,4,Washington's Birthday,31,Martin Luther King Jr. Day,,WDW_AFTERHOURS,ARTS,,,0,,,EPCOT Arts,,rules,2026-09-13T06:17:30+00:00
2028-02-18,Fri,4,FRI,0,7,2,Feb,18,49,1,2028,PRESIDENTS_WK,,,0,0,0,1,0,PRESIDENTS,-3,3,Washington's Birthday,32,Martin Luther King Jr. Day,,WDW_AFTERHOURS,ARTS,,,0,,,long weekend; presidents wk; EPCOT Arts,,rules,2026-09-13T06:17:30+00:00
2028-02-19,Sat,5,SAT,1,7,2,Feb,19,50,1,2028,PRESIDENTS_WK,,,0,0,0,1,0,PRESIDENTS,-2,2,Washington's Birthday,33,Martin Luther King Jr. Day,,WDW_AFTERHOURS,ARTS,,,0,,,long weekend; presidents wk; EPCOT Arts,,rules,2026-09-13T06:17:30+00:00
2028-02-20,Sun,6,SUN,1,7,2,Feb,20,51,1,2028,PRESIDENTS_WK,,,0,1,0,1,0,PRESIDENTS,-1,1,Washington's Birthday,34,Martin Luther King Jr. Day,,WDW_AFTERHOURS,ARTS,,,0,,,long weekend; presidents wk; EPCOT Arts,,rules,2026-09-13T06:17:30+00:00
2028-02-21,Mon,0,WEEKDAY,0,8,2,Feb,21,52,1,2028,PRESIDENTS_WK,Washington's Birthday,federal,1,0,0,1,0,PRESIDENTS,0,98,Memorial Day,35,Martin Luther King Jr. Day,,WDW_AFTERHOURS,ARTS,PRESIDENTS,NE,1,FEB_HALF_TERM,,Washington's Birthday; presidents wk; EPCOT Arts; US school presidents; UK feb half term,,rules,2026-09-13T06:17:30+00:00
2028-02-22,Tue,1,WEEKDAY,0,8,2,Feb,22,53,1,2028,PRESIDENTS_WK,,,0,0,1,0,0,PRESIDENTS,1,97,Memorial Day,1,Washington's Birthday,,WDW_AFTERHOURS,ARTS,PRESIDENTS,NE,1,FEB_HALF_TERM,,presidents wk; EPCOT Arts; US school presidents; UK feb half term,,rules,2026-09-13T06:17:30+00:00
2028-02-23,Wed,2,WEEKDAY,0,8,2,Feb,23,54,1,2028,PRESIDENTS_WK,,,0,0,0,0,0,PRESIDENTS,2,96,Memorial Day,2,Washington's Birthday,,WDW_AFTERHOURS,ARTS,PRESIDENTS,NE,1,FEB_HALF_TERM,,presidents wk; EPCOT Arts; US school presidents; UK feb half term,,rules,2026-09-13T06:17:30+00:00
2028-02-24,Thu,3,WEEKDAY,0,8,2,Feb,24,55,1,2028,PRESIDENTS_WK,,,0,0,0,0,0,PRESIDENTS,3,95,Memorial Day,3,Washington's Birthday,,WDW_AFTERHOURS,,PRESIDENTS,NE,1,FEB_HALF_TERM,,presidents wk; US school presidents; UK feb half term,,rules,2026-09-13T06:17:30+00:00
2028-02-25,Fri,4,FRI,0,8,2,Feb,25,56,1,2028,PRESIDENTS_WK,,,0,0,0,0,0,PRESIDENTS,4,94,Memorial Day,4,Washington's Birthday,,WDW_AFTERHOURS,FLOWER_AND_GARDEN,PRESIDENTS,NE,1,FEB_HALF_TERM,CARNIVAL,presidents wk; EPCOT Flower And Garden; US school presidents; UK feb half term; Brazil carnival,,rules,2026-09-13T06:17:30+00:00
2028-02-26,Sat,5,SAT,1,8,2,Feb,26,57,1,2028,PRESIDENTS_WK,,,0,0,0,0,0,PRESIDENTS,5,93,Memorial Day,5,Washington's Birthday,,WDW_AFTERHOURS,FLOWER_AND_GARDEN,,,0,,CARNIVAL,presidents wk; EPCOT Flower And Garden; Brazil carnival,,rules,2026-09-13T06:17:30+00:00
2028-02-27,Sun,6,SUN,1,8,2,Feb,27,58,1,2028,SPRING_SHOULDER,,,0,0,0,0,0,PRESIDENTS,6,92,Memorial Day,6,Washington's Birthday,,WDW_AFTERHOURS,FLOWER_AND_GARDEN,,,0,,CARNIVAL,spring shoulder; EPCOT Flower And Garden; Brazil carnival,,rules,2026-09-13T06:17:30+00:00
2028-02-28,Mon,0,WEEKDAY,0,9,2,Feb,28,59,1,2028,SPRING_SHOULDER,,,0,0,0,0,0,PRESIDENTS,7,91,Memorial Day,7,Washington's Birthday,,WDW_AFTERHOURS,FLOWER_AND_GARDEN,,,0,,CARNIVAL,spring shoulder; EPCOT Flower And Garden; Brazil carnival,,rules,2026-09-13T06:17:30+00:00
2028-02-29,Tue,1,WEEKDAY,0,9,2,Feb,29,60,1,2028,SPRING_SHOULDER,,,0,0,0,0,0,PRESIDENTS,8,90,Memorial Day,8,Washington's Birthday,,WDW_AFTERHOURS,FLOWER_AND_GARDEN,,,0,,CARNIVAL,spring shoulder; EPCOT Flower And Garden; Brazil carnival,,rules,2026-09-13T06:17:30+00:00
2028-03-01,Wed,2,WEEKDAY,0,9,3,Mar,1,61,1,2028,SPRING_SHOULDER,,,0,0,0,0,0,PRESIDENTS,9,89,Memorial Day,9,Washington's Birthday,,WDW_AFTERHOURS,FLOWER_AND_GARDEN,,,0,,CARNIVAL,spring shoulder; EPCOT Flower And Garden; Brazil carnival,,rules,2026-09-13T06:17:30+00:00
2028-03-02,Thu,3,WEEKDAY,0,9,3,Mar,2,62,1,2028,SPRING_SHOULDER,,,0,0,0,0,0,PRESIDENTS,10,88,Memorial Day,10,Washington's Birthday,,WDW_AFTERHOURS,FLOWER_AND_GARDEN,,,0,,CARNIVAL,spring shoulder; EPCOT Flower And Garden; Brazil carnival,,rules,2026-09-13T06:17:30+00:00
2028-03-03,Fri,4,FRI,0,9,3,Mar,3,63,1,2028,SPRING_SHOULDER,,,0,0,0,0,0,,,87,Memorial Day,11,Washington's Birthday,,WDW_AFTERHOURS,FLOWER_AND_GARDEN,,,0,,CARNIVAL,spring shoulder; EPCOT Flower And Garden; Brazil carnival,,rules,2026-09-13T06:17:30+00:00
2028-03-04,Sat,5,SAT,1,9,3,Mar,4,64,1,2028,SPRING_SHOULDER,,,0,0,0,0,0,,,86,Memorial Day,12,Washington's Birthday,,WDW_AFTERHOURS,FLOWER_AND_GARDEN,,,0,,,spring shoulder; EPCOT Flower And Garden,,rules,2026-09-13T06:17:30+00:00
2028-03-05,Sun,6,SUN,1,9,3,Mar,5,65,1,2028,SPRING_SHOULDER,,,0,0,0,0,0,,,85,Memorial Day,13,Washington's Birthday,,WDW_AFTERHOURS,FLOWER_AND_GARDEN,,,0,,,spring shoulder; EPCOT Flower And Garden,,rules,2026-09-13T06:17:30+00:00
2028-03-06,Mon,0,WEEKDAY,0,10,3,Mar,6,66,1,2028,SPRING_SHOULDER,,,0,0,0,0,0,,,84,Memorial Day,14,Washington's Birthday,,WDW_AFTERHOURS,FLOWER_AND_GARDEN,,,0,,,spring shoulder; EPCOT Flower And Garden,,rules,2026-09-13T06:17:30+00:00
2028-03-07,Tue,1,WEEKDAY,0,10,3,Mar,7,67,1,2028,SPRING_SHOULDER,,,0,0,0,0,0,,,83,Memorial Day,15,Washington's Birthday,,WDW_AFTERHOURS,FLOWER_AND_GARDEN,,,0,,,spring shoulder; EPCOT Flower And Garden,,rules,2026-09-13T06:17:30+00:00
2028-03-08,Wed,2,WEEKDAY,0,10,3,Mar,8,68,1,2028,SPRING_SHOULDER,,,0,0,0,0,0,,,82,Memorial Day,16,Washington's Birthday,,WDW_AFTERHOURS,FLOWER_AND_GARDEN,,,0,,,spring shoulder; EPCOT Flower And Garden,,rules,2026-09-13T06:17:30+00:00
2028-03-09,Thu,3,WEEKDAY,0,10,3,Mar,9,69,1,2028,SPRING_SHOULDER,,,0,0,0,0,0,,,81,Memorial Day,17,Washington's Birthday,,WDW_AFTERHOURS,FLOWER_AND_GARDEN,SPRING,"SOUTH,FL",0,,,spring shoulder; EPCOT Flower And Garden; US school spring,,rules,2026-09-13T06:17:30+00:00
2028-03-10,Fri,4,FRI,0,10,3,Mar,10,70,1,2028,SPRING_SHOULDER,,,0,0,0,0,0,,,80,Memorial Day,18,Washington's Birthday,,WDW_AFTERHOURS,FLOWER_AND_GARDEN,SPRING,"SOUTH,FL",0,,,spring shoulder; EPCOT Flower And Garden; US school spring,,rules,2026-09-13T06:17:30+00:00
2028-03-11,Sat,5,SAT,1,10,3,Mar,11,71,1,2028,SPRING_SHOULDER,,,0,0,0,0,0,,,79,Memorial Day,19,Washington's Birthday,,WDW_AFTERHOURS,FLOWER_AND_GARDEN,SPRING,"SOUTH,FL",0,,,spring shoulder; EPCOT Flower And Garden; US school spring,,rules,2026-09-13T06:17:30+00:00
2028-03-12,Sun,6,SUN,1,10,3,Mar,12,72,1,2028,SPRING_SHOULDER,,,0,0,0,0,0,,,78,Memorial Day,20,Washington's Birthday,,WDW_AFTERHOURS,FLOWER_AND_GARDEN,SPRING,"SOUTH,FL",0,,,spring shoulder; EPCOT Flower And Garden; US school spring,,rules,2026-09-13T06:17:30+00:00
2028-03-13,Mon,0,WEEKDAY,0,11,3,Mar,13,73,1,2028,SPRING_SHOULDER,,,0,0,0,0,0,,,77,Memorial Day,21,Washington's Birthday,,WDW_AFTERHOURS,FLOWER_AND_GARDEN,SPRING,"SOUTH,FL",0,,,spring shoulder; EPCOT Flower And Garden; US school spring,,rules,2026-09-13T06:17:30+00:00
2028-03-14,Tue,1,WEEKDAY,0,11,3,Mar,14,74,1,2028,SPRING_SHOULDER,,,0,0,0,0,0,,,76,Memorial Day,22,Washington's Birthday,,WDW_AFTERHOURS,FLOWER_AND_GARDEN,SPRING,"SOUTH,FL",0,,,spring shoulder; EPCOT Flower And Garden; US school spring,,rules,2026-09-13T06:17:30+00:00
2028-03-15,Wed,2,WEEKDAY,0,11,3,Mar,15,75,1,2028,SPRING_SHOULDER,,,0,0,0,0,0,,,75,Memorial Day,23,Washington's Birthday,,WDW_AFTERHOURS,FLOWER_AND_GARDEN,SPRING,"SOUTH,FL",0,,,spring shoulder; EPCOT Flower And Garden; US school spring,,rules,2026-09-13T06:17:30+00:00
2028-03-16,Thu,3,WEEKDAY,0,11,3,Mar,16,76,1,2028,SPRING_SHOULDER,,,0,0,0,0,0,,,74,Memorial Day,24,Washington's Birthday,,WDW_AFTERHOURS,FLOWER_AND_GARDEN,SPRING,"SOUTH,FL",0,,,spring shoulder; EPCOT Flower And Garden; US school spring,,rules,2026-09-13T06:17:30+00:00
2028-03-17,Fri,4,FRI,0,11,3,Mar,17,77,1,2028,SPRING_SHOULDER,,,0,0,0,0,0,,,73,Memorial Day,25,Washington's Birthday,,WDW_AFTERHOURS,FLOWER_AND_GARDEN,SPRING,"SOUTH,FL",0,,,spring shoulder; EPCOT Flower And Garden; US school spring,,rules,2026-09-13T06:17:30+00:00
2028-03-18,Sat,5,SAT,1,11,3,Mar,18,78,1,2028,SPRING_SHOULDER,,,0,0,0,0,0,,,72,Memorial Day,26,Washington's Birthday,,WDW_AFTERHOURS,FLOWER_AND_GARDEN,SPRING,"SOUTH,FL",0,,,spring shoulder; EPCOT Flower And Garden; US school spring,,rules,2026-09-13T06:17:30+00:00
2028-03-19,Sun,6,SUN,1,11,3,Mar,19,79,1,2028,SPRING_SHOULDER,,,0,0,0,0,0,,,71,Memorial Day,27,Washington's Birthday,,WDW_AFTERHOURS,FLOWER_AND_GARDEN,SPRING,"SOUTH,FL",0,,,spring shoulder; EPCOT Flower And Garden; US school spring,,rules,2026-09-13T06:17:30+00:00
2028-03-20,Mon,0,WEEKDAY,0,12,3,Mar,20,80,1,2028,SPRING_SHOULDER,,,0,0,0,0,0,,,70,Memorial Day,28,Washington's Birthday,,WDW_AFTERHOURS,FLOWER_AND_GARDEN,SPRING,"SOUTH,FL",0,,,spring shoulder; EPCOT Flower And Garden; US school spring,,rules,2026-09-13T06:17:30+00:00
2028-03-21,Tue,1,WEEKDAY,0,12,3,Mar,21,81,1,2028,SPRING_SHOULDER,,,0,0,0,0,0,,,69,Memorial Day,29,Washington's Birthday,,WDW_AFTERHOURS,FLOWER_AND_GARDEN,SPRING,"SOUTH,FL",0,,,spring shoulder; EPCOT Flower And Garden; US school spring,,rules,2026-09-13T06:17:30+00:00
2028-03-22,Wed,2,WEEKDAY,0,12,3,Mar,22,82,1,2028,SPRING_SHOULDER,,,0,0,0,0,0,,,68,Memorial Day,30,Washington's Birthday,,WDW_AFTERHOURS,FLOWER_AND_GARDEN,SPRING,"SOUTH,FL",0,,,spring shoulder; EPCOT Flower And Garden; US school spring,,rules,2026-09-13T06:17:30+00:00
2028-03-23,Thu,3,WEEKDAY,0,12,3,Mar,23,83,1,2028,SPRING_SHOULDER,,,0,0,0,0,0,,,67,Memorial Day,31,Washington's Birthday,,WDW_AFTERHOURS,FLOWER_AND_GARDEN,,,0,,,spring shoulder; EPCOT Flower And Garden,,rules,2026-09-13T06:17:30+00:00
2028-03-24,Fri,4,FRI,0,12,3,Mar,24,84,1,2028,SPRING_SHOULDER,,,0,0,0,0,0,,,66,Memorial Day,32,Washington's Birthday,,WDW_AFTERHOURS,FLOWER_AND_GARDEN,,,0,,,spring shoulder; EPCOT Flower And Garden,,rules,2026-09-13T06:17:30+00:00
2028-03-25,Sat,5,SAT,1,12,3,Mar,25,85,1,2028,SPRING_SHOULDER,,,0,0,0,0,0,,,65,Memorial Day,33,Washington's Birthday,,WDW_AFTERHOURS,FLOWER_AND_GARDEN,,,0,,,spring shoulder; EPCOT Flower And Garden,,rules,2026-09-13T06:17:30+00:00
2028-03-26,Sun,6,SUN,1,12,3,Mar,26,86,1,2028,SPRING_SHOULDER,,,0,0,0,0,0,,,64,Memorial Day,34,Washington's Birthday,,WDW_AFTERHOURS,FLOWER_AND_GARDEN,,,0,,,spring shoulder; EPCOT Flower And Garden,,rules,2026-09-13T06:17:30+00:00
2028-03-27,Mon,0,WEEKDAY,0,13,3,Mar,27,87,1,2028,SPRING_SHOULDER,,,0,0,0,0,0,,,63,Memorial Day,35,Washington's Birthday,,WDW_AFTERHOURS,FLOWER_AND_GARDEN,,,0,,,spring shoulder; EPCOT Flower And Garden,,rules,2026-09-13T06:17:30+00:00
2028-03-28,Tue,1,WEEKDAY,0,13,3,Mar,28,88,1,2028,SPRING_SHOULDER,,,0,0,0,0,0,,,62,Memorial Day,36,Washington's Birthday,,WDW_AFTERHOURS,FLOWER_AND_GARDEN,,,0,,,spring shoulder; EPCOT Flower And Garden,,rules,2026-09-13T06:17:30+00:00
2028-03-29,Wed,2,WEEKDAY,0,13,3,Mar,29,89,1,2028,SPRING_SHOULDER,,,0,0,0,0,0,,,61,Memorial Day,37,Washington's Birthday,,WDW_AFTERHOURS,FLOWER_AND_GARDEN,,,0,,,spring shoulder; EPCOT Flower And Garden,,rules,2026-09-13T06:17:30+00:00
2028-03-30,Thu,3,WEEKDAY,0,13,3,Mar,30,90,1,2028,SPRING_SHOULDER,,,0,0,0,0,0,,,60,Memorial Day,38,Washington's Birthday,,WDW_AFTERHOURS,FLOWER_AND_GARDEN,,,0,,,spring shoulder; EPCOT Flower And Garden,,rules,2026-09-13T06:17:30+00:00
2028-03-31,Fri,4,FRI,0,13,3,Mar,31,91,1,2028,SPRING_SHOULDER,,,0,0,0,0,0,,,59,Memorial Day,39,Washington's Birthday,,WDW_AFTERHOURS,FLOWER_AND_GARDEN,,,0,,,spring shoulder; EPCOT Flower And Garden,,rules,2026-09-13T06:17:30+00:00
2028-04-01,Sat,5,SAT,1,13,4,Apr,1,92,2,2028,SPRING_SHOULDER,,,0,0,0,0,0,,,58,Memorial Day,40,Washington's Birthday,,WDW_AFTERHOURS,FLOWER_AND_GARDEN,,,0,,,spring shoulder; EPCOT Flower And Garden,,rules,2026-09-13T06:17:30+00:00
2028-04-02,Sun,6,SUN,1,13,4,Apr,2,93,2,2028,SPRING_SHOULDER,,,0,0,0,0,0,,,57,Memorial Day,41,Washington's Birthday,,WDW_AFTERHOURS,FLOWER_AND_GARDEN,,,0,,,spring shoulder; EPCOT Flower And Garden,,rules,2026-09-13T06:17:30+00:00
2028-04-03,Mon,0,WEEKDAY,0,14,4,Apr,3,94,2,2028,SPRING_SHOULDER,,,0,0,0,0,0,,,56,Memorial Day,42,Washington's Birthday,,WDW_AFTERHOURS,FLOWER_AND_GARDEN,,,0,,,spring shoulder; EPCOT Flower And Garden,,rules,2026-09-13T06:17:30+00:00
2028-04-04,Tue,1,WEEKDAY,0,14,4,Apr,4,95,2,2028,SPRING_SHOULDER,,,0,0,0,0,0,GOOD_FRIDAY,-10,55,Memorial Day,43,Washington's Birthday,,WDW_AFTERHOURS,FLOWER_AND_GARDEN,SPRING,"NE,SOUTH,MIDWEST,WEST,FL",0,,,spring shoulder; EPCOT Flower And Garden; US school spring,,rules,2026-09-13T06:17:30+00:00
2028-04-05,Wed,2,WEEKDAY,0,14,4,Apr,5,96,2,2028,SPRING_SHOULDER,,,0,0,0,0,0,GOOD_FRIDAY,-9,54,Memorial Day,44,Washington's Birthday,,WDW_AFTERHOURS,FLOWER_AND_GARDEN,SPRING,"NE,SOUTH,MIDWEST,WEST,FL",0,EASTER,,spring shoulder; EPCOT Flower And Garden; US school spring; UK easter,,rules,2026-09-13T06:17:30+00:00
2028-04-06,Thu,3,WEEKDAY,0,14,4,Apr,6,97,2,2028,SPRING_SHOULDER,,,0,0,0,0,0,GOOD_FRIDAY,-8,53,Memorial Day,45,Washington's Birthday,,WDW_AFTERHOURS,FLOWER_AND_GARDEN,SPRING,"NE,SOUTH,MIDWEST,WEST,FL",0,EASTER,,spring shoulder; EPCOT Flower And Garden; US school spring; UK easter,,rules,2026-09-13T06:17:30+00:00
2028-04-07,Fri,4,FRI,0,14,4,Apr,7,98,2,2028,SPRING_SHOULDER,,,0,0,0,0,0,GOOD_FRIDAY,-7,52,Memorial Day,46,Washington's Birthday,,WDW_AFTERHOURS,FLOWER_AND_GARDEN,SPRING,"NE,SOUTH,MIDWEST,WEST,FL",0,EASTER,,spring shoulder; EPCOT Flower And Garden; US school spring; UK easter,,rules,2026-09-13T06:17:30+00:00
2028-04-08,Sat,5,SAT,1,14,4,Apr,8,99,2,2028,EASTER_WK,,,0,0,0,0,0,GOOD_FRIDAY,-6,51,Memorial Day,47,Washington's Birthday,,WDW_AFTERHOURS,FLOWER_AND_GARDEN,SPRING,"NE,SOUTH,MIDWEST,WEST,FL",0,EASTER,,easter wk; EPCOT Flower And Garden; US school spring; UK easter,,rules,2026-09-13T06:17:30+00:00
2028-04-09,Sun,6,SUN,1,14,4,Apr,9,100,2,2028,EASTER_WK,,,0,0,0,0,0,GOOD_FRIDAY,-5,50,Memorial Day,48,Washington's Birthday,,WDW_AFTERHOURS,FLOWER_AND_GARDEN,SPRING,"NE,SOUTH,MIDWEST,WEST,FL",0,EASTER,,easter wk; EPCOT Flower And Garden; US school spring; UK easter,,rules,2026-09-13T06:17:30+00:00
2028-04-10,Mon,0,WEEKDAY,0,15,4,Apr,10,101,2,2028,EASTER_WK,,,0,0,0,0,0,GOOD_FRIDAY,-4,49,Memorial Day,49,Washington's Birthday,,WDW_AFTERHOURS,FLOWER_AND_GARDEN,SPRING,"NE,SOUTH,MIDWEST,WEST,FL",0,EASTER,,easter wk; EPCOT Flower And Garden; US school spring; UK easter,,rules,2026-09-13T06:17:30+00:00
2028-04-11,Tue,1,WEEKDAY,0,15,4,Apr,11,102,2,2028,EASTER_WK,,,0,0,0,0,0,GOOD_FRIDAY,-3,48,Memorial Day,50,Washington's Birthday,,WDW_AFTERHOURS,FLOWER_AND_GARDEN,SPRING,"NE,SOUTH,MIDWEST,WEST,FL",0,EASTER,,easter wk; EPCOT Flower And Garden; US school spring; UK easter,,rules,2026-09-13T06:17:30+00:00
2028-04-12,Wed,2,WEEKDAY,0,15,4,Apr,12,103,2,2028,EASTER_WK,,,0,0,0,0,0,GOOD_FRIDAY,-2,47,Memorial Day,51,Washington's Birthday,,WDW_AFTERHOURS,FLOWER_AND_GARDEN,SPRING,"NE,SOUTH,MIDWEST,WEST,FL",0,EASTER,,easter wk; EPCOT Flower And Garden; US school spring; UK easter,,rules,2026-09-13T06:17:30+00:00
2028-04-13,Thu,3,WEEKDAY,0,15,4,Apr,13,104,2,2028,EASTER_WK,,,0,0,0,0,0,GOOD_FRIDAY,-1,46,Memorial Day,52,Washington's Birthday,,WDW_AFTERHOURS,FLOWER_AND_GARDEN,SPRING,"NE,SOUTH,MIDWEST,WEST,FL",0,EASTER,,easter wk; EPCOT Flower And Garden; US school spring; UK easter,,rules,2026-09-13T06:17:30+00:00
2028-04-14,Fri,4,FRI,0,15,4,Apr,14,105,2,2028,EASTER_WK,,,0,0,0,0,0,GOOD_FRIDAY,0,45,Memorial Day,53,Washington's Birthday,,WDW_AFTERHOURS,FLOWER_AND_GARDEN,SPRING,"NE,SOUTH,MIDWEST,WEST,FL",0,EASTER,,easter wk; EPCOT Flower And Garden; US school spring; UK easter,,rules,2026-09-13T06:17:30+00:00
2028-04-15,Sat,5,SAT,1,15,4,Apr,15,106,2,2028,EASTER_WK,,,0,0,0,0,0,EASTER,-1,44,Memorial Day,54,Washington's Birthday,,WDW_AFTERHOURS,FLOWER_AND_GARDEN,SPRING,"NE,SOUTH,MIDWEST,WEST,FL",0,EASTER,,easter wk; EPCOT Flower And Garden; US school spring; UK easter,,rules,2026-09-13T06:17:30+00:00
2028-04-16,Sun,6,SUN,1,15,4,Apr,16,107,2,2028,EASTER_WK,,,0,0,0,0,0,EASTER,0,43,Memorial Day,55,Washington's Birthday,,WDW_AFTERHOURS,FLOWER_AND_GARDEN,SPRING,"NE,SOUTH,MIDWEST,WEST,FL",0,EASTER,,easter wk; EPCOT Flower And Garden; US school spring; UK easter,,rules,2026-09-13T06:17:30+00:00
2028-04-17,Mon,0,WEEKDAY,0,16,4,Apr,17,108,2,2028,EASTER_WK,,,0,0,0,0,0,EASTER,1,42,Memorial Day,56,Washington's Birthday,,WDW_AFTERHOURS,FLOWER_AND_GARDEN,SPRING,"NE,SOUTH,MIDWEST,WEST,FL",0,EASTER,,easter wk; EPCOT Flower And Garden; US school spring; UK easter,,rules,2026-09-13T06:17:30+00:00
2028-04-18,Tue,1,WEEKDAY,0,16,4,Apr,18,109,2,2028,EASTER_WK,,,0,0,0,0,0,EASTER,2,41,Memorial Day,57,Washington's Birthday,,WDW_AFTERHOURS,FLOWER_AND_GARDEN,SPRING,"NE,SOUTH,MIDWEST,WEST,FL",0,EASTER,,easter wk; EPCOT Flower And Garden; US school spring; UK easter,,rules,2026-09-13T06:17:30+00:00
2028-04-19,Wed,2,WEEKDAY,0,16,4,Apr,19,110,2,2028,EASTER_WK,,,0,0,0,0,0,EASTER,3,40,Memorial Day,58,Washington's Birthday,,WDW_AFTERHOURS,FLOWER_AND_GARDEN,SPRING,"NE,SOUTH,MIDWEST,WEST,FL",0,EASTER,,easter wk; EPCOT Flower And Garden; US school spring; UK easter,,rules,2026-09-13T06:17:30+00:00
2028-04-20,Thu,3,WEEKDAY,0,16,4,Apr,20,111,2,2028,EASTER_WK,,,0,0,0,0,0,EASTER,4,39,Memorial Day,59,Washington's Birthday,,WDW_AFTERHOURS,FLOWER_AND_GARDEN,SPRING,"NE,SOUTH,MIDWEST,WEST,FL",0,EASTER,,easter wk; EPCOT Flower And Garden; US school spring; UK easter,,rules,2026-09-13T06:17:30+00:00
2028-04-21,Fri,4,FRI,0,16,4,Apr,21,112,2,2028,EASTER_WK,,,0,0,0,0,0,EASTER,5,38,Memorial Day,60,Washington's Birthday,,WDW_AFTERHOURS,FLOWER_AND_GARDEN,SPRING,"NE,SOUTH,MIDWEST,WEST,FL",0,EASTER,,easter wk; EPCOT Flower And Garden; US school spring; UK easter,,rules,2026-09-13T06:17:30+00:00
2028-04-22,Sat,5,SAT,1,16,4,Apr,22,113,2,2028,EASTER_WK,,,0,0,0,0,0,EASTER,6,37,Memorial Day,61,Washington's Birthday,,WDW_AFTERHOURS,FLOWER_AND_GARDEN,SPRING,"NE,SOUTH,MIDWEST,WEST,FL",0,EASTER,,easter wk; EPCOT Flower And Garden; US school spring; UK easter,,rules,2026-09-13T06:17:30+00:00
2028-04-23,Sun,6,SUN,1,16,4,Apr,23,114,2,2028,EASTER_WK,,,0,0,0,0,0,EASTER,7,36,Memorial Day,62,Washington's Birthday,,WDW_AFTERHOURS,FLOWER_AND_GARDEN,,,0,EASTER,,easter wk; EPCOT Flower And Garden; UK easter,,rules,2026-09-13T06:17:30+00:00
2028-04-24,Mon,0,WEEKDAY,0,17,4,Apr,24,115,2,2028,EASTER_WK,,,0,0,0,0,0,EASTER,8,35,Memorial Day,63,Washington's Birthday,,WDW_AFTERHOURS,FLOWER_AND_GARDEN,,,0,EASTER,,easter wk; EPCOT Flower And Garden; UK easter,,rules,2026-09-13T06:17:30+00:00
2028-04-25,Tue,1,WEEKDAY,0,17,4,Apr,25,116,2,2028,SPRING_SHOULDER,,,0,0,0,0,0,EASTER,9,34,Memorial Day,64,Washington's Birthday,,WDW_AFTERHOURS,FLOWER_AND_GARDEN,,,0,EASTER,,spring shoulder; EPCOT Flower And Garden; UK easter,,rules,2026-09-13T06:17:30+00:00
2028-04-26,Wed,2,WEEKDAY,0,17,4,Apr,26,117,2,2028,REGULAR,,,0,0,0,0,0,EASTER,10,33,Memorial Day,65,Washington's Birthday,,WDW_AFTERHOURS,FLOWER_AND_GARDEN,,,0,EASTER,,EPCOT Flower And Garden; UK easter,,rules,2026-09-13T06:17:30+00:00
2028-04-27,Thu,3,WEEKDAY,0,17,4,Apr,27,118,2,2028,REGULAR,,,0,0,0,0,0,,,32,Memorial Day,66,Washington's Birthday,,WDW_AFTERHOURS,FLOWER_AND_GARDEN,,,0,EASTER,,EPCOT Flower And Garden; UK easter,,rules,2026-09-13T06:17:30+00:00
2028-04-28,Fri,4,FRI,0,17,4,Apr,28,119,2,2028,REGULAR,,,0,0,0,0,0,,,31,Memorial Day,67,Washington's Birthday,,WDW_AFTERHOURS,FLOWER_AND_GARDEN,,,0,,,EPCOT Flower And Garden,,rules,2026-09-13T06:17:30+00:00
2028-04-29,Sat,5,SAT,1,17,4,Apr,29,120,2,2028,REGULAR,,,0,0,0,0,0,,,30,Memorial Day,68,Washington's Birthday,,WDW_AFTERHOURS,FLOWER_AND_GARDEN,,,0,,,EPCOT Flower And Garden,,rules,2026-09-13T06:17:30+00:00
2028-04-30,Sun,6,SUN,1,17,4,Apr,30,121,2,2028,REGULAR,,,0,0,0,0,0,,,29,Memorial Day,69,Washington's Birthday,,WDW_AFTERHOURS,FLOWER_AND_GARDEN,,,0,,,EPCOT Flower And Garden,,rules,2026-09-13T06:17:30+00:00
2028-05-01,Mon,0,WEEKDAY,0,18,5,May,1,122,2,2028,REGULAR,,,0,0,0,0,0,,,28,Memorial Day,70,Washington's Birthday,,WDW_AFTERHOURS,FLOWER_AND_GARDEN,,,0,,,EPCOT Flower And Garden,,rules,2026-09-13T06:17:30+00:00
2028-05-02,Tue,1,WEEKDAY,0,18,5,May,2,123,2,2028,REGULAR,,,0,0,0,0,0,,,27,Memorial Day,71,Washington's Birthday,,WDW_AFTERHOURS,FLOWER_AND_GARDEN,,,0,,,EPCOT Flower And Garden,,rules,2026-09-13T06:17:30+00:00
2028-05-03,Wed,2,WEEKDAY,0,18,5,May,3,124,2,2028,REGULAR,,,0,0,0,0,0,,,26,Memorial Day,72,Washington's Birthday,,WDW_AFTERHOURS,FLOWER_AND_GARDEN,,,0,,,EPCOT Flower And Garden,,rules,2026-09-13T06:17:30+00:00
2028-05-04,Thu,3,WEEKDAY,0,18,5,May,4,125,2,2028,REGULAR,,,0,0,0,0,0,,,25,Memorial Day,73,Washington's Birthday,,WDW_AFTERHOURS,FLOWER_AND_GARDEN,,,0,,,EPCOT Flower And Garden,,rules,2026-09-13T06:17:30+00:00
2028-05-05,Fri,4,FRI,0,18,5,May,5,126,2,2028,REGULAR,,,0,0,0,0,0,,,24,Memorial Day,74,Washington's Birthday,,WDW_AFTERHOURS,FLOWER_AND_GARDEN,,,0,,,EPCOT Flower And Garden,,rules,2026-09-13T06:17:30+00:00
2028-05-06,Sat,5,SAT,1,18,5,May,6,127,2,2028,REGULAR,,,0,0,0,0,0,,,23,Memorial Day,75,Washington's Birthday,,WDW_AFTERHOURS,FLOWER_AND_GARDEN,,,0,,,EPCOT Flower And Garden,,rules,2026-09-13T06:17:30+00:00
2028-05-07,Sun,6,SUN,1,18,5,May,7,128,2,2028,REGULAR,,,0,0,0,0,0,,,22,Memorial Day,76,Washington's Birthday,,WDW_AFTERHOURS,FLOWER_AND_GARDEN,,,0,,,EPCOT Flower And Garden,,rules,2026-09-13T06:17:30+00:00
2028-05-08,Mon,0,WEEKDAY,0,19,5,May,8,129,2,2028,REGULAR,,,0,0,0,0,0,,,21,Memorial Day,77,Washington's Birthday,,WDW_AFTERHOURS,FLOWER_AND_GARDEN,,,0,,,EPCOT Flower And Garden,,rules,2026-09-13T06:17:30+00:00
2028-05-09,Tue,1,WEEKDAY,0,19,5,May,9,130,2,2028,REGULAR,,,0,0,0,0,0,,,20,Memorial Day,78,Washington's Birthday,,WDW_AFTERHOURS,FLOWER_AND_GARDEN,,,0,,,EPCOT Flower And Garden,,rules,2026-09-13T06:17:30+00:00
2028-05-10,Wed,2,WEEKDAY,0,19,5,May,10,131,2,2028,REGULAR,,,0,0,0,0,0,,,19,Memorial Day,79,Washington's Birthday,,WDW_AFTERHOURS,FLOWER_AND_GARDEN,,,0,,,EPCOT Flower And Garden,,rules,2026-09-13T06:17:30+00:00
2028-05-11,Thu,3,WEEKDAY,0,19,5,May,11,132,2,2028,REGULAR,,,0,0,0,0,0,,,18,Memorial Day,80,Washington's Birthday,,WDW_AFTERHOURS,FLOWER_AND_GARDEN,,,0,,,EPCOT Flower And Garden,,rules,2026-09-13T06:17:30+00:00
2028-05-12,Fri,4,FRI,0,19,5,May,12,133,2,2028,REGULAR,,,0,0,0,0,0,,,17,Memorial Day,81,Washington's Birthday,,WDW_AFTERHOURS,FLOWER_AND_GARDEN,,,0,,,EPCOT Flower And Garden,,rules,2026-09-13T06:17:30+00:00
2028-05-13,Sat,5,SAT,1,19,5,May,13,134,2,2028,REGULAR,,,0,0,0,0,0,,,16,Memorial Day,82,Washington's Birthday,,WDW_AFTERHOURS,FLOWER_AND_GARDEN,,,0,,,EPCOT Flower And Garden,,rules,2026-09-13T06:17:30+00:00
2028-05-14,Sun,6,SUN,1,19,5,May,14,135,2,2028,REGULAR,,,0,0,0,0,0,,,15,Memorial Day,83,Washington's Birthday,,WDW_AFTERHOURS,FLOWER_AND_GARDEN,,,0,,,EPCOT Flower And Garden,,rules,2026-09-13T06:17:30+00:00
2028-05-15,Mon,0,WEEKDAY,0,20,5,May,15,136,2,2028,REGULAR,,,0,0,0,0,0,,,14,Memorial Day,84,Washington's Birthday,,WDW_AFTERHOURS,FLOWER_AND_GARDEN,,,0,,,EPCOT Flower And Garden,,rules,2026-09-13T06:17:30+00:00
2028-05-16,Tue,1,WEEKDAY,0,20,5,May,16,137,2,2028,REGULAR,,,0,0,0,0,0,,,13,Memorial Day,85,Washington's Birthday,,,FLOWER_AND_GARDEN,,,0,,,EPCOT Flower And Garden,,rules,2026-09-13T06:17:30+00:00
2028-05-17,Wed,2,WEEKDAY,0,20,5,May,17,138,2,2028,REGULAR,,,0,0,0,0,0,,,12,Memorial Day,86,Washington's Birthday,,,FLOWER_AND_GARDEN,,,0,,,EPCOT Flower And Garden,,rules,2026-09-13T06:17:30+00:00
2028-05-18,Thu,3,WEEKDAY,0,20,5,May,18,139,2,2028,REGULAR,,,0,0,0,0,0,,,11,Memorial Day,87,Washington's Birthday,,,FLOWER_AND_GARDEN,,,0,,,EPCOT Flower And Garden,,rules,2026-09-13T06:17:30+00:00
2028-05-19,Fri,4,FRI,0,20,5,May,19,140,2,2028,REGULAR,,,0,0,0,0,0,MEMORIAL,-10,10,Memorial Day,88,Washington's Birthday,,,FLOWER_AND_GARDEN,,,0,,,EPCOT Flower And Garden,,rules,2026-09-13T06:17:30+00:00
2028-05-20,Sat,5,SAT,1,20,5,May,20,141,2,2028,REGULAR,,,0,0,0,0,0,MEMORIAL,-9,9,Memorial Day,89,Washington's Birthday,,,FLOWER_AND_GARDEN,,,0,,,EPCOT Flower And Garden,,rules,2026-09-13T06:17:30+00:00
2028-05-21,Sun,6,SUN,1,20,5,May,21,142,2,2028,REGULAR,,,0,0,0,0,0,MEMORIAL,-8,8,Memorial Day,90,Washington's Birthday,,,FLOWER_AND_GARDEN,,,0,,,EPCOT Flower And Garden,,rules,2026-09-13T06:17:30+00:00
2028-05-22,Mon,0,WEEKDAY,0,21,5,May,22,143,2,2028,REGULAR,,,0,0,0,0,0,MEMORIAL,-7,7,Memorial Day,91,Washington's Birthday,,,FLOWER_AND_GARDEN,,,0,,,EPCOT Flower And Garden,,rules,2026-09-13T06:17:30+00:00
2028-05-23,Tue,1,WEEKDAY,0,21,5,May,23,144,2,2028,REGULAR,,,0,0,0,0,0,MEMORIAL,-6,6,Memorial Day,92,Washington's Birthday,,,FLOWER_AND_GARDEN,,,0,,,EPCOT Flower And Garden,,rules,2026-09-13T06:17:30+00:00
2028-05-24,Wed,2,WEEKDAY,0,21,5,May,24,145,2,2028,REGULAR,,,0,0,0,0,0,MEMORIAL,-5,5,Memorial Day,93,Washington's Birthday,,,FLOWER_AND_GARDEN,,,0,,,EPCOT Flower And Garden,,rules,2026-09-13T06:17:30+00:00
2028-05-25,Thu,3,WEEKDAY,0,21,5,May,25,146,2,2028,REGULAR,,,0,0,0,0,0,MEMORIAL,-4,4,Memorial Day,94,Washington's Birthday,,,FLOWER_AND_GARDEN,,,0,,,EPCOT Flower And Garden,,rules,2026-09-13T06:17:30+00:00
2028-05-26,Fri,4,FRI,0,21,5,May,26,147,2,2028,MEMORIAL_WKND,,,0,0,0,1,0,MEMORIAL,-3,3,Memorial Day,95,Washington's Birthday,,,FLOWER_AND_GARDEN,,,0,,,long weekend; memorial wknd; EPCOT Flower And Garden,,rules,2026-09-13T06:17:30+00:00
2028-05-27,Sat,5,SAT,1,21,5,May,27,148,2,2028,MEMORIAL_WKND,,,0,0,0,1,0,MEMORIAL,-2,2,Memorial Day,96,Washington's Birthday,,,FLOWER_AND_GARDEN,,,0,,,long weekend; memorial wknd; EPCOT Flower And Garden,,rules,2026-09-13T06:17:30+00:00
2028-05-28,Sun,6,SUN,1,21,5,May,28,149,2,2028,MEMORIAL_WKND,,,0,1,0,1,0,MEMORIAL,-1,1,Memorial Day,97,Washington's Birthday,,,FLOWER_AND_GARDEN,,,0,,,long weekend; memorial wknd; EPCOT Flower And Garden,,rules,2026-09-13T06:17:30+00:00
2028-05-29,Mon,0,WEEKDAY,0,22,5,May,29,150,2,2028,MEMORIAL_WKND,Memorial Day,federal,1,0,0,1,0,MEMORIAL,0,21,Juneteenth National Independence Day,98,Washington's Birthday,,,FLOWER_AND_GARDEN,,,0,MAY_HALF_TERM,,Memorial Day; memorial wknd; EPCOT Flower And Garden; UK may half term,,rules,2026-09-13T06:17:30+00:00
2028-05-30,Tue,1,WEEKDAY,0,22,5,May,30,151,2,2028,MEMORIAL_WKND,,,0,0,1,0,0,MEMORIAL,1,20,Juneteenth National Independence Day,1,Memorial Day,,,FLOWER_AND_GARDEN,,,0,MAY_HALF_TERM,,memorial wknd; EPCOT Flower And Garden; UK may half term,,rules,2026-09-13T06:17:30+00:00
2028-05-31,Wed,2,WEEKDAY,0,22,5,May,31,152,2,2028,REGULAR,,,0,0,0,0,0,MEMORIAL,2,19,Juneteenth National Independence Day,2,Memorial Day,,,FLOWER_AND_GARDEN,,,0,MAY_HALF_TERM,,EPCOT Flower And Garden; UK may half term,,rules,2026-09-13T06:17:30+00:00
2028-06-01,Thu,3,WEEKDAY,0,22,6,Jun,1,153,2,2028,REGULAR,,,0,0,0,0,0,MEMORIAL,3,18,Juneteenth National Independence Day,3,Memorial Day,,,FLOWER_AND_GARDEN,,,0,MAY_HALF_TERM,,EPCOT Flower And Garden; UK may half term,,rules,2026-09-13T06:17:30+00:00
2028-06-02,Fri,4,FRI,0,22,6,Jun,2,154,2,2028,REGULAR,,,0,0,0,0,0,MEMORIAL,4,17,Juneteenth National Independence Day,4,Memorial Day,,,FLOWER_AND_GARDEN,,,0,MAY_HALF_TERM,,EPCOT Flower And Garden; UK may half term,,rules,2026-09-13T06:17:30+00:00
2028-06-03,Sat,5,SAT,1,22,6,Jun,3,155,2,2028,REGULAR,,,0,0,0,0,0,MEMORIAL,5,16,Juneteenth National Independence Day,5,Memorial Day,,,FLOWER_AND_GARDEN,,,0,,,EPCOT Flower And Garden,,rules,2026-09-13T06:17:30+00:00
2028-06-04,Sun,6,SUN,1,22,6,Jun,4,156,2,2028,REGULAR,,,0,0,0,0,0,MEMORIAL,6,15,Juneteenth National Independence Day,6,Memorial Day,,,FLOWER_AND_GARDEN,,,0,,,EPCOT Flower And Garden,,rules,2026-09-13T06:17:30+00:00
2028-06-05,Mon,0,WEEKDAY,0,23,6,Jun,5,157,2,2028,REGULAR,,,0,0,0,0,0,MEMORIAL,7,14,Juneteenth National Independence Day,7,Memorial Day,,,FLOWER_AND_GARDEN,,,0,,,EPCOT Flower And Garden,,rules,2026-09-13T06:17:30+00:00
2028-06-06,Tue,1,WEEKDAY,0,23,6,Jun,6,158,2,2028,REGULAR,,,0,0,0,0,0,MEMORIAL,8,13,Juneteenth National Independence Day,8,Memorial Day,,,FLOWER_AND_GARDEN,,,0,,,EPCOT Flower And Garden,,rules,2026-09-13T06:17:30+00:00
2028-06-07,Wed,2,WEEKDAY,0,23,6,Jun,7,159,2,2028,REGULAR,,,0,0,0,0,0,MEMORIAL,9,12,Juneteenth National Independence Day,9,Memorial Day,,,FLOWER_AND_GARDEN,,,0,,,EPCOT Flower And Garden,,rules,2026-09-13T06:17:30+00:00
2028-06-08,Thu,3,WEEKDAY,0,23,6,Jun,8,160,2,2028,SUMMER_PEAK,,,0,0,0,0,0,MEMORIAL,10,11,Juneteenth National Independence Day,10,Memorial Day,,,FLOWER_AND_GARDEN,SUMMER,"NE,SOUTH,MIDWEST,WEST,FL",0,,,summer peak; EPCOT Flower And Garden; US school summer,,rules,2026-09-13T06:17:30+00:00
2028-06-09,Fri,4,FRI,0,23,6,Jun,9,161,2,2028,SUMMER_PEAK,,,0,0,0,0,0,,,10,Juneteenth National Independence Day,11,Memorial Day,,,FLOWER_AND_GARDEN,SUMMER,"NE,SOUTH,MIDWEST,WEST,FL",0,,,summer peak; EPCOT Flower And Garden; US school summer,,rules,2026-09-13T06:17:30+00:00
2028-06-10,Sat,5,SAT,1,23,6,Jun,10,162,2,2028,SUMMER_PEAK,,,0,0,0,0,0,,,9,Juneteenth National Independence Day,12,Memorial Day,,,FLOWER_AND_GARDEN,SUMMER,"NE,SOUTH,MIDWEST,WEST,FL",0,,,summer peak; EPCOT Flower And Garden; US school summer,,rules,2026-09-13T06:17:30+00:00
2028-06-11,Sun,6,SUN,1,23,6,Jun,11,163,2,2028,SUMMER_PEAK,,,0,0,0,0,0,,,8,Juneteenth National Independence Day,13,Memorial Day,,,FLOWER_AND_GARDEN,SUMMER,"NE,SOUTH,MIDWEST,WEST,FL",0,,,summer peak; EPCOT Flower And Garden; US school summer,,rules,2026-09-13T06:17:30+00:00
2028-06-12,Mon,0,WEEKDAY,0,24,6,Jun,12,164,2,2028,SUMMER_PEAK,,,0,0,0,0,0,,,7,Juneteenth National Independence Day,14,Memorial Day,,,FLOWER_AND_GARDEN,SUMMER,"NE,SOUTH,MIDWEST,WEST,FL",0,,,summer peak; EPCOT Flower And Garden; US school summer,,rules,2026-09-13T06:17:30+00:00
2028-06-13,Tue,1,WEEKDAY,0,24,6,Jun,13,165,2,2028,SUMMER_PEAK,,,0,0,0,0,0,,,6,Juneteenth National Independence Day,15,Memorial Day,,,FLOWER_AND_GARDEN,SUMMER,"NE,SOUTH,MIDWEST,WEST,FL",0,,,summer peak; EPCOT Flower And Garden; US school summer,,rules,2026-09-13T06:17:30+00:00
2028-06-14,Wed,2,WEEKDAY,0,24,6,Jun,14,166,2,2028,SUMMER_PEAK,,,0,0,0,0,0,,,5,Juneteenth National Independence Day,16,Memorial Day,,,FLOWER_AND_GARDEN,SUMMER,"NE,SOUTH,MIDWEST,WEST,FL",0,,,summer peak; EPCOT Flower And Garden; US school summer,,rules,2026-09-13T06:17:30+00:00
2028-06-15,Thu,3,WEEKDAY,0,24,6,Jun,15,167,2,2028,SUMMER_PEAK,,,0,0,0,0,0,,,4,Juneteenth National Independence Day,17,Memorial Day,,,FLOWER_AND_GARDEN,SUMMER,"NE,SOUTH,MIDWEST,WEST,FL",0,,,summer peak; EPCOT Flower And Garden; US school summer,,rules,2026-09-13T06:17:30+00:00
2028-06-16,Fri,4,FRI,0,24,6,Jun,16,168,2,2028,SUMMER_PEAK,,,0,0,0,1,0,,,3,Juneteenth National Independence Day,18,Memorial Day,,,FLOWER_AND_GARDEN,SUMMER,"NE,SOUTH,MIDWEST,WEST,FL",0,,,long weekend; summer peak; EPCOT Flower And Garden; US school summer,,rules,2026-09-13T06:17:30+00:00
2028-06-17,Sat,5,SAT,1,24,6,Jun,17,169,2,2028,SUMMER_PEAK,,,0,0,0,1,0,,,2,Juneteenth National Independence Day,19,Memorial Day,,,FLOWER_AND_GARDEN,SUMMER,"NE,SOUTH,MIDWEST,WEST,FL",0,,,long weekend; summer peak; EPCOT Flower And Garden; US school summer,,rules,2026-09-13T06:17:30+00:00
2028-06-18,Sun,6,SUN,1,24,6,Jun,18,170,2,2028,SUMMER_PEAK,,,0,1,0,1,0,,,1,Juneteenth National Independence Day,20,Memorial Day,,,FLOWER_AND_GARDEN,SUMMER,"NE,SOUTH,MIDWEST,WEST,FL",0,,,long weekend; summer peak; EPCOT Flower And Garden; US school summer,,rules,2026-09-13T06:17:30+00:00
2028-06-19,Mon,0,WEEKDAY,0,25,6,Jun,19,171,2,2028,SUMMER_PEAK,Juneteenth National Independence Day,federal,1,0,0,1,0,,,15,Independence Day,21,Memorial Day,,,FLOWER_AND_GARDEN,SUMMER,"NE,SOUTH,MIDWEST,WEST,FL",0,,,Juneteenth National Independence Day; summer peak; EPCOT Flower And Garden; US school summer,,rules,2026-09-13T06:17:30+00:00
2028-06-20,Tue,1,WEEKDAY,0,25,6,Jun,20,172,2,2028,SUMMER_PEAK,,,0,0,1,0,0,,,14,Independence Day,1,Juneteenth National Independence Day,,,FLOWER_AND_GARDEN,SUMMER,"NE,SOUTH,MIDWEST,WEST,FL",0,,,summer peak; EPCOT Flower And Garden; US school summer,,rules,2026-09-13T06:17:30+00:00
2028-06-21,Wed,2,WEEKDAY,0,25,6,Jun,21,173,2,2028,SUMMER_PEAK,,,0,0,0,0,0,,,13,Independence Day,2,Juneteenth National Independence Day,,,FLOWER_AND_GARDEN,SUMMER,"NE,SOUTH,MIDWEST,WEST,FL",0,,,summer peak; EPCOT Flower And Garden; US school summer,,rules,2026-09-13T06:17:30+00:00
2028-06-22,Thu,3,WEEKDAY,0,25,6,Jun,22,174,2,2028,SUMMER_PEAK,,,0,0,0,0,0,,,12,Independence Day,3,Juneteenth National Independence Day,,,FLOWER_AND_GARDEN,SUMMER,"NE,SOUTH,MIDWEST,WEST,FL",0,,,summer peak; EPCOT Flower And Garden; US school summer,,rules,2026-09-13T06:17:30+00:00
2028-06-23,Fri,4,FRI,0,25,6,Jun,23,175,2,2028,SUMMER_PEAK,,,0,0,0,0,0,,,11,Independence Day,4,Juneteenth National Independence Day,,,FLOWER_AND_GARDEN,SUMMER,"NE,SOUTH,MIDWEST,WEST,FL",0,,,summer peak; EPCOT Flower And Garden; US school summer,,rules,2026-09-13T06:17:30+00:00
2028-06-24,Sat,5,SAT,1,25,6,Jun,24,176,2,2028,SUMMER_PEAK,,,0,0,0,0,0,JULY4,-10,10,Independence Day,5,Juneteenth National Independence Day,,,FLOWER_AND_GARDEN,SUMMER,"NE,SOUTH,MIDWEST,WEST,FL",0,,,summer peak; EPCOT Flower And Garden; US school summer,,rules,2026-09-13T06:17:30+00:00
2028-06-25,Sun,6,SUN,1,25,6,Jun,25,177,2,2028,SUMMER_PEAK,,,0,0,0,0,0,JULY4,-9,9,Independence Day,6,Juneteenth National Independence Day,,,FLOWER_AND_GARDEN,SUMMER,"NE,SOUTH,MIDWEST,WEST,FL",0,,,summer peak; EPCOT Flower And Garden; US school summer,,rules,2026-09-13T06:17:30+00:00
2028-06-26,Mon,0,WEEKDAY,0,26,6,Jun,26,178,2,2028,SUMMER_PEAK,,,0,0,0,0,0,JULY4,-8,8,Independence Day,7,Juneteenth National Independence Day,,,FLOWER_AND_GARDEN,SUMMER,"NE,SOUTH,MIDWEST,WEST,FL",0,,,summer peak; EPCOT Flower And Garden; US school summer,,rules,2026-09-13T06:17:30+00:00
2028-06-27,Tue,1,WEEKDAY,0,26,6,Jun,27,179,2,2028,SUMMER_PEAK,,,0,0,0,0,0,JULY4,-7,7,Independence Day,8,Juneteenth National Independence Day,,,FLOWER_AND_GARDEN,SUMMER,"NE,SOUTH,MIDWEST,WEST,FL",0,,,summer peak; EPCOT Flower And Garden; US school summer,,rules,2026-09-13T06:17:30+00:00
2028-06-28,Wed,2,WEEKDAY,0,26,6,Jun,28,180,2,2028,SUMMER_PEAK,,,0,0,0,0,0,JULY4,-6,6,Independence Day,9,Juneteenth National Independence Day,,,FLOWER_AND_GARDEN,SUMMER,"NE,SOUTH,MIDWEST,WEST,FL",0,,,summer peak; EPCOT Flower And Garden; US school summer,,rules,2026-09-13T06:17:30+00:00
2028-06-29,Thu,3,WEEKDAY,0,26,6,Jun,29,181,2,2028,SUMMER_PEAK,,,0,0,0,0,0,JULY4,-5,5,Independence Day,10,Juneteenth National Independence Day,,,FLOWER_AND_GARDEN,SUMMER,"NE,SOUTH,MIDWEST,WEST,FL",0,,,summer peak; EPCOT Flower And Garden; US school summer,,rules,2026-09-13T06:17:30+00:00
2028-06-30,Fri,4,FRI,0,26,6,Jun,30,182,2,2028,SUMMER_PEAK,,,0,0,0,0,0,JULY4,-4,4,Independence Day,11,Juneteenth National Independence Day,,,FLOWER_AND_GARDEN,SUMMER,"NE,SOUTH,MIDWEST,WEST,FL",0,,,summer peak; EPCOT Flower And Garden; US school summer,,rules,2026-09-13T06:17:30+00:00
2028-07-01,Sat,5,SAT,1,26,7,Jul,1,183,3,2028,JULY4_WK,,,0,0,0,0,0,JULY4,-3,3,Independence Day,12,Juneteenth National Independence Day,,,FLOWER_AND_GARDEN,SUMMER,"NE,SOUTH,MIDWEST,WEST,FL",0,,WINTER,july4 wk; EPCOT Flower And Garden; US school summer; Brazil winter,,rules,2026-09-13T06:17:30+00:00
2028-07-02,Sun,6,SUN,1,26,7,Jul,2,184,3,2028,JULY4_WK,,,0,0,0,0,0,JULY4,-2,2,Independence Day,13,Juneteenth National Independence Day,,,FLOWER_AND_GARDEN,SUMMER,"NE,SOUTH,MIDWEST,WEST,FL",0,,WINTER,july4 wk; EPCOT Flower And Garden; US school summer; Brazil winter,,rules,2026-09-13T06:17:30+00:00
2028-07-03,Mon,0,WEEKDAY,0,27,7,Jul,3,185,3,2028,JULY4_WK,,,0,1,0,0,1,JULY4,-1,1,Independence Day,14,Juneteenth National Independence Day,,,FLOWER_AND_GARDEN,SUMMER,"NE,SOUTH,MIDWEST,WEST,FL",0,,WINTER,july4 wk; EPCOT Flower And Garden; US school summer; Brazil winter,,rules,2026-09-13T06:17:30+00:00
2028-07-04,Tue,1,WEEKDAY,0,27,7,Jul,4,186,3,2028,JULY4_WK,Independence Day,federal,1,0,0,0,0,JULY4,0,62,Labor Day,15,Juneteenth National Independence Day,,,FLOWER_AND_GARDEN,SUMMER,"NE,SOUTH,MIDWEST,WEST,FL",0,,WINTER,Independence Day; july4 wk; EPCOT Flower And Garden; US school summer; Brazil winter,,rules,2026-09-13T06:17:30+00:00
2028-07-05,Wed,2,WEEKDAY,0,27,7,Jul,5,187,3,2028,JULY4_WK,,,0,0,1,0,0,JULY4,1,61,Labor Day,1,Independence Day,,,FLOWER_AND_GARDEN,SUMMER,"NE,SOUTH,MIDWEST,WEST,FL",0,,WINTER,july4 wk; EPCOT Flower And Garden; US school summer; Brazil winter,,rules,2026-09-13T06:17:30+00:00
2028-07-06,Thu,3,WEEKDAY,0,27,7,Jul,6,188,3,2028,JULY4_WK,,,0,0,0,0,0,JULY4,2,60,Labor Day,2,Independence Day,,,FLOWER_AND_GARDEN,SUMMER,"NE,SOUTH,MIDWEST,WEST,FL",0,,WINTER,july4 wk; EPCOT Flower And Garden; US school summer; Brazil winter,,rules,2026-09-13T06:17:30+00:00
2028-07-07,Fri,4,FRI,0,27,7,Jul,7,189,3,2028,JULY4_WK,,,0,0,0,0,0,JULY4,3,59,Labor Day,3,Independence Day,,,,SUMMER,"NE,SOUTH,MIDWEST,WEST,FL",0,,WINTER,july4 wk; US school summer; Brazil winter,,rules,2026-09-13T06:17:30+00:00
2028-07-08,Sat,5,SAT,1,27,7,Jul,8,190,3,2028,SUMMER_PEAK,,,0,0,0,0,0,JULY4,4,58,Labor Day,4,Independence Day,,,,SUMMER,"NE,SOUTH,MIDWEST,WEST,FL",0,,WINTER,summer peak; US school summer; Brazil winter,,rules,2026-09-13T06:17:30+00:00
2028-07-09,Sun,6,SUN,1,27,7,Jul,9,191,3,2028,SUMMER_PEAK,,,0,0,0,0,0,JULY4,5,57,Labor Day,5,Independence Day,,,,SUMMER,"NE,SOUTH,MIDWEST,WEST,FL",0,,WINTER,summer peak; US school summer; Brazil winter,,rules,2026-09-13T06:17:30+00:00
2028-07-10,Mon,0,WEEKDAY,0,28,7,Jul,10,192,3,2028,SUMMER_PEAK,,,0,0,0,0,0,JULY4,6,56,Labor Day,6,Independence Day,,,,SUMMER,"NE,SOUTH,MIDWEST,WEST,FL",0,,WINTER,summer peak; US school summer; Brazil winter,,rules,2026-09-13T06:17:30+00:00
2028-07-11,Tue,1,WEEKDAY,0,28,7,Jul,11,193,3,2028,SUMMER_PEAK,,,0,0,0,0,0,JULY4,7,55,Labor Day,7,Independence Day,,,,SUMMER,"NE,SOUTH,MIDWEST,WEST,FL",0,,WINTER,summer peak; US school summer; Brazil winter,,rules,2026-09-13T06:17:30+00:00
2028-07-12,Wed,2,WEEKDAY,0,28,7,Jul,12,194,3,2028,SUMMER_PEAK,,,0,0,0,0,0,JULY4,8,54,Labor Day,8,Independence Day,,,,SUMMER,"NE,SOUTH,MIDWEST,WEST,FL",0,,WINTER,summer peak; US school summer; Brazil winter,,rules,2026-09-13T06:17:30+00:00
2028-07-13,Thu,3,WEEKDAY,0,28,7,Jul,13,195,3,2028,SUMMER_PEAK,,,0,0,0,0,0,JULY4,9,53,Labor Day,9,Independence Day,,,,SUMMER,"NE,SOUTH,MIDWEST,WEST,FL",0,,WINTER,summer peak; US school summer; Brazil winter,,rules,2026-09-13T06:17:30+00:00
2028-07-14,Fri,4,FRI,0,28,7,Jul,14,196,3,2028,SUMMER_PEAK,,,0,0,0,0,0,JULY4,10,52,Labor Day,10,Independence Day,,,,SUMMER,"NE,SOUTH,MIDWEST,WEST,FL",0,,WINTER,summer peak; US school summer; Brazil winter,,rules,2026-09-13T06:17:30+00:00
2028-07-15,Sat,5,SAT,1,28,7,Jul,15,197,3,2028,SUMMER_PEAK,,,0,0,0,0,0,,,51,Labor Day,11,Independence Day,,,,SUMMER,"NE,SOUTH,MIDWEST,WEST,FL",0,,WINTER,summer peak; US school summer; Brazil winter,,rules,2026-09-13T06:17:30+00:00
2028-07-16,Sun,6,SUN,1,28,7,Jul,16,198,3,2028,SUMMER_PEAK,,,0,0,0,0,0,,,50,Labor Day,12,Independence Day,,,,SUMMER,"NE,SOUTH,MIDWEST,WEST,FL",0,,WINTER,summer peak; US school summer; Brazil winter,,rules,2026-09-13T06:17:30+00:00
2028-07-17,Mon,0,WEEKDAY,0,29,7,Jul,17,199,3,2028,SUMMER_PEAK,,,0,0,0,0,0,,,49,Labor Day,13,Independence Day,,,,SUMMER,"NE,SOUTH,MIDWEST,WEST,FL",0,,WINTER,summer peak; US school summer; Brazil winter,,rules,2026-09-13T06:17:30+00:00
2028-07-18,Tue,1,WEEKDAY,0,29,7,Jul,18,200,3,2028,SUMMER_PEAK,,,0,0,0,0,0,,,48,Labor Day,14,Independence Day,,,,SUMMER,"NE,SOUTH,MIDWEST,WEST,FL",0,,WINTER,summer peak; US school summer; Brazil winter,,rules,2026-09-13T06:17:30+00:00
2028-07-19,Wed,2,WEEKDAY,0,29,7,Jul,19,201,3,2028,SUMMER_PEAK,,,0,0,0,0,0,,,47,Labor Day,15,Independence Day,,,,SUMMER,"NE,SOUTH,MIDWEST,WEST,FL",0,,WINTER,summer peak; US school summer; Brazil winter,,rules,2026-09-13T06:17:30+00:00
2028-07-20,Thu,3,WEEKDAY,0,29,7,Jul,20,202,3,2028,SUMMER_PEAK,,,0,0,0,0,0,,,46,Labor Day,16,Independence Day,,,,SUMMER,"NE,SOUTH,MIDWEST,WEST,FL",0,,WINTER,summer peak; US school summer; Brazil winter,,rules,2026-09-13T06:17:30+00:00
2028-07-21,Fri,4,FRI,0,29,7,Jul,21,203,3,2028,SUMMER_PEAK,,,0,0,0,0,0,,,45,Labor Day,17,Independence Day,,,,SUMMER,"NE,SOUTH,MIDWEST,WEST,FL",0,,WINTER,summer peak; US school summer; Brazil winter,,rules,2026-09-13T06:17:30+00:00
2028-07-22,Sat,5,SAT,1,29,7,Jul,22,204,3,2028,SUMMER_PEAK,,,0,0,0,0,0,,,44,Labor Day,18,Independence Day,,,,SUMMER,"NE,SOUTH,MIDWEST,WEST,FL",0,,WINTER,summer peak; US school summer; Brazil winter,,rules,2026-09-13T06:17:30+00:00
2028-07-23,Sun,6,SUN,1,29,7,Jul,23,205,3,2028,SUMMER_PEAK,,,0,0,0,0,0,,,43,Labor Day,19,Independence Day,,,,SUMMER,"NE,SOUTH,MIDWEST,WEST,FL",0,SUMMER,WINTER,summer peak; US school summer; UK summer; Brazil winter,,rules,2026-09-13T06:17:30+00:00
2028-07-24,Mon,0,WEEKDAY,0,30,7,Jul,24,206,3,2028,SUMMER_PEAK,,,0,0,0,0,0,,,42,Labor Day,20,Independence Day,,,,SUMMER,"NE,SOUTH,MIDWEST,WEST,FL",0,SUMMER,WINTER,summer peak; US school summer; UK summer; Brazil winter,,rules,2026-09-13T06:17:30+00:00
2028-07-25,Tue,1,WEEKDAY,0,30,7,Jul,25,207,3,2028,SUMMER_PEAK,,,0,0,0,0,0,,,41,Labor Day,21,Independence Day,,,,SUMMER,"NE,SOUTH,MIDWEST,WEST,FL",0,SUMMER,WINTER,summer peak; US school summer; UK summer; Brazil winter,,rules,2026-09-13T06:17:30+00:00
2028-07-26,Wed,2,WEEKDAY,0,30,7,Jul,26,208,3,2028,SUMMER_PEAK,,,0,0,0,0,0,,,40,Labor Day,22,Independence Day,,,,SUMMER,"NE,SOUTH,MIDWEST,WEST,FL",0,SUMMER,WINTER,summer peak; US school summer; UK summer; Brazil winter,,rules,2026-09-13T06:17:30+00:00
2028-07-27,Thu,3,WEEKDAY,0,30,7,Jul,27,209,3,2028,SUMMER_PEAK,,,0,0,0,0,0,,,39,Labor Day,23,Independence Day,,,,SUMMER,"NE,SOUTH,MIDWEST,WEST,FL",0,SUMMER,WINTER,summer peak; US school summer; UK summer; Brazil winter,,rules,2026-09-13T06:17:30+00:00
2028-07-28,Fri,4,FRI,0,30,7,Jul,28,210,3,2028,SUMMER_PEAK,,,0,0,0,0,0,,,38,Labor Day,24,Independence Day,,,,SUMMER,"NE,SOUTH,MIDWEST,WEST,FL",0,SUMMER,WINTER,summer peak; US school summer; UK summer; Brazil winter,,rules,2026-09-13T06:17:30+00:00
2028-07-29,Sat,5,SAT,1,30,7,Jul,29,211,3,2028,SUMMER_PEAK,,,0,0,0,0,0,,,37,Labor Day,25,Independence Day,,,,SUMMER,"NE,SOUTH,MIDWEST,WEST,FL",0,SUMMER,WINTER,summer peak; US school summer; UK summer; Brazil winter,,rules,2026-09-13T06:17:30+00:00
2028-07-30,Sun,6,SUN,1,30,7,Jul,30,212,3,2028,SUMMER_PEAK,,,0,0,0,0,0,,,36,Labor Day,26,Independence Day,,,,SUMMER,"NE,SOUTH,MIDWEST,WEST,FL",0,SUMMER,WINTER,summer peak; US school summer; UK summer; Brazil winter,,rules,2026-09-13T06:17:30+00:00
2028-07-31,Mon,0,WEEKDAY,0,31,7,Jul,31,213,3,2028,SUMMER_PEAK,,,0,0,0,0,0,,,35,Labor Day,27,Independence Day,,,,SUMMER,"NE,SOUTH,MIDWEST,WEST,FL",0,SUMMER,WINTER,summer peak; US school summer; UK summer; Brazil winter,,rules,2026-09-13T06:17:30+00:00
2028-08-01,Tue,1,WEEKDAY,0,31,8,Aug,1,214,3,2028,SUMMER_PEAK,,,0,0,0,0,0,,,34,Labor Day,28,Independence Day,,,,SUMMER,"NE,SOUTH,MIDWEST,WEST,FL",0,SUMMER,,summer peak; US school summer; UK summer,,rules,2026-09-13T06:17:30+00:00
2028-08-02,Wed,2,WEEKDAY,0,31,8,Aug,2,215,3,2028,SUMMER_PEAK,,,0,0,0,0,0,,,33,Labor Day,29,Independence Day,,,,SUMMER,"NE,SOUTH,MIDWEST,WEST,FL",0,SUMMER,,summer peak; US school summer; UK summer,,rules,2026-09-13T06:17:30+00:00
2028-08-03,Thu,3,WEEKDAY,0,31,8,Aug,3,216,3,2028,SUMMER_PEAK,,,0,0,0,0,0,,,32,Labor Day,30,Independence Day,,,,SUMMER,"NE,SOUTH,MIDWEST,WEST,FL",0,SUMMER,,summer peak; US school summer; UK summer,,rules,2026-09-13T06:17:30+00:00
2028-08-04,Fri,4,FRI,0,31,8,Aug,4,217,3,2028,SUMMER_PEAK,,,0,0,0,0,0,,,31,Labor Day,31,Independence Day,,,,SUMMER,"NE,SOUTH,MIDWEST,WEST,FL",0,SUMMER,,summer peak; US school summer; UK summer,,rules,2026-09-13T06:17:30+00:00
2028-08-05,Sat,5,SAT,1,31,8,Aug,5,218,3,2028,SUMMER_PEAK,,,0,0,0,0,0,,,30,Labor Day,32,Independence Day,,,,SUMMER,"NE,SOUTH,MIDWEST,WEST,FL",0,SUMMER,,summer peak; US school summer; UK summer,,rules,2026-09-13T06:17:30+00:00
2028-08-06,Sun,6,SUN,1,31,8,Aug,6,219,3,2028,SUMMER_PEAK,,,0,0,0,0,0,,,29,Labor Day,33,Independence Day,,,,SUMMER,"NE,SOUTH,MIDWEST,WEST,FL",0,SUMMER,,summer peak; US school summer; UK summer,,rules,2026-09-13T06:17:30+00:00
2028-08-07,Mon,0,WEEKDAY,0,32,8,Aug,7,220,3,2028,SUMMER_PEAK,,,0,0,0,0,0,,,28,Labor Day,34,Independence Day,,,,SUMMER,"NE,SOUTH,MIDWEST,WEST,FL",0,SUMMER,,summer peak; US school summer; UK summer,,rules,2026-09-13T06:17:30+00:00
2028-08-08,Tue,1,WEEKDAY,0,32,8,Aug,8,221,3,2028,SUMMER_PEAK,,,0,0,0,0,0,,,27,Labor Day,35,Independence Day,,WDW_HALLOWEEN,,SUMMER,"NE,SOUTH,MIDWEST,WEST,FL",0,SUMMER,,summer peak; US school summer; UK summer,,rules,2026-09-13T06:17:30+00:00
2028-08-09,Wed,2,WEEKDAY,0,32,8,Aug,9,222,3,2028,SUMMER_PEAK,,,0,0,0,0,0,,,26,Labor Day,36,Independence Day,,WDW_HALLOWEEN,,SUMMER,"NE,SOUTH,MIDWEST,WEST,FL",0,SUMMER,,summer peak; US school summer; UK summer,,rules,2026-09-13T06:17:30+00:00
2028-08-10,Thu,3,WEEKDAY,0,32,8,Aug,10,223,3,2028,SUMMER_PEAK,,,0,0,0,0,0,,,25,Labor Day,37,Independence Day,,WDW_HALLOWEEN,,SUMMER,"NE,SOUTH,MIDWEST,WEST,FL",0,SUMMER,,summer peak; US school summer; UK summer,,rules,2026-09-13T06:17:30+00:00
2028-08-11,Fri,4,FRI,0,32,8,Aug,11,224,3,2028,LATE_SUMMER,,,0,0,0,0,0,,,24,Labor Day,38,Independence Day,,WDW_HALLOWEEN,,SUMMER,"NE,SOUTH,MIDWEST,WEST,FL",0,SUMMER,,late summer; US school summer; UK summer,,rules,2026-09-13T06:17:30+00:00
2028-08-12,Sat,5,SAT,1,32,8,Aug,12,225,3,2028,LATE_SUMMER,,,0,0,0,0,0,,,23,Labor Day,39,Independence Day,,WDW_HALLOWEEN,,SUMMER,"NE,SOUTH,MIDWEST,WEST,FL",0,SUMMER,,late summer; US school summer; UK summer,,rules,2026-09-13T06:17:30+00:00
2028-08-13,Sun,6,SUN,1,32,8,Aug,13,226,3,2028,LATE_SUMMER,,,0,0,0,0,0,,,22,Labor Day,40,Independence Day,,WDW_HALLOWEEN,,SUMMER,"NE,SOUTH,MIDWEST,WEST,FL",0,SUMMER,,late summer; US school summer; UK summer,,rules,2026-09-13T06:17:30+00:00
2028-08-14,Mon,0,WEEKDAY,0,33,8,Aug,14,227,3,2028,LATE_SUMMER,,,0,0,0,0,0,,,21,Labor Day,41,Independence Day,,WDW_HALLOWEEN,,SUMMER,"NE,SOUTH,MIDWEST,WEST,FL",0,SUMMER,,late summer; US school summer; UK summer,,rules,2026-09-13T06:17:30+00:00
2028-08-15,Tue,1,WEEKDAY,0,33,8,Aug,15,228,3,2028,LATE_SUMMER,,,0,0,0,0,0,,,20,Labor Day,42,Independence Day,HALLOWEEN_SEASON,WDW_HALLOWEEN,,SUMMER,"NE,SOUTH,MIDWEST,WEST,FL",0,SUMMER,,late summer; halloween season; US school summer; UK summer,,rules,2026-09-13T06:17:30+00:00
2028-08-16,Wed,2,WEEKDAY,0,33,8,Aug,16,229,3,2028,LATE_SUMMER,,,0,0,0,0,0,,,19,Labor Day,43,Independence Day,HALLOWEEN_SEASON,WDW_HALLOWEEN,,SUMMER,"NE,SOUTH,MIDWEST,WEST,FL",0,SUMMER,,late summer; halloween season; US school summer; UK summer,,rules,2026-09-13T06:17:30+00:00
2028-08-17,Thu,3,WEEKDAY,0,33,8,Aug,17,230,3,2028,LATE_SUMMER,,,0,0,0,0,0,,,18,Labor Day,44,Independence Day,HALLOWEEN_SEASON,WDW_HALLOWEEN,,,,0,SUMMER,,late summer; halloween season; UK summer,,rules,2026-09-13T06:17:30+00:00
2028-08-18,Fri,4,FRI,0,33,8,Aug,18,231,3,2028,LATE_SUMMER,,,0,0,0,0,0,,,17,Labor Day,45,Independence Day,HALLOWEEN_SEASON,WDW_HALLOWEEN,,,,0,SUMMER,,late summer; halloween season; UK summer,,rules,2026-09-13T06:17:30+00:00
2028-08-19,Sat,5,SAT,1,33,8,Aug,19,232,3,2028,LATE_SUMMER,,,0,0,0,0,0,,,16,Labor Day,46,Independence Day,HALLOWEEN_SEASON,WDW_HALLOWEEN,,,,0,SUMMER,,late summer; halloween season; UK summer,,rules,2026-09-13T06:17:30+00:00
2028-08-20,Sun,6,SUN,1,33,8,Aug,20,233,3,2028,LATE_SUMMER,,,0,0,0,0,0,,,15,Labor Day,47,Independence Day,HALLOWEEN_SEASON,WDW_HALLOWEEN,,,,0,SUMMER,,late summer; halloween season; UK summer,,rules,2026-09-13T06:17:30+00:00
2028-08-21,Mon,0,WEEKDAY,0,34,8,Aug,21,234,3,2028,LATE_SUMMER,,,0,0,0,0,0,,,14,Labor Day,48,Independence Day,HALLOWEEN_SEASON,WDW_HALLOWEEN,,,,0,SUMMER,,late summer; halloween season; UK summer,,rules,2026-09-13T06:17:30+00:00
2028-08-22,Tue,1,WEEKDAY,0,34,8,Aug,22,235,3,2028,LATE_SUMMER,,,0,0,0,0,0,,,13,Labor Day,49,Independence Day,HALLOWEEN_SEASON,WDW_HALLOWEEN,,,,0,SUMMER,,late summer; halloween season; UK summer,,rules,2026-09-13T06:17:30+00:00
2028-08-23,Wed,2,WEEKDAY,0,34,8,Aug,23,236,3,2028,LATE_SUMMER,,,0,0,0,0,0,,,12,Labor Day,50,Independence Day,HALLOWEEN_SEASON,WDW_HALLOWEEN,,,,0,SUMMER,,late summer; halloween season; UK summer,,rules,2026-09-13T06:17:30+00:00
2028-08-24,Thu,3,WEEKDAY,0,34,8,Aug,24,237,3,2028,LATE_SUMMER,,,0,0,0,0,0,,,11,Labor Day,51,Independence Day,HALLOWEEN_SEASON,WDW_HALLOWEEN,,,,0,SUMMER,,late summer; halloween season; UK summer,,rules,2026-09-13T06:17:30+00:00
2028-08-25,Fri,4,FRI,0,34,8,Aug,25,238,3,2028,LATE_SUMMER,,,0,0,0,0,0,LABOR,-10,10,Labor Day,52,Independence Day,HALLOWEEN_SEASON,WDW_HALLOWEEN,,,,0,SUMMER,,late summer; halloween season; UK summer,,rules,2026-09-13T06:17:30+00:00
2028-08-26,Sat,5,SAT,1,34,8,Aug,26,239,3,2028,LATE_SUMMER,,,0,0,0,0,0,LABOR,-9,9,Labor Day,53,Independence Day,HALLOWEEN_SEASON,WDW_HALLOWEEN,,,,0,SUMMER,,late summer; halloween season; UK summer,,rules,2026-09-13T06:17:30+00:00
2028-08-27,Sun,6,SUN,1,34,8,Aug,27,240,3,2028,LATE_SUMMER,,,0,0,0,0,0,LABOR,-8,8,Labor Day,54,Independence Day,HALLOWEEN_SEASON,WDW_HALLOWEEN,FOOD_AND_WINE,,,0,SUMMER,,late summer; halloween season; EPCOT Food And Wine; UK summer,,rules,2026-09-13T06:17:30+00:00
2028-08-28,Mon,0,WEEKDAY,0,35,8,Aug,28,241,3,2028,LATE_SUMMER,,,0,0,0,0,0,LABOR,-7,7,Labor Day,55,Independence Day,HALLOWEEN_SEASON,WDW_HALLOWEEN,FOOD_AND_WINE,,,0,SUMMER,,late summer; halloween season; EPCOT Food And Wine; UK summer,,rules,2026-09-13T06:17:30+00:00
2028-08-29,Tue,1,WEEKDAY,0,35,8,Aug,29,242,3,2028,LATE_SUMMER,,,0,0,0,0,0,LABOR,-6,6,Labor Day,56,Independence Day,HALLOWEEN_SEASON,"UOR_HHN,WDW_HALLOWEEN",FOOD_AND_WINE,,,0,SUMMER,,late summer; halloween season; EPCOT Food And Wine; UK summer,,rules,2026-09-13T06:17:30+00:00
2028-08-30,Wed,2,WEEKDAY,0,35,8,Aug,30,243,3,2028,LATE_SUMMER,,,0,0,0,0,0,LABOR,-5,5,Labor Day,57,Independence Day,HALLOWEEN_SEASON,"UOR_HHN,WDW_HALLOWEEN",FOOD_AND_WINE,,,0,SUMMER,,late summer; halloween season; EPCOT Food And Wine; UK summer,,rules,2026-09-13T06:17:30+00:00
2028-08-31,Thu,3,WEEKDAY,0,35,8,Aug,31,244,3,2028,LATE_SUMMER,,,0,0,0,0,0,LABOR,-4,4,Labor Day,58,Independence Day,HALLOWEEN_SEASON,"UOR_HHN,WDW_HALLOWEEN",FOOD_AND_WINE,,,0,SUMMER,,late summer; halloween season; EPCOT Food And Wine; UK summer,,rules,2026-09-13T06:17:30+00:00
2028-09-01,Fri,4,FRI,0,35,9,Sep,1,245,3,2028,LABOR_WKND,,,0,0,0,1,0,LABOR,-3,3,Labor Day,59,Independence Day,HALLOWEEN_SEASON,"UOR_HHN,WDW_HALLOWEEN",FOOD_AND_WINE,,,0,SUMMER,,long weekend; labor wknd; halloween season; EPCOT Food And Wine; UK summer,,rules,2026-09-13T06:17:30+00:00
2028-09-02,Sat,5,SAT,1,35,9,Sep,2,246,3,2028,LABOR_WKND,,,0,0,0,1,0,LABOR,-2,2,Labor Day,60,Independence Day,HALLOWEEN_SEASON,"UOR_HHN,WDW_HALLOWEEN",FOOD_AND_WINE,,,0,,,long weekend; labor wknd; halloween season; EPCOT Food And Wine,,rules,2026-09-13T06:17:30+00:00
2028-09-03,Sun,6,SUN,1,35,9,Sep,3,247,3,2028,LABOR_WKND,,,0,1,0,1,0,LABOR,-1,1,Labor Day,61,Independence Day,HALLOWEEN_SEASON,"UOR_HHN,WDW_HALLOWEEN",FOOD_AND_WINE,,,0,,,long weekend; labor wknd; halloween season; EPCOT Food And Wine,,rules,2026-09-13T06:17:30+00:00
2028-09-04,Mon,0,WEEKDAY,0,36,9,Sep,4,248,3,2028,LABOR_WKND,Labor Day,federal,1,0,0,1,0,LABOR,0,35,Columbus Day,62,Independence Day,HALLOWEEN_SEASON,"UOR_HHN,WDW_HALLOWEEN",FOOD_AND_WINE,,,0,,,Labor Day; labor wknd; halloween season; EPCOT Food And Wine,,rules,2026-09-13T06:17:30+00:00
2028-09-05,Tue,1,WEEKDAY,0,36,9,Sep,5,249,3,2028,LABOR_WKND,,,0,0,1,0,0,LABOR,1,34,Columbus Day,1,Labor Day,HALLOWEEN_SEASON,"SEA_HOS,UOR_HHN,WDW_HALLOWEEN",FOOD_AND_WINE,,,0,,,labor wknd; halloween season; EPCOT Food And Wine,,rules,2026-09-13T06:17:30+00:00
2028-09-06,Wed,2,WEEKDAY,0,36,9,Sep,6,250,3,2028,FALL_OFFPEAK,,,0,0,0,0,0,LABOR,2,33,Columbus Day,2,Labor Day,HALLOWEEN_SEASON,"SEA_HOS,UOR_HHN,WDW_HALLOWEEN",FOOD_AND_WINE,,,0,,,fall offpeak; halloween season; EPCOT Food And Wine,,rules,2026-09-13T06:17:30+00:00
2028-09-07,Thu,3,WEEKDAY,0,36,9,Sep,7,251,3,2028,FALL_OFFPEAK,,,0,0,0,0,0,LABOR,3,32,Columbus Day,3,Labor Day,HALLOWEEN_SEASON,"SEA_HOS,UOR_HHN,WDW_HALLOWEEN",FOOD_AND_WINE,,,0,,,fall offpeak; halloween season; EPCOT Food And Wine,,rules,2026-09-13T06:17:30+00:00
2028-09-08,Fri,4,FRI,0,36,9,Sep,8,252,3,2028,FALL_OFFPEAK,,,0,0,0,0,0,LABOR,4,31,Columbus Day,4,Labor Day,HALLOWEEN_SEASON,"SEA_HOS,UOR_HHN,WDW_HALLOWEEN",FOOD_AND_WINE,,,0,,,fall offpeak; halloween season; EPCOT Food And Wine,,rules,2026-09-13T06:17:30+00:00
2028-09-09,Sat,5,SAT,1,36,9,Sep,9,253,3,2028,FALL_OFFPEAK,,,0,0,0,0,0,LABOR,5,30,Columbus Day,5,Labor Day,HALLOWEEN_SEASON,"SEA_HOS,UOR_HHN,WDW_HALLOWEEN",FOOD_AND_WINE,,,0,,,fall offpeak; halloween season; EPCOT Food And Wine,,rules,2026-09-13T06:17:30+00:00
2028-09-10,Sun,6,SUN,1,36,9,Sep,10,254,3,2028,FALL_OFFPEAK,,,0,0,0,0,0,LABOR,6,29,Columbus Day,6,Labor Day,HALLOWEEN_SEASON,"SEA_HOS,UOR_HHN,WDW_HALLOWEEN",FOOD_AND_WINE,,,0,,,fall offpeak; halloween season; EPCOT Food And Wine,,rules,2026-09-13T06:17:30+00:00
2028-09-11,Mon,0,WEEKDAY,0,37,9,Sep,11,255,3,2028,FALL_OFFPEAK,,,0,0,0,0,0,LABOR,7,28,Columbus Day,7,Labor Day,HALLOWEEN_SEASON,"SEA_HOS,UOR_HHN,WDW_HALLOWEEN",FOOD_AND_WINE,,,0,,,fall offpeak; halloween season; EPCOT Food And Wine,,rules,2026-09-13T06:17:30+00:00
2028-09-12,Tue,1,WEEKDAY,0,37,9,Sep,12,256,3,2028,FALL_OFFPEAK,,,0,0,0,0,0,LABOR,8,27,Columbus Day,8,Labor Day,HALLOWEEN_SEASON,"SEA_HOS,UOR_HHN,WDW_HALLOWEEN",FOOD_AND_WINE,,,0,,,fall offpeak; halloween season; EPCOT Food And Wine,,rules,2026-09-13T06:17:30+00:00
2028-09-13,Wed,2,WEEKDAY,0,37,9,Sep,13,257,3,2028,FALL_OFFPEAK,,,0,0,0,0,0,LABOR,9,26,Columbus Day,9,Labor Day,HALLOWEEN_SEASON,"SEA_HOS,UOR_HHN,WDW_HALLOWEEN",FOOD_AND_WINE,,,0,,,fall offpeak; halloween season; EPCOT Food And Wine,,rules,2026-09-13T06:17:30+00:00
2028-09-14,Thu,3,WEEKDAY,0,37,9,Sep,14,258,3,2028,FALL_OFFPEAK,,,0,0,0,0,0,LABOR,10,25,Columbus Day,10,Labor Day,HALLOWEEN_SEASON,"SEA_HOS,UOR_HHN,WDW_HALLOWEEN",FOOD_AND_WINE,,,0,,,fall offpeak; halloween season; EPCOT Food And Wine,,rules,2026-09-13T06:17:30+00:00
2028-09-15,Fri,4,FRI,0,37,9,Sep,15,259,3,2028,FALL_OFFPEAK,,,0,0,0,0,0,,,24,Columbus Day,11,Labor Day,HALLOWEEN_SEASON,"SEA_HOS,UOR_HHN,WDW_HALLOWEEN",FOOD_AND_WINE,,,0,,,fall offpeak; halloween season; EPCOT Food And Wine,,rules,2026-09-13T06:17:30+00:00
2028-09-16,Sat,5,SAT,1,37,9,Sep,16,260,3,2028,FALL_OFFPEAK,,,0,0,0,0,0,,,23,Columbus Day,12,Labor Day,HALLOWEEN_SEASON,"SEA_HOS,UOR_HHN,WDW_HALLOWEEN",FOOD_AND_WINE,,,0,,,fall offpeak; halloween season; EPCOT Food And Wine,,rules,2026-09-13T06:17:30+00:00
2028-09-17,Sun,6,SUN,1,37,9,Sep,17,261,3,2028,FALL_OFFPEAK,,,0,0,0,0,0,,,22,Columbus Day,13,Labor Day,HALLOWEEN_SEASON,"SEA_HOS,UOR_HHN,WDW_HALLOWEEN",FOOD_AND_WINE,,,0,,,fall offpeak; halloween season; EPCOT Food And Wine,,rules,2026-09-13T06:17:30+00:00
2028-09-18,Mon,0,WEEKDAY,0,38,9,Sep,18,262,3,2028,FALL_OFFPEAK,,,0,0,0,0,0,,,21,Columbus Day,14,Labor Day,HALLOWEEN_SEASON,"SEA_HOS,UOR_HHN,WDW_HALLOWEEN",FOOD_AND_WINE,,,0,,,fall offpeak; halloween season; EPCOT Food And Wine,,rules,2026-09-13T06:17:30+00:00
2028-09-19,Tue,1,WEEKDAY,0,38,9,Sep,19,263,3,2028,FALL_OFFPEAK,,,0,0,0,0,0,,,20,Columbus Day,15,Labor Day,HALLOWEEN_SEASON,"SEA_HOS,UOR_HHN,WDW_HALLOWEEN",FOOD_AND_WINE,,,0,,,fall offpeak; halloween season; EPCOT Food And Wine,,rules,2026-09-13T06:17:30+00:00
2028-09-20,Wed,2,WEEKDAY,0,38,9,Sep,20,264,3,2028,FALL_OFFPEAK,,,0,0,0,0,0,,,19,Columbus Day,16,Labor Day,HALLOWEEN_SEASON,"SEA_HOS,UOR_HHN,WDW_HALLOWEEN",FOOD_AND_WINE,,,0,,,fall offpeak; halloween season; EPCOT Food And Wine,,rules,2026-09-13T06:17:30+00:00
2028-09-21,Thu,3,WEEKDAY,0,38,9,Sep,21,265,3,2028,FALL_OFFPEAK,,,0,0,0,0,0,,,18,Columbus Day,17,Labor Day,HALLOWEEN_SEASON,"SEA_HOS,UOR_HHN,WDW_HALLOWEEN",FOOD_AND_WINE,,,0,,,fall offpeak; halloween season; EPCOT Food And Wine,,rules,2026-09-13T06:17:30+00:00
2028-09-22,Fri,4,FRI,0,38,9,Sep,22,266,3,2028,FALL_OFFPEAK,,,0,0,0,0,0,,,17,Columbus Day,18,Labor Day,HALLOWEEN_SEASON,"SEA_HOS,UOR_HHN,WDW_HALLOWEEN",FOOD_AND_WINE,,,0,,,fall offpeak; halloween season; EPCOT Food And Wine,,rules,2026-09-13T06:17:30+00:00
2028-09-23,Sat,5,SAT,1,38,9,Sep,23,267,3,2028,FALL_OFFPEAK,,,0,0,0,0,0,,,16,Columbus Day,19,Labor Day,HALLOWEEN_SEASON,"SEA_HOS,UOR_HHN,WDW_HALLOWEEN",FOOD_AND_WINE,,,0,,,fall offpeak; halloween season; EPCOT Food And Wine,,rules,2026-09-13T06:17:30+00:00
2028-09-24,Sun,6,SUN,1,38,9,Sep,24,268,3,2028,FALL_OFFPEAK,,,0,0,0,0,0,,,15,Columbus Day,20,Labor Day,HALLOWEEN_SEASON,"SEA_HOS,UOR_HHN,WDW_HALLOWEEN",FOOD_AND_WINE,,,0,,,fall offpeak; halloween season; EPCOT Food And Wine,,rules,2026-09-13T06:17:30+00:00
2028-09-25,Mon,0,WEEKDAY,0,39,9,Sep,25,269,3,2028,FALL_OFFPEAK,,,0,0,0,0,0,,,14,Columbus Day,21,Labor Day,HALLOWEEN_SEASON,"SEA_HOS,UOR_HHN,WDW_HALLOWEEN",FOOD_AND_WINE,,,0,,,fall offpeak; halloween season; EPCOT Food And Wine,,rules,2026-09-13T06:17:30+00:00
2028-09-26,Tue,1,WEEKDAY,0,39,9,Sep,26,270,3,2028,FALL_OFFPEAK,,,0,0,0,0,0,,,13,Columbus Day,22,Labor Day,HALLOWEEN_SEASON,"SEA_HOS,UOR_HHN,WDW_HALLOWEEN",FOOD_AND_WINE,,,0,,,fall offpeak; halloween season; EPCOT Food And Wine,,rules,2026-09-13T06:17:30+00:00
2028-09-27,Wed,2,WEEKDAY,0,39,9,Sep,27,271,3,2028,FALL_OFFPEAK,,,0,0,0,0,0,,,12,Columbus Day,23,Labor Day,HALLOWEEN_SEASON,"SEA_HOS,UOR_HHN,WDW_HALLOWEEN",FOOD_AND_WINE,,,0,,,fall offpeak; halloween season; EPCOT Food And Wine,,rules,2026-09-13T06:17:30+00:00
2028-09-28,Thu,3,WEEKDAY,0,39,9,Sep,28,272,3,2028,FALL_OFFPEAK,,,0,0,0,0,0,,,11,Columbus Day,24,Labor Day,HALLOWEEN_SEASON,"SEA_HOS,UOR_HHN,WDW_HALLOWEEN",FOOD_AND_WINE,,,0,,,fall offpeak; halloween season; EPCOT Food And Wine,,rules,2026-09-13T06:17:30+00:00
2028-09-29,Fri,4,FRI,0,39,9,Sep,29,273,3,2028,FALL_OFFPEAK,,,0,0,0,0,0,COLUMBUS,-10,10,Columbus Day,25,Labor Day,HALLOWEEN_SEASON,"SEA_HOS,UOR_HHN,WDW_HALLOWEEN",FOOD_AND_WINE,,,0,,,fall offpeak; halloween season; EPCOT Food And Wine,,rules,2026-09-13T06:17:30+00:00
2028-09-30,Sat,5,SAT,1,39,9,Sep,30,274,3,2028,FALL_OFFPEAK,,,0,0,0,0,0,COLUMBUS,-9,9,Columbus Day,26,Labor Day,HALLOWEEN_SEASON,"SEA_HOS,UOR_HHN,WDW_HALLOWEEN",FOOD_AND_WINE,,,0,,,fall offpeak; halloween season; EPCOT Food And Wine,,rules,2026-09-13T06:17:30+00:00
2028-10-01,Sun,6,SUN,1,39,10,Oct,1,275,4,2028,FALL_OFFPEAK,,,0,0,0,0,0,COLUMBUS,-8,8,Columbus Day,27,Labor Day,HALLOWEEN_SEASON,"SEA_HOS,UOR_HHN,WDW_HALLOWEEN",FOOD_AND_WINE,,,0,,,fall offpeak; halloween season; EPCOT Food And Wine,,rules,2026-09-13T06:17:30+00:00
2028-10-02,Mon,0,WEEKDAY,0,40,10,Oct,2,276,4,2028,FALL_OFFPEAK,,,0,0,0,0,0,COLUMBUS,-7,7,Columbus Day,28,Labor Day,HALLOWEEN_SEASON,"SEA_HOS,UOR_HHN,WDW_HALLOWEEN",FOOD_AND_WINE,,,0,,,fall offpeak; halloween season; EPCOT Food And Wine,,rules,2026-09-13T06:17:30+00:00
2028-10-03,Tue,1,WEEKDAY,0,40,10,Oct,3,277,4,2028,FALL_OFFPEAK,,,0,0,0,0,0,COLUMBUS,-6,6,Columbus Day,29,Labor Day,HALLOWEEN_SEASON,"SEA_HOS,UOR_HHN,WDW_HALLOWEEN",FOOD_AND_WINE,,,0,,,fall offpeak; halloween season; EPCOT Food And Wine,,rules,2026-09-13T06:17:30+00:00
2028-10-04,Wed,2,WEEKDAY,0,40,10,Oct,4,278,4,2028,FALL_OFFPEAK,,,0,0,0,0,0,COLUMBUS,-5,5,Columbus Day,30,Labor Day,HALLOWEEN_SEASON,"SEA_HOS,UOR_HHN,WDW_HALLOWEEN",FOOD_AND_WINE,,,0,,,fall offpeak; halloween season; EPCOT Food And Wine,,rules,2026-09-13T06:17:30+00:00
2028-10-05,Thu,3,WEEKDAY,0,40,10,Oct,5,279,4,2028,FALL_OFFPEAK,,,0,0,0,0,0,COLUMBUS,-4,4,Columbus Day,31,Labor Day,HALLOWEEN_SEASON,"SEA_HOS,UOR_HHN,WDW_HALLOWEEN",FOOD_AND_WINE,,,0,,,fall offpeak; halloween season; EPCOT Food And Wine,,rules,2026-09-13T06:17:30+00:00
2028-10-06,Fri,4,FRI,0,40,10,Oct,6,280,4,2028,FALL_OFFPEAK,,,0,0,0,1,0,COLUMBUS,-3,3,Columbus Day,32,Labor Day,HALLOWEEN_SEASON,"SEA_HOS,UOR_HHN,WDW_HALLOWEEN",FOOD_AND_WINE,,,0,,,long weekend; fall offpeak; halloween season; EPCOT Food And Wine,,rules,2026-09-13T06:17:30+00:00
2028-10-07,Sat,5,SAT,1,40,10,Oct,7,281,4,2028,FALL_OFFPEAK,,,0,0,0,1,0,COLUMBUS,-2,2,Columbus Day,33,Labor Day,HALLOWEEN_SEASON,"SEA_HOS,UOR_HHN,WDW_HALLOWEEN",FOOD_AND_WINE,,,0,,,long weekend; fall offpeak; halloween season; EPCOT Food And Wine,,rules,2026-09-13T06:17:30+00:00
2028-10-08,Sun,6,SUN,1,40,10,Oct,8,282,4,2028,FALL_OFFPEAK,,,0,1,0,1,0,COLUMBUS,-1,1,Columbus Day,34,Labor Day,HALLOWEEN_SEASON,"SEA_HOS,UOR_HHN,WDW_HALLOWEEN",FOOD_AND_WINE,,,0,,,long weekend; fall offpeak; halloween season; EPCOT Food And Wine,,rules,2026-09-13T06:17:30+00:00
2028-10-09,Mon,0,WEEKDAY,0,41,10,Oct,9,283,4,2028,FALL_OFFPEAK,Columbus Day,federal,1,0,0,1,0,COLUMBUS,0,33,Veterans Day,35,Labor Day,HALLOWEEN_SEASON,"SEA_HOS,UOR_HHN,WDW_HALLOWEEN",FOOD_AND_WINE,,,0,,,Columbus Day; fall offpeak; halloween season; EPCOT Food And Wine,,rules,2026-09-13T06:17:30+00:00
2028-10-10,Tue,1,WEEKDAY,0,41,10,Oct,10,284,4,2028,FALL_OFFPEAK,,,0,0,1,0,0,COLUMBUS,1,32,Veterans Day,1,Columbus Day,HALLOWEEN_SEASON,"SEA_HOS,UOR_HHN,WDW_HALLOWEEN",FOOD_AND_WINE,,,0,,,fall offpeak; halloween season; EPCOT Food And Wine,,rules,2026-09-13T06:17:30+00:00
2028-10-11,Wed,2,WEEKDAY,0,41,10,Oct,11,285,4,2028,FALL_OFFPEAK,,,0,0,0,0,0,COLUMBUS,2,31,Veterans Day,2,Columbus Day,HALLOWEEN_SEASON,"SEA_HOS,UOR_HHN,WDW_HALLOWEEN",FOOD_AND_WINE,,,0,,,fall offpeak; halloween season; EPCOT Food And Wine,,rules,2026-09-13T06:17:30+00:00
2028-10-12,Thu,3,WEEKDAY,0,41,10,Oct,12,286,4,2028,FALL_OFFPEAK,,,0,0,0,0,0,COLUMBUS,3,30,Veterans Day,3,Columbus Day,HALLOWEEN_SEASON,"SEA_HOS,UOR_HHN,WDW_HALLOWEEN",FOOD_AND_WINE,,,0,,,fall offpeak; halloween season; EPCOT Food And Wine,,rules,2026-09-13T06:17:30+00:00
2028-10-13,Fri,4,FRI,0,41,10,Oct,13,287,4,2028,FALL_OFFPEAK,,,0,0,0,0,0,COLUMBUS,4,29,Veterans Day,4,Columbus Day,HALLOWEEN_SEASON,"SEA_HOS,UOR_HHN,WDW_HALLOWEEN",FOOD_AND_WINE,,,0,,,fall offpeak; halloween season; EPCOT Food And Wine,,rules,2026-09-13T06:17:30+00:00
2028-10-14,Sat,5,SAT,1,41,10,Oct,14,288,4,2028,FALL_OFFPEAK,,,0,0,0,0,0,COLUMBUS,5,28,Veterans Day,5,Columbus Day,HALLOWEEN_SEASON,"SEA_HOS,UOR_HHN,WDW_HALLOWEEN",FOOD_AND_WINE,,,0,,,fall offpeak; halloween season; EPCOT Food And Wine,,rules,2026-09-13T06:17:30+00:00
2028-10-15,Sun,6,SUN,1,41,10,Oct,15,289,4,2028,FALL_OFFPEAK,,,0,0,0,0,0,COLUMBUS,6,27,Veterans Day,6,Columbus Day,HALLOWEEN_SEASON,"SEA_HOS,UOR_HHN,WDW_HALLOWEEN",FOOD_AND_WINE,,,0,,,fall offpeak; halloween season; EPCOT Food And Wine,,rules,2026-09-13T06:17:30+00:00
2028-10-16,Mon,0,WEEKDAY,0,42,10,Oct,16,290,4,2028,FALL_OFFPEAK,,,0,0,0,0,0,COLUMBUS,7,26,Veterans Day,7,Columbus Day,HALLOWEEN_SEASON,"SEA_HOS,UOR_HHN,WDW_HALLOWEEN",FOOD_AND_WINE,,,0,,,fall offpeak; halloween season; EPCOT Food And Wine,,rules,2026-09-13T06:17:30+00:00
2028-10-17,Tue,1,WEEKDAY,0,42,10,Oct,17,291,4,2028,FALL_OFFPEAK,,,0,0,0,0,0,COLUMBUS,8,25,Veterans Day,8,Columbus Day,HALLOWEEN_SEASON,"SEA_HOS,UOR_HHN,WDW_HALLOWEEN",FOOD_AND_WINE,,,0,,,fall offpeak; halloween season; EPCOT Food And Wine,,rules,2026-09-13T06:17:30+00:00
2028-10-18,Wed,2,WEEKDAY,0,42,10,Oct,18,292,4,2028,FALL_OFFPEAK,,,0,0,0,0,0,COLUMBUS,9,24,Veterans Day,9,Columbus Day,HALLOWEEN_SEASON,"SEA_HOS,UOR_HHN,WDW_HALLOWEEN",FOOD_AND_WINE,,,0,,,fall offpeak; halloween season; EPCOT Food And Wine,,rules,2026-09-13T06:17:30+00:00
2028-10-19,Thu,3,WEEKDAY,0,42,10,Oct,19,293,4,2028,FALL_OFFPEAK,,,0,0,0,0,0,COLUMBUS,10,23,Veterans Day,10,Columbus Day,HALLOWEEN_SEASON,"SEA_HOS,UOR_HHN,WDW_HALLOWEEN",FOOD_AND_WINE,,,0,,,fall offpeak; halloween season; EPCOT Food And Wine,,rules,2026-09-13T06:17:30+00:00
2028-10-20,Fri,4,FRI,0,42,10,Oct,20,294,4,2028,FALL_OFFPEAK,,,0,0,0,0,0,,,22,Veterans Day,11,Columbus Day,HALLOWEEN_SEASON,"SEA_HOS,UOR_HHN,WDW_HALLOWEEN",FOOD_AND_WINE,,,0,,,fall offpeak; halloween season; EPCOT Food And Wine,,rules,2026-09-13T06:17:30+00:00
2028-10-21,Sat,5,SAT,1,42,10,Oct,21,295,4,2028,FALL_OFFPEAK,,,0,0,0,0,0,HALLOWEEN,-10,21,Veterans Day,12,Columbus Day,HALLOWEEN_SEASON,"SEA_HOS,UOR_HHN,WDW_HALLOWEEN",FOOD_AND_WINE,,,0,,,fall offpeak; halloween season; EPCOT Food And Wine,,rules,2026-09-13T06:17:30+00:00
2028-10-22,Sun,6,SUN,1,42,10,Oct,22,296,4,2028,FALL_OFFPEAK,,,0,0,0,0,0,HALLOWEEN,-9,20,Veterans Day,13,Columbus Day,HALLOWEEN_SEASON,"SEA_HOS,UOR_HHN,WDW_HALLOWEEN",FOOD_AND_WINE,,,0,,,fall offpeak; halloween season; EPCOT Food And Wine,,rules,2026-09-13T06:17:30+00:00
2028-10-23,Mon,0,WEEKDAY,0,43,10,Oct,23,297,4,2028,FALL_OFFPEAK,,,0,0,0,0,0,HALLOWEEN,-8,19,Veterans Day,14,Columbus Day,HALLOWEEN_SEASON,"SEA_HOS,UOR_HHN,WDW_HALLOWEEN",FOOD_AND_WINE,,,0,,,fall offpeak; halloween season; EPCOT Food And Wine,,rules,2026-09-13T06:17:30+00:00
2028-10-24,Tue,1,WEEKDAY,0,43,10,Oct,24,298,4,2028,FALL_OFFPEAK,,,0,0,0,0,0,HALLOWEEN,-7,18,Veterans Day,15,Columbus Day,HALLOWEEN_SEASON,"SEA_HOS,UOR_HHN,WDW_HALLOWEEN",FOOD_AND_WINE,,,0,OCT_HALF_TERM,,fall offpeak; halloween season; EPCOT Food And Wine; UK oct half term,,rules,2026-09-13T06:17:30+00:00
2028-10-25,Wed,2,WEEKDAY,0,43,10,Oct,25,299,4,2028,FALL_OFFPEAK,,,0,0,0,0,0,HALLOWEEN,-6,17,Veterans Day,16,Columbus Day,HALLOWEEN_SEASON,"SEA_HOS,UOR_HHN,WDW_HALLOWEEN",FOOD_AND_WINE,,,0,OCT_HALF_TERM,,fall offpeak; halloween season; EPCOT Food And Wine; UK oct half term,,rules,2026-09-13T06:17:30+00:00
2028-10-26,Thu,3,WEEKDAY,0,43,10,Oct,26,300,4,2028,FALL_OFFPEAK,,,0,0,0,0,0,HALLOWEEN,-5,16,Veterans Day,17,Columbus Day,HALLOWEEN_SEASON,"SEA_HOS,UOR_HHN,WDW_HALLOWEEN",FOOD_AND_WINE,,,0,OCT_HALF_TERM,,fall offpeak; halloween season; EPCOT Food And Wine; UK oct half term,,rules,2026-09-13T06:17:30+00:00
2028-10-27,Fri,4,FRI,0,43,10,Oct,27,301,4,2028,FALL_OFFPEAK,,,0,0,0,0,0,HALLOWEEN,-4,15,Veterans Day,18,Columbus Day,HALLOWEEN_SEASON,"SEA_HOS,UOR_HHN,WDW_HALLOWEEN",FOOD_AND_WINE,,,0,OCT_HALF_TERM,,fall offpeak; halloween season; EPCOT Food And Wine; UK oct half term,,rules,2026-09-13T06:17:30+00:00
2028-10-28,Sat,5,SAT,1,43,10,Oct,28,302,4,2028,FALL_OFFPEAK,,,0,0,0,0,0,HALLOWEEN,-3,14,Veterans Day,19,Columbus Day,HALLOWEEN_SEASON,"SEA_HOS,UOR_HHN,WDW_HALLOWEEN",FOOD_AND_WINE,,,0,OCT_HALF_TERM,,fall offpeak; halloween season; EPCOT Food And Wine; UK oct half term,,rules,2026-09-13T06:17:30+00:00
2028-10-29,Sun,6,SUN,1,43,10,Oct,29,303,4,2028,FALL_OFFPEAK,,,0,0,0,0,0,HALLOWEEN,-2,13,Veterans Day,20,Columbus Day,HALLOWEEN_SEASON,"SEA_HOS,UOR_HHN,WDW_HALLOWEEN",FOOD_AND_WINE,,,0,OCT_HALF_TERM,,fall offpeak; halloween season; EPCOT Food And Wine; UK oct half term,,rules,2026-09-13T06:17:30+00:00
2028-10-30,Mon,0,WEEKDAY,0,44,10,Oct,30,304,4,2028,FALL_OFFPEAK,,,0,0,0,0,0,HALLOWEEN,-1,12,Veterans Day,21,Columbus Day,HALLOWEEN_SEASON,"SEA_HOS,UOR_HHN,WDW_HALLOWEEN",FOOD_AND_WINE,,,0,OCT_HALF_TERM,,fall offpeak; halloween season; EPCOT Food And Wine; UK oct half term,,rules,2026-09-13T06:17:30+00:00
2028-10-31,Tue,1,WEEKDAY,0,44,10,Oct,31,305,4,2028,FALL_OFFPEAK,,,0,0,0,0,0,HALLOWEEN,0,11,Veterans Day,22,Columbus Day,HALLOWEEN_SEASON,"SEA_HOS,UOR_HHN,WDW_HALLOWEEN",FOOD_AND_WINE,,,0,OCT_HALF_TERM,,fall offpeak; halloween season; EPCOT Food And Wine; UK oct half term,,rules,2026-09-13T06:17:30+00:00
2028-11-01,Wed,2,WEEKDAY,0,44,11,Nov,1,306,4,2028,FALL_OFFPEAK,,,0,0,0,0,0,HALLOWEEN,1,10,Veterans Day,23,Columbus Day,,"SEA_HOS,UOR_HHN",FOOD_AND_WINE,,,0,,,fall offpeak; EPCOT Food And Wine,,rules,2026-09-13T06:17:30+00:00
2028-11-02,Thu,3,WEEKDAY,0,44,11,Nov,2,307,4,2028,FALL_OFFPEAK,,,0,0,0,0,0,HALLOWEEN,2,9,Veterans Day,24,Columbus Day,,"SEA_HOS,UOR_HHN",FOOD_AND_WINE,,,0,,,fall offpeak; EPCOT Food And Wine,,rules,2026-09-13T06:17:30+00:00
2028-11-03,Fri,4,FRI,0,44,11,Nov,3,308,4,2028,FALL_OFFPEAK,,,0,0,0,0,0,HALLOWEEN,3,8,Veterans Day,25,Columbus Day,,,FOOD_AND_WINE,,,0,,,fall offpeak; EPCOT Food And Wine,,rules,2026-09-13T06:17:30+00:00
2028-11-04,Sat,5,SAT,1,44,11,Nov,4,309,4,2028,FALL_OFFPEAK,,,0,0,0,0,0,HALLOWEEN,4,7,Veterans Day,26,Columbus Day,,,FOOD_AND_WINE,,,0,,,fall offpeak; EPCOT Food And Wine,,rules,2026-09-13T06:17:30+00:00
2028-11-05,Sun,6,SUN,1,44,11,Nov,5,310,4,2028,JERSEY_WEEK,,,0,0,0,0,0,HALLOWEEN,5,6,Veterans Day,27,Columbus Day,,,FOOD_AND_WINE,,,0,,,jersey week; EPCOT Food And Wine,,rules,2026-09-13T06:17:30+00:00
2028-11-06,Mon,0,WEEKDAY,0,45,11,Nov,6,311,4,2028,JERSEY_WEEK,,,0,0,0,0,0,HALLOWEEN,6,5,Veterans Day,28,Columbus Day,,,FOOD_AND_WINE,,,0,,,jersey week; EPCOT Food And Wine,,rules,2026-09-13T06:17:30+00:00
2028-11-07,Tue,1,WEEKDAY,0,45,11,Nov,7,312,4,2028,JERSEY_WEEK,,,0,0,0,0,0,HALLOWEEN,7,4,Veterans Day,29,Columbus Day,,,FOOD_AND_WINE,,,0,,,jersey week; EPCOT Food And Wine,,rules,2026-09-13T06:17:30+00:00
2028-11-08,Wed,2,WEEKDAY,0,45,11,Nov,8,313,4,2028,JERSEY_WEEK,,,0,0,0,0,0,HALLOWEEN,8,3,Veterans Day,30,Columbus Day,HOLIDAY_SEASON,WDW_HOLIDAY,FOOD_AND_WINE,,,0,,,jersey week; holiday season; EPCOT Food And Wine,,rules,2026-09-13T06:17:30+00:00
2028-11-09,Thu,3,WEEKDAY,0,45,11,Nov,9,314,4,2028,JERSEY_WEEK,,,0,1,0,0,0,HALLOWEEN,9,2,Veterans Day,31,Columbus Day,HOLIDAY_SEASON,WDW_HOLIDAY,FOOD_AND_WINE,,,0,,,jersey week; holiday season; EPCOT Food And Wine,,rules,2026-09-13T06:17:30+00:00
2028-11-10,Fri,4,FRI,0,45,11,Nov,10,315,4,2028,JERSEY_WEEK,Veterans Day (observed),observed,1,1,0,0,0,HALLOWEEN,10,1,Veterans Day,32,Columbus Day,HOLIDAY_SEASON,WDW_HOLIDAY,FOOD_AND_WINE,,,0,,,Veterans Day (observed); jersey week; holiday season; EPCOT Food And Wine,,rules,2026-09-13T06:17:30+00:00
2028-11-11,Sat,5,SAT,1,45,11,Nov,11,316,4,2028,JERSEY_WEEK,Veterans Day,federal,1,0,1,0,0,,,12,Thanksgiving Day,33,Columbus Day,HOLIDAY_SEASON,WDW_HOLIDAY,FOOD_AND_WINE,,,0,,,Veterans Day; jersey week; holiday season; EPCOT Food And Wine,,rules,2026-09-13T06:17:30+00:00
2028-11-12,Sun,6,SUN,1,45,11,Nov,12,317,4,2028,JERSEY_WEEK,,,0,0,1,0,0,,,11,Thanksgiving Day,1,Veterans Day,HOLIDAY_SEASON,WDW_HOLIDAY,FOOD_AND_WINE,,,0,,,jersey week; holiday season; EPCOT Food And Wine,,rules,2026-09-13T06:17:30+00:00
2028-11-13,Mon,0,WEEKDAY,0,46,11,Nov,13,318,4,2028,JERSEY_WEEK,,,0,0,0,0,0,THANKSGIVING,-10,10,Thanksgiving Day,2,Veterans Day,HOLIDAY_SEASON,WDW_HOLIDAY,FOOD_AND_WINE,,,0,,,jersey week; holiday season; EPCOT Food And Wine,,rules,2026-09-13T06:17:30+00:00
2028-11-14,Tue,1,WEEKDAY,0,46,11,Nov,14,319,4,2028,JERSEY_WEEK,,,0,0,0,0,0,THANKSGIVING,-9,9,Thanksgiving Day,3,Veterans Day,HOLIDAY_SEASON,"SEA_CHRISTMAS,WDW_HOLIDAY",FOOD_AND_WINE,,,0,,,jersey week; holiday season; EPCOT Food And Wine,,rules,2026-09-13T06:17:30+00:00
2028-11-15,Wed,2,WEEKDAY,0,46,11,Nov,15,320,4,2028,REGULAR,,,0,0,0,0,0,THANKSGIVING,-8,8,Thanksgiving Day,4,Veterans Day,HOLIDAY_SEASON,"SEA_CHRISTMAS,UOR_HOLIDAY,WDW_HOLIDAY",FOOD_AND_WINE,,,0,,,holiday season; EPCOT Food And Wine,,rules,2026-09-13T06:17:30+00:00
2028-11-16,Thu,3,WEEKDAY,0,46,11,Nov,16,321,4,2028,REGULAR,,,0,0,0,0,0,THANKSGIVING,-7,7,Thanksgiving Day,5,Veterans Day,HOLIDAY_SEASON,"SEA_CHRISTMAS,UOR_HOLIDAY,WDW_HOLIDAY",FOOD_AND_WINE,,,0,,,holiday season; EPCOT Food And Wine,,rules,2026-09-13T06:17:30+00:00
2028-11-17,Fri,4,FRI,0,46,11,Nov,17,322,4,2028,REGULAR,,,0,0,0,0,0,THANKSGIVING,-6,6,Thanksgiving Day,6,Veterans Day,HOLIDAY_SEASON,"SEA_CHRISTMAS,UOR_HOLIDAY,WDW_HOLIDAY",FOOD_AND_WINE,,,0,,,holiday season; EPCOT Food And Wine,,rules,2026-09-13T06:17:30+00:00
2028-11-18,Sat,5,SAT,1,46,11,Nov,18,323,4,2028,REGULAR,,,0,0,0,0,0,THANKSGIVING,-5,5,Thanksgiving Day,7,Veterans Day,HOLIDAY_SEASON,"SEA_CHRISTMAS,UOR_HOLIDAY,WDW_HOLIDAY",FOOD_AND_WINE,,,0,,,holiday season; EPCOT Food And Wine,,rules,2026-09-13T06:17:30+00:00
2028-11-19,Sun,6,SUN,1,46,11,Nov,19,324,4,2028,REGULAR,,,0,0,0,0,0,THANKSGIVING,-4,4,Thanksgiving Day,8,Veterans Day,HOLIDAY_SEASON,"SEA_CHRISTMAS,UOR_HOLIDAY,WDW_HOLIDAY",FOOD_AND_WINE,,,0,,,holiday season; EPCOT Food And Wine,,rules,2026-09-13T06:17:30+00:00
2028-11-20,Mon,0,WEEKDAY,0,47,11,Nov,20,325,4,2028,REGULAR,,,0,0,0,0,0,THANKSGIVING,-3,3,Thanksgiving Day,9,Veterans Day,HOLIDAY_SEASON,"SEA_CHRISTMAS,UOR_HOLIDAY,WDW_HOLIDAY",FOOD_AND_WINE,,,0,,,holiday season; EPCOT Food And Wine,,rules,2026-09-13T06:17:30+00:00
2028-11-21,Tue,1,WEEKDAY,0,47,11,Nov,21,326,4,2028,THANKSGIVING_WK,,,0,0,0,0,0,THANKSGIVING,-2,2,Thanksgiving Day,10,Veterans Day,HOLIDAY_SEASON,"SEA_CHRISTMAS,UOR_HOLIDAY,WDW_HOLIDAY",FOOD_AND_WINE,,,0,,,thanksgiving wk; holiday season; EPCOT Food And Wine,,rules,2026-09-13T06:17:30+00:00
2028-11-22,Wed,2,WEEKDAY,0,47,11,Nov,22,327,4,2028,THANKSGIVING_WK,,,0,1,0,0,0,THANKSGIVING,-1,1,Thanksgiving Day,11,Veterans Day,HOLIDAY_SEASON,"SEA_CHRISTMAS,UOR_HOLIDAY,WDW_HOLIDAY",FOOD_AND_WINE,THANKSGIVING,"NE,SOUTH,MIDWEST,WEST,FL",0,,,thanksgiving wk; holiday season; EPCOT Food And Wine; US school thanksgiving,,rules,2026-09-13T06:17:30+00:00
2028-11-23,Thu,3,WEEKDAY,0,47,11,Nov,23,328,4,2028,THANKSGIVING_WK,Thanksgiving Day,federal,1,0,0,1,0,THANKSGIVING,0,32,Christmas Day,12,Veterans Day,HOLIDAY_SEASON,"SEA_CHRISTMAS,UOR_HOLIDAY,WDW_HOLIDAY",,THANKSGIVING,"NE,SOUTH,MIDWEST,WEST,FL",0,,,Thanksgiving Day; thanksgiving wk; holiday season; US school thanksgiving,,rules,2026-09-13T06:17:30+00:00
2028-11-24,Fri,4,FRI,0,47,11,Nov,24,329,4,2028,THANKSGIVING_WK,,,0,0,1,1,1,THANKSGIVING,1,31,Christmas Day,1,Thanksgiving Day,HOLIDAY_SEASON,"SEA_CHRISTMAS,UOR_HOLIDAY,WDW_HOLIDAY",,THANKSGIVING,"NE,SOUTH,MIDWEST,WEST,FL",0,,,long weekend; thanksgiving wk; holiday season; US school thanksgiving,,rules,2026-09-13T06:17:30+00:00
2028-11-25,Sat,5,SAT,1,47,11,Nov,25,330,4,2028,THANKSGIVING_WK,,,0,0,0,1,0,THANKSGIVING,2,30,Christmas Day,2,Thanksgiving Day,HOLIDAY_SEASON,"SEA_CHRISTMAS,UOR_HOLIDAY,WDW_HOLIDAY",,THANKSGIVING,"NE,SOUTH,MIDWEST,WEST,FL",0,,,long weekend; thanksgiving wk; holiday season; US school thanksgiving,,rules,2026-09-13T06:17:30+00:00
2028-11-26,Sun,6,SUN,1,47,11,Nov,26,331,4,2028,THANKSGIVING_WK,,,0,0,0,1,0,THANKSGIVING,3,29,Christmas Day,3,Thanksgiving Day,HOLIDAY_SEASON,"SEA_CHRISTMAS,UOR_HOLIDAY,WDW_HOLIDAY",,,,0,,,long weekend; thanksgiving wk; holiday season,,rules,2026-09-13T06:17:30+00:00
2028-11-27,Mon,0,WEEKDAY,0,48,11,Nov,27,332,4,2028,THANKSGIVING_WK,,,0,0,0,0,0,THANKSGIVING,4,28,Christmas Day,4,Thanksgiving Day,HOLIDAY_SEASON,"SEA_CHRISTMAS,UOR_HOLIDAY,WDW_HOLIDAY",,,,0,,,thanksgiving wk; holiday season,,rules,2026-09-13T06:17:30+00:00
2028-11-28,Tue,1,WEEKDAY,0,48,11,Nov,28,333,4,2028,REGULAR,,,0,0,0,0,0,THANKSGIVING,5,27,Christmas Day,5,Thanksgiving Day,HOLIDAY_SEASON,"SEA_CHRISTMAS,UOR_HOLIDAY,WDW_HOLIDAY",HOLIDAYS,,,0,,,holiday season; EPCOT Holidays,,rules,2026-09-13T06:17:30+00:00
2028-11-29,Wed,2,WEEKDAY,0,48,11,Nov,29,334,4,2028,REGULAR,,,0,0,0,0,0,THANKSGIVING,6,26,Christmas Day,6,Thanksgiving Day,HOLIDAY_SEASON,"SEA_CHRISTMAS,UOR_HOLIDAY,WDW_HOLIDAY",HOLIDAYS,,,0,,,holiday season; EPCOT Holidays,,rules,2026-09-13T06:17:30+00:00
2028-11-30,Thu,3,WEEKDAY,0,48,11,Nov,30,335,4,2028,REGULAR,,,0,0,0,0,0,THANKSGIVING,7,25,Christmas Day,7,Thanksgiving Day,HOLIDAY_SEASON,"SEA_CHRISTMAS,UOR_HOLIDAY,WDW_HOLIDAY",HOLIDAYS,,,0,,,holiday season; EPCOT Holidays,,rules,2026-09-13T06:17:30+00:00
2028-12-01,Fri,4,FRI,0,48,12,Dec,1,336,4,2028,EARLY_DEC,,,0,0,0,0,0,THANKSGIVING,8,24,Christmas Day,8,Thanksgiving Day,HOLIDAY_SEASON,"SEA_CHRISTMAS,UOR_HOLIDAY,WDW_HOLIDAY",HOLIDAYS,,,0,,,early dec; holiday season; EPCOT Holidays,,rules,2026-09-13T06:17:30+00:00
2028-12-02,Sat,5,SAT,1,48,12,Dec,2,337,4,2028,EARLY_DEC,,,0,0,0,0,0,THANKSGIVING,9,23,Christmas Day,9,Thanksgiving Day,HOLIDAY_SEASON,"SEA_CHRISTMAS,UOR_HOLIDAY,WDW_HOLIDAY",HOLIDAYS,,,0,,,early dec; holiday season; EPCOT Holidays,,rules,2026-09-13T06:17:30+00:00
2028-12-03,Sun,6,SUN,1,48,12,Dec,3,338,4,2028,EARLY_DEC,,,0,0,0,0,0,THANKSGIVING,10,22,Christmas Day,10,Thanksgiving Day,HOLIDAY_SEASON,"SEA_CHRISTMAS,UOR_HOLIDAY,WDW_HOLIDAY",HOLIDAYS,,,0,,,early dec; holiday season; EPCOT Holidays,,rules,2026-09-13T06:17:30+00:00
2028-12-04,Mon,0,WEEKDAY,0,49,12,Dec,4,339,4,2028,EARLY_DEC,,,0,0,0,0,0,,,21,Christmas Day,11,Thanksgiving Day,HOLIDAY_SEASON,"SEA_CHRISTMAS,UOR_HOLIDAY,WDW_HOLIDAY",HOLIDAYS,,,0,,,early dec; holiday season; EPCOT Holidays,,rules,2026-09-13T06:17:30+00:00
2028-12-05,Tue,1,WEEKDAY,0,49,12,Dec,5,340,4,2028,EARLY_DEC,,,0,0,0,0,0,,,20,Christmas Day,12,Thanksgiving Day,HOLIDAY_SEASON,"SEA_CHRISTMAS,UOR_HOLIDAY,WDW_HOLIDAY",HOLIDAYS,,,0,,,early dec; holiday season; EPCOT Holidays,,rules,2026-09-13T06:17:30+00:00
2028-12-06,Wed,2,WEEKDAY,0,49,12,Dec,6,341,4,2028,EARLY_DEC,,,0,0,0,0,0,,,19,Christmas Day,13,Thanksgiving Day,HOLIDAY_SEASON,"SEA_CHRISTMAS,UOR_HOLIDAY,WDW_HOLIDAY",HOLIDAYS,,,0,,,early dec; holiday season; EPCOT Holidays,,rules,2026-09-13T06:17:30+00:00
2028-12-07,Thu,3,WEEKDAY,0,49,12,Dec,7,342,4,2028,EARLY_DEC,,,0,0,0,0,0,,,18,Christmas Day,14,Thanksgiving Day,HOLIDAY_SEASON,"SEA_CHRISTMAS,UOR_HOLIDAY,WDW_HOLIDAY",HOLIDAYS,,,0,,,early dec; holiday season; EPCOT Holidays,,rules,2026-09-13T06:17:30+00:00
2028-12-08,Fri,4,FRI,0,49,12,Dec,8,343,4,2028,EARLY_DEC,,,0,0,0,0,0,,,17,Christmas Day,15,Thanksgiving Day,HOLIDAY_SEASON,"SEA_CHRISTMAS,UOR_HOLIDAY,WDW_HOLIDAY",HOLIDAYS,,,0,,,early dec; holiday season; EPCOT Holidays,,rules,2026-09-13T06:17:30+00:00
2028-12-09,Sat,5,SAT,1,49,12,Dec,9,344,4,2028,EARLY_DEC,,,0,0,0,0,0,,,16,Christmas Day,16,Thanksgiving Day,HOLIDAY_SEASON,"SEA_CHRISTMAS,UOR_HOLIDAY,WDW_HOLIDAY",HOLIDAYS,,,0,,,early dec; holiday season; EPCOT Holidays,,rules,2026-09-13T06:17:30+00:00
2028-12-10,Sun,6,SUN,1,49,12,Dec,10,345,4,2028,EARLY_DEC,,,0,0,0,0,0,,,15,Christmas Day,17,Thanksgiving Day,HOLIDAY_SEASON,"SEA_CHRISTMAS,UOR_HOLIDAY,WDW_HOLIDAY",HOLIDAYS,,,0,,,early dec; holiday season; EPCOT Holidays,,rules,2026-09-13T06:17:30+00:00
2028-12-11,Mon,0,WEEKDAY,0,50,12,Dec,11,346,4,2028,EARLY_DEC,,,0,0,0,0,0,,,14,Christmas Day,18,Thanksgiving Day,HOLIDAY_SEASON,"SEA_CHRISTMAS,UOR_HOLIDAY,WDW_HOLIDAY",HOLIDAYS,,,0,,,early dec; holiday season; EPCOT Holidays,,rules,2026-09-13T06:17:30+00:00
2028-12-12,Tue,1,WEEKDAY,0,50,12,Dec,12,347,4,2028,EARLY_DEC,,,0,0,0,0,0,,,13,Christmas Day,19,Thanksgiving Day,HOLIDAY_SEASON,"SEA_CHRISTMAS,UOR_HOLIDAY,WDW_HOLIDAY",HOLIDAYS,,,0,,,early dec; holiday season; EPCOT Holidays,,rules,2026-09-13T06:17:30+00:00
2028-12-13,Wed,2,WEEKDAY,0,50,12,Dec,13,348,4,2028,EARLY_DEC,,,0,0,0,0,0,,,12,Christmas Day,20,Thanksgiving Day,HOLIDAY_SEASON,"SEA_CHRISTMAS,UOR_HOLIDAY,WDW_HOLIDAY",HOLIDAYS,,,0,,SUMMER,early dec; holiday season; EPCOT Holidays; Brazil summer,,rules,2026-09-13T06:17:30+00:00
2028-12-14,Thu,3,WEEKDAY,0,50,12,Dec,14,349,4,2028,EARLY_DEC,,,0,0,0,0,0,,,11,Christmas Day,21,Thanksgiving Day,HOLIDAY_SEASON,"SEA_CHRISTMAS,UOR_HOLIDAY,WDW_HOLIDAY",HOLIDAYS,,,0,,SUMMER,early dec; holiday season; EPCOT Holidays; Brazil summer,,rules,2026-09-13T06:17:30+00:00
2028-12-15,Fri,4,FRI,0,50,12,Dec,15,350,4,2028,EARLY_DEC,,,0,0,0,0,0,CHRISTMAS,-10,10,Christmas Day,22,Thanksgiving Day,HOLIDAY_SEASON,"SEA_CHRISTMAS,UOR_HOLIDAY,WDW_HOLIDAY",HOLIDAYS,,,0,,SUMMER,early dec; holiday season; EPCOT Holidays; Brazil summer,,rules,2026-09-13T06:17:30+00:00
2028-12-16,Sat,5,SAT,1,50,12,Dec,16,351,4,2028,EARLY_DEC,,,0,0,0,0,0,CHRISTMAS,-9,9,Christmas Day,23,Thanksgiving Day,HOLIDAY_SEASON,"SEA_CHRISTMAS,UOR_HOLIDAY,WDW_HOLIDAY",HOLIDAYS,,,0,,SUMMER,early dec; holiday season; EPCOT Holidays; Brazil summer,,rules,2026-09-13T06:17:30+00:00
2028-12-17,Sun,6,SUN,1,50,12,Dec,17,352,4,2028,EARLY_DEC,,,0,0,0,0,0,CHRISTMAS,-8,8,Christmas Day,24,Thanksgiving Day,HOLIDAY_SEASON,"SEA_CHRISTMAS,UOR_HOLIDAY,WDW_HOLIDAY",HOLIDAYS,,,0,,SUMMER,early dec; holiday season; EPCOT Holidays; Brazil summer,,rules,2026-09-13T06:17:30+00:00
2028-12-18,Mon,0,WEEKDAY,0,51,12,Dec,18,353,4,2028,EARLY_DEC,,,0,0,0,0,0,CHRISTMAS,-7,7,Christmas Day,25,Thanksgiving Day,HOLIDAY_SEASON,"SEA_CHRISTMAS,UOR_HOLIDAY,WDW_HOLIDAY",HOLIDAYS,,,0,,SUMMER,early dec; holiday season; EPCOT Holidays; Brazil summer,,rules,2026-09-13T06:17:30+00:00
2028-12-19,Tue,1,WEEKDAY,0,51,12,Dec,19,354,4,2028,EARLY_DEC,,,0,0,0,0,0,CHRISTMAS,-6,6,Christmas Day,26,Thanksgiving Day,HOLIDAY_SEASON,"SEA_CHRISTMAS,UOR_HOLIDAY,WDW_HOLIDAY",HOLIDAYS,,,0,,SUMMER,early dec; holiday season; EPCOT Holidays; Brazil summer,,rules,2026-09-13T06:17:30+00:00
2028-12-20,Wed,2,WEEKDAY,0,51,12,Dec,20,355,4,2028,EARLY_DEC,,,0,0,0,0,0,CHRISTMAS,-5,5,Christmas Day,27,Thanksgiving Day,HOLIDAY_SEASON,"SEA_CHRISTMAS,UOR_HOLIDAY,WDW_HOLIDAY",HOLIDAYS,WINTER,"NE,SOUTH,MIDWEST,WEST,FL",0,CHRISTMAS,SUMMER,early dec; holiday season; EPCOT Holidays; US school winter; UK christmas; Brazil summer,,rules,2026-09-13T06:17:30+00:00
2028-12-21,Thu,3,WEEKDAY,0,51,12,Dec,21,356,4,2028,CHRISTMAS_PEAK,,,0,0,0,0,0,CHRISTMAS,-4,4,Christmas Day,28,Thanksgiving Day,HOLIDAY_SEASON,"SEA_CHRISTMAS,UOR_HOLIDAY,WDW_HOLIDAY",HOLIDAYS,WINTER,"NE,SOUTH,MIDWEST,WEST,FL",0,CHRISTMAS,SUMMER,christmas peak; holiday season; EPCOT Holidays; US school winter; UK christmas; Brazil summer,,rules,2026-09-13T06:17:30+00:00
2028-12-22,Fri,4,FRI,0,51,12,Dec,22,357,4,2028,CHRISTMAS_PEAK,,,0,0,0,1,0,CHRISTMAS,-3,3,Christmas Day,29,Thanksgiving Day,HOLIDAY_SEASON,"SEA_CHRISTMAS,UOR_HOLIDAY,WDW_HOLIDAY",HOLIDAYS,WINTER,"NE,SOUTH,MIDWEST,WEST,FL",0,CHRISTMAS,SUMMER,long weekend; christmas peak; holiday season; EPCOT Holidays; US school winter; UK christmas; Brazil summer,,rules,2026-09-13T06:17:30+00:00
2028-12-23,Sat,5,SAT,1,51,12,Dec,23,358,4,2028,CHRISTMAS_PEAK,,,0,0,0,1,0,CHRISTMAS,-2,2,Christmas Day,30,Thanksgiving Day,HOLIDAY_SEASON,"SEA_CHRISTMAS,UOR_HOLIDAY,WDW_HOLIDAY",HOLIDAYS,WINTER,"NE,SOUTH,MIDWEST,WEST,FL",0,CHRISTMAS,SUMMER,long weekend; christmas peak; holiday season; EPCOT Holidays; US school winter; UK christmas; Brazil summer,,rules,2026-09-13T06:17:30+00:00
2028-12-24,Sun,6,SUN,1,51,12,Dec,24,359,4,2028,CHRISTMAS_PEAK,,,0,1,0,1,0,CHRISTMAS,-1,1,Christmas Day,31,Thanksgiving Day,HOLIDAY_SEASON,"SEA_CHRISTMAS,UOR_HOLIDAY,WDW_HOLIDAY",HOLIDAYS,WINTER,"NE,SOUTH,MIDWEST,WEST,FL",0,CHRISTMAS,SUMMER,long weekend; christmas peak; holiday season; EPCOT Holidays; US school winter; UK christmas; Brazil summer,,rules,2026-09-13T06:17:30+00:00
2028-12-25,Mon,0,WEEKDAY,0,52,12,Dec,25,360,4,2028,CHRISTMAS_PEAK,Christmas Day,federal,1,0,0,1,0,CHRISTMAS,0,7,New Year's Day,32,Thanksgiving Day,HOLIDAY_SEASON,"SEA_CHRISTMAS,UOR_HOLIDAY,WDW_HOLIDAY",HOLIDAYS,WINTER,"NE,SOUTH,MIDWEST,WEST,FL",0,CHRISTMAS,SUMMER,Christmas Day; christmas peak; holiday season; EPCOT Holidays; US school winter; UK christmas; Brazil summer,,rules,2026-09-13T06:17:30+00:00
2028-12-26,Tue,1,WEEKDAY,0,52,12,Dec,26,361,4,2028,CHRISTMAS_PEAK,,,0,0,1,0,0,CHRISTMAS,1,6,New Year's Day,1,Christmas Day,HOLIDAY_SEASON,"SEA_CHRISTMAS,UOR_HOLIDAY,WDW_HOLIDAY",HOLIDAYS,WINTER,"NE,SOUTH,MIDWEST,WEST,FL",0,CHRISTMAS,SUMMER,christmas peak; holiday season; EPCOT Holidays; US school winter; UK christmas; Brazil summer,,rules,2026-09-13T06:17:30+00:00
2028-12-27,Wed,2,WEEKDAY,0,52,12,Dec,27,362,4,2028,CHRISTMAS_PEAK,,,0,0,0,0,0,CHRISTMAS,2,5,New Year's Day,2,Christmas Day,HOLIDAY_SEASON,"SEA_CHRISTMAS,UOR_HOLIDAY,WDW_HOLIDAY",HOLIDAYS,WINTER,"NE,SOUTH,MIDWEST,WEST,FL",0,CHRISTMAS,SUMMER,christmas peak; holiday season; EPCOT Holidays; US school winter; UK christmas; Brazil summer,,rules,2026-09-13T06:17:30+00:00
2028-12-28,Thu,3,WEEKDAY,0,52,12,Dec,28,363,4,2028,CHRISTMAS_PEAK,,,0,0,0,0,0,CHRISTMAS,3,4,New Year's Day,3,Christmas Day,HOLIDAY_SEASON,"SEA_CHRISTMAS,UOR_HOLIDAY,WDW_HOLIDAY",HOLIDAYS,WINTER,"NE,SOUTH,MIDWEST,WEST,FL",0,CHRISTMAS,SUMMER,christmas peak; holiday season; EPCOT Holidays; US school winter; UK christmas; Brazil summer,,rules,2026-09-13T06:17:30+00:00
2028-12-29,Fri,4,FRI,0,52,12,Dec,29,364,4,2028,NYE,,,0,0,0,1,0,NEW_YEAR,-3,3,New Year's Day,4,Christmas Day,HOLIDAY_SEASON,"SEA_CHRISTMAS,UOR_HOLIDAY,WDW_HOLIDAY",HOLIDAYS,WINTER,"NE,SOUTH,MIDWEST,WEST,FL",0,CHRISTMAS,SUMMER,long weekend; nye; holiday season; EPCOT Holidays; US school winter; UK christmas; Brazil summer,,rules,2026-09-13T06:17:30+00:00
2028-12-30,Sat,5,SAT,1,52,12,Dec,30,365,4,2028,NYE,,,0,0,0,1,0,NEW_YEAR,-2,2,New Year's Day,5,Christmas Day,HOLIDAY_SEASON,"SEA_CHRISTMAS,UOR_HOLIDAY,WDW_HOLIDAY",HOLIDAYS,WINTER,"NE,SOUTH,MIDWEST,WEST,FL",0,CHRISTMAS,SUMMER,long weekend; nye; holiday season; EPCOT Holidays; US school winter; UK christmas; Brazil summer,,rules,2026-09-13T06:17:30+00:00
2028-12-31,Sun,6,SUN,1,52,12,Dec,31,366,4,2028,NYE,,,0,1,0,1,0,NEW_YEAR,-1,1,New Year's Day,6,Christmas Day,HOLIDAY_SEASON,"SEA_CHRISTMAS,UOR_HOLIDAY,WDW_HOLIDAY",,WINTER,"NE,SOUTH,MIDWEST,WEST,FL",0,CHRISTMAS,SUMMER,long weekend; nye; holiday season; US school winter; UK christmas; Brazil summer,,rules,2026-09-13T06:17:30+00:00
2029-01-01,Mon,0,WEEKDAY,0,1,1,Jan,1,1,1,2029,NYE,New Year's Day,federal,1,0,0,1,0,NEW_YEAR,0,14,Martin Luther King Jr. Day,7,Christmas Day,HOLIDAY_SEASON,UOR_HOLIDAY,,WINTER,"NE,SOUTH,MIDWEST,WEST,FL",0,CHRISTMAS,SUMMER,New Year's Day; nye; holiday season; US school winter; UK christmas; Brazil summer,,rules,2026-09-13T06:17:30+00:00
2029-01-02,Tue,1,WEEKDAY,0,1,1,Jan,2,2,1,2029,REGULAR,,,0,0,1,0,0,NEW_YEAR,1,13,Martin Luther King Jr. Day,1,New Year's Day,HOLIDAY_SEASON,UOR_HOLIDAY,,WINTER,"NE,SOUTH,MIDWEST,WEST,FL",0,CHRISTMAS,SUMMER,holiday season; US school winter; UK christmas; Brazil summer,,rules,2026-09-13T06:17:30+00:00
2029-01-03,Wed,2,WEEKDAY,0,1,1,Jan,3,3,1,2029,REGULAR,,,0,0,0,0,0,NEW_YEAR,2,12,Martin Luther King Jr. Day,2,New Year's Day,HOLIDAY_SEASON,UOR_HOLIDAY,,WINTER,"NE,SOUTH,MIDWEST,WEST,FL",0,,SUMMER,holiday season; US school winter; Brazil summer,,rules,2026-09-13T06:17:30+00:00
2029-01-04,Thu,3,WEEKDAY,0,1,1,Jan,4,4,1,2029,REGULAR,,,0,0,0,0,0,NEW_YEAR,3,11,Martin Luther King Jr. Day,3,New Year's Day,HOLIDAY_SEASON,UOR_HOLIDAY,,,,0,,SUMMER,holiday season; Brazil summer,,rules,2026-09-13T06:17:30+00:00
2029-01-05,Fri,4,FRI,0,1,1,Jan,5,5,1,2029,REGULAR,,,0,0,0,0,0,NEW_YEAR,4,10,Martin Luther King Jr. Day,4,New Year's Day,,WDW_AFTERHOURS,,,,0,,SUMMER,Brazil summer,,rules,2026-09-13T06:17:30+00:00
2029-01-06,Sat,5,SAT,1,1,1,Jan,6,6,1,2029,JAN_LULL,,,0,0,0,0,0,NEW_YEAR,5,9,Martin Luther King Jr. Day,5,New Year's Day,,WDW_AFTERHOURS,,,,0,,SUMMER,jan lull; Brazil summer,,rules,2026-09-13T06:17:30+00:00
2029-01-07,Sun,6,SUN,1,1,1,Jan,7,7,1,2029,JAN_LULL,,,0,0,0,0,0,NEW_YEAR,6,8,Martin Luther King Jr. Day,6,New Year's Day,,WDW_AFTERHOURS,,,,0,,SUMMER,jan lull; Brazil summer,,rules,2026-09-13T06:17:30+00:00
2029-01-08,Mon,0,WEEKDAY,0,2,1,Jan,8,8,1,2029,JAN_LULL,,,0,0,0,0,0,NEW_YEAR,7,7,Martin Luther King Jr. Day,7,New Year's Day,,WDW_AFTERHOURS,,,,0,,SUMMER,jan lull; Brazil summer,,rules,2026-09-13T06:17:30+00:00
2029-01-09,Tue,1,WEEKDAY,0,2,1,Jan,9,9,1,2029,JAN_LULL,,,0,0,0,0,0,MLK,-6,6,Martin Luther King Jr. Day,8,New Year's Day,,WDW_AFTERHOURS,,,,0,,SUMMER,jan lull; Brazil summer,,rules,2026-09-13T06:17:30+00:00
2029-01-10,Wed,2,WEEKDAY,0,2,1,Jan,10,10,1,2029,JAN_LULL,,,0,0,0,0,0,MLK,-5,5,Martin Luther King Jr. Day,9,New Year's Day,,WDW_AFTERHOURS,,,,0,,SUMMER,jan lull; Brazil summer,,rules,2026-09-13T06:17:30+00:00
2029-01-11,Thu,3,WEEKDAY,0,2,1,Jan,11,11,1,2029,JAN_LULL,,,0,0,0,0,0,MLK,-4,4,Martin Luther King Jr. Day,10,New Year's Day,,WDW_AFTERHOURS,,,,0,,SUMMER,jan lull; Brazil summer,,rules,2026-09-13T06:17:30+00:00
2029-01-12,Fri,4,FRI,0,2,1,Jan,12,12,1,2029,MLK_WKND,,,0,0,0,1,0,MLK,-3,3,Martin Luther King Jr. Day,11,New Year's Day,,WDW_AFTERHOURS,,,,0,,SUMMER,long weekend; mlk wknd; Brazil summer,,rules,2026-09-13T06:17:30+00:00
2029-01-13,Sat,5,SAT,1,2,1,Jan,13,13,1,2029,MLK_WKND,,,0,0,0,1,0,MLK,-2,2,Martin Luther King Jr. Day,12,New Year's Day,,WDW_AFTERHOURS,,,,0,,SUMMER,long weekend; mlk wknd; Brazil summer,,rules,2026-09-13T06:17:30+00:00
2029-01-14,Sun,6,SUN,1,2,1,Jan,14,14,1,2029,MLK_WKND,,,0,1,0,1,0,MLK,-1,1,Martin Luther King Jr. Day,13,New Year's Day,,WDW_AFTERHOURS,ARTS,,,0,,SUMMER,long weekend; mlk wknd; EPCOT Arts; Brazil summer,,rules,2026-09-13T06:17:30+00:00
2029-01-15,Mon,0,WEEKDAY,0,3,1,Jan,15,15,1,2029,MLK_WKND,Martin Luther King Jr. Day,federal,1,0,0,1,0,MLK,0,35,Washington's Birthday,14,New Year's Day,,WDW_AFTERHOURS,ARTS,,,0,,SUMMER,Martin Luther King Jr. Day; mlk wknd; EPCOT Arts; Brazil summer,,rules,2026-09-13T06:17:30+00:00
2029-01-16,Tue,1,WEEKDAY,0,3,1,Jan,16,16,1,2029,JAN_LULL,,,0,0,1,0,0,MLK,1,34,Washington's Birthday,1,Martin Luther King Jr. Day,,WDW_AFTERHOURS,ARTS,,,0,,SUMMER,jan lull; EPCOT Arts; Brazil summer,,rules,2026-09-13T06:17:30+00:00
2029-01-17,Wed,2,WEEKDAY,0,3,1,Jan,17,17,1,2029,JAN_LULL,,,0,0,0,0,0,MLK,2,33,Washington's Birthday,2,Martin Luther King Jr. Day,,WDW_AFTERHOURS,ARTS,,,0,,SUMMER,jan lull; EPCOT Arts; Brazil summer,,rules,2026-09-13T06:17:30+00:00
2029-01-18,Thu,3,WEEKDAY,0,3,1,Jan,18,18,1,2029,JAN_LULL,,,0,0,0,0,0,MLK,3,32,Washington's Birthday,3,Martin Luther King Jr. Day,,WDW_AFTERHOURS,ARTS,,,0,,SUMMER,jan lull; EPCOT Arts; Brazil summer,,rules,2026-09-13T06:17:30+00:00
2029-01-19,Fri,4,FRI,0,3,1,Jan,19,19,1,2029,JAN_LULL,,,0,0,0,0,0,MLK,4,31,Washington's Birthday,4,Martin Luther King Jr. Day,,WDW_AFTERHOURS,ARTS,,,0,,SUMMER,jan lull; EPCOT Arts; Brazil summer,,rules,2026-09-13T06:17:30+00:00
2029-01-20,Sat,5,SAT,1,3,1,Jan,20,20,1,2029,JAN_LULL,,,0,0,0,0,0,MLK,5,30,Washington's Birthday,5,Martin Luther King Jr. Day,,WDW_AFTERHOURS,ARTS,,,0,,SUMMER,jan lull; EPCOT Arts; Brazil summer,,rules,2026-09-13T06:17:30+00:00
2029-01-21,Sun,6,SUN,1,3,1,Jan,21,21,1,2029,JAN_LULL,,,0,0,0,0,0,MLK,6,29,Washington's Birthday,6,Martin Luther King Jr. Day,,WDW_AFTERHOURS,ARTS,,,0,,SUMMER,jan lull; EPCOT Arts; Brazil summer,,rules,2026-09-13T06:17:30+00:00
2029-01-22,Mon,0,WEEKDAY,0,4,1,Jan,22,22,1,2029,JAN_LULL,,,0,0,0,0,0,MLK,7,28,Washington's Birthday,7,Martin Luther King Jr. Day,,WDW_AFTERHOURS,ARTS,,,0,,SUMMER,jan lull; EPCOT Arts; Brazil summer,,rules,2026-09-13T06:17:30+00:00
2029-01-23,Tue,1,WEEKDAY,0,4,1,Jan,23,23,1,2029,JAN_LULL,,,0,0,0,0,0,MLK,8,27,Washington's Birthday,8,Martin Luther King Jr. Day,,WDW_AFTERHOURS,ARTS,,,0,,SUMMER,jan lull; EPCOT Arts; Brazil summer,,rules,2026-09-13T06:17:30+00:00
2029-01-24,Wed,2,WEEKDAY,0,4,1,Jan,24,24,1,2029,JAN_LULL,,,0,0,0,0,0,MLK,9,26,Washington's Birthday,9,Martin Luther King Jr. Day,,WDW_AFTERHOURS,ARTS,,,0,,SUMMER,jan lull; EPCOT Arts; Brazil summer,,rules,2026-09-13T06:17:30+00:00
2029-01-25,Thu,3,WEEKDAY,0,4,1,Jan,25,25,1,2029,JAN_LULL,,,0,0,0,0,0,MLK,10,25,Washington's Birthday,10,Martin Luther King Jr. Day,,WDW_AFTERHOURS,ARTS,,,0,,SUMMER,jan lull; EPCOT Arts; Brazil summer,,rules,2026-09-13T06:17:30+00:00
2029-01-26,Fri,4,FRI,0,4,1,Jan,26,26,1,2029,JAN_LULL,,,0,0,0,0,0,,,24,Washington's Birthday,11,Martin Luther King Jr. Day,,WDW_AFTERHOURS,ARTS,,,0,,SUMMER,jan lull; EPCOT Arts; Brazil summer,,rules,2026-09-13T06:17:30+00:00
2029-01-27,Sat,5,SAT,1,4,1,Jan,27,27,1,2029,JAN_LULL,,,0,0,0,0,0,,,23,Washington's Birthday,12,Martin Luther King Jr. Day,,WDW_AFTERHOURS,ARTS,,,0,,SUMMER,jan lull; EPCOT Arts; Brazil summer,,rules,2026-09-13T06:17:30+00:00
2029-01-28,Sun,6,SUN,1,4,1,Jan,28,28,1,2029,JAN_LULL,,,0,0,0,0,0,,,22,Washington's Birthday,13,Martin Luther King Jr. Day,,WDW_AFTERHOURS,ARTS,,,0,,SUMMER,jan lull; EPCOT Arts; Brazil summer,,rules,2026-09-13T06:17:30+00:00
2029-01-29,Mon,0,WEEKDAY,0,5,1,Jan,29,29,1,2029,JAN_LULL,,,0,0,0,0,0,,,21,Washington's Birthday,14,Martin Luther King Jr. Day,,WDW_AFTERHOURS,ARTS,,,0,,SUMMER,jan lull; EPCOT Arts; Brazil summer,,rules,2026-09-13T06:17:30+00:00
2029-01-30,Tue,1,WEEKDAY,0,5,1,Jan,30,30,1,2029,JAN_LULL,,,0,0,0,0,0,,,20,Washington's Birthday,15,Martin Luther King Jr. Day,,WDW_AFTERHOURS,ARTS,,,0,,SUMMER,jan lull; EPCOT Arts; Brazil summer,,rules,2026-09-13T06:17:30+00:00
2029-01-31,Wed,2,WEEKDAY,0,5,1,Jan,31,31,1,2029,JAN_LULL,,,0,0,0,0,0,,,19,Washington's Birthday,16,Martin Luther King Jr. Day,,WDW_AFTERHOURS,ARTS,,,0,,SUMMER,jan lull; EPCOT Arts; Brazil summer,,rules,2026-09-13T06:17:30+00:00
